-- Table RBAC_USERS
INSERT INTO `RBAC_USERS` (`USR_UID`, `USR_USERNAME`, `USR_PASSWORD`, `USR_FIRSTNAME`, `USR_LASTNAME`, `USR_EMAIL`, `USR_DUE_DATE`, `USR_CREATE_DATE`, `USR_UPDATE_DATE`, `USR_STATUS`, `USR_AUTH_TYPE`, `UID_AUTH_SOURCE`, `USR_AUTH_USER_DN`, `USR_AUTH_SUPERVISOR_DN`) VALUES
('1386773495da679a2dc6982014573595', 'craig.wilkinson', '28efb68dcba507ecd182bead31e4e2d159b0f9185861d1ebfe60a12dfb310300', 'Craig', 'Wilkinson', 'craig.wilkinson@knauf.com.au', '2020-10-16', '2019-10-16 02:00:02', '2019-10-16 02:00:02', 1, '', '', '', ''),
('1791466125da682af8dd018063128845', 'mark.hutchison', '28efb68dcba507ecd182bead31e4e2d159b0f9185861d1ebfe60a12dfb310300', 'Mark', 'Hutchinson', 'mark.hutchison@knauf.com.au', '2020-10-16', '2019-10-16 02:38:39', '2019-10-16 02:38:39', 1, '', '', '', ''),
('1796483685da67cd7c463a2039276070', 'malcom.burkby', '28efb68dcba507ecd182bead31e4e2d159b0f9185861d1ebfe60a12dfb310300', 'Malcolm', 'Burkby', 'malcolm.burkby@knauf.com.au', '2020-10-16', '2019-10-16 02:13:43', '2019-10-16 02:13:43', 1, '', '', '', ''),
('1838388015d8c32e3cf06a3047133942', 'guoyan.fu', 'af2bdbe1aa9b6ec1e2ade1d694f41fc71a831d0268e9891562113d8a62add1bf', 'Guoyan', 'Fu', 'fuguoyan@mail.knauf.com.cn', '2020-09-26', '2019-09-26 03:39:15', '2019-09-26 03:39:15', 1, '', '', '', ''),
('2139438985da67f0c7b6e08056718790', 'phil.renwick', '28efb68dcba507ecd182bead31e4e2d159b0f9185861d1ebfe60a12dfb310300', 'Phil', 'Renwick', 'Phil.Renwick@Knauf.com.au', '2020-10-16', '2019-10-16 02:23:08', '2019-10-16 02:23:08', 1, '', '', '', ''),
('2215831685da681087830d4061666754', 'alfons.montebello', '28efb68dcba507ecd182bead31e4e2d159b0f9185861d1ebfe60a12dfb310300', 'Alfons', 'Montebello', 'alfons.montebello@knauf.com.au', '2020-10-16', '2019-10-16 02:31:36', '2019-10-16 02:31:36', 1, '', '', '', ''),
('2316337335da67f4e5ece70022849695', 'stewart.keen', '28efb68dcba507ecd182bead31e4e2d159b0f9185861d1ebfe60a12dfb310300', 'Stewart', 'Keen', 'stewart.keen@knauf.com.au', '2020-10-16', '2019-10-16 02:24:14', '2019-10-16 02:24:14', 1, '', '', '', ''),
('2323737065da67c85a35390083336860', 'justin.weier', '28efb68dcba507ecd182bead31e4e2d159b0f9185861d1ebfe60a12dfb310300', 'Justin', 'Weier', 'justin.weier@knauf.com.au', '2020-10-16', '2019-10-16 02:12:21', '2019-10-16 02:12:21', 1, '', '', '', ''),
('2381908305d899619115686069376368', 'tao.ning', 'af2bdbe1aa9b6ec1e2ade1d694f41fc71a831d0268e9891562113d8a62add1bf', 'Tao', 'Ning', 'ningtao@mail.knauf.com.cn', '2020-09-24', '2019-09-24 04:05:45', '2019-09-24 04:05:45', 1, '', '', '', ''),
('2601324285da67a6a730e37035210046', 'shailesh.pathak', '28efb68dcba507ecd182bead31e4e2d159b0f9185861d1ebfe60a12dfb310300', 'Shailesh', 'Pathak', 'shailesh.pathak@knauf.com.au', '2020-10-16', '2019-10-16 02:03:22', '2019-10-16 02:03:22', 1, '', '', '', ''),
('3173011715d8c1e9e123911076914764', 'liu.tong', 'af2bdbe1aa9b6ec1e2ade1d694f41fc71a831d0268e9891562113d8a62add1bf', 'Liu', 'Tong', 'liutong@mail.knauf.com.cn', '2020-09-26', '2019-09-26 02:12:46', '2019-09-26 02:12:46', 1, '', '', '', ''),
('3553682275d8c30caa5c0c1099848350', 'yin.xu', 'af2bdbe1aa9b6ec1e2ade1d694f41fc71a831d0268e9891562113d8a62add1bf', 'Yin', 'Xu', 'xuyin@mail.knauf.com.cn', '2020-09-26', '2019-09-26 03:30:18', '2019-09-26 03:30:18', 1, '', '', '', ''),
('3578277445da67c41e92b23066508588', 'silvia.lima', '28efb68dcba507ecd182bead31e4e2d159b0f9185861d1ebfe60a12dfb310300', 'Silvia', 'Lima', 'Silvia.Lima@Knauf.com.au', '2020-10-16', '2019-10-16 02:11:13', '2019-10-16 02:11:13', 1, '', '', '', ''),
('3331645055da681b837ef29023967870', 'joe.mori', '28efb68dcba507ecd182bead31e4e2d159b0f9185861d1ebfe60a12dfb310300', 'Joe', 'Mori', 'joe.mori@knauf.com.au', '2020-10-16', '2019-10-16 02:34:32', '2019-10-16 02:34:32', 1, '', '', '', ''),
('1195111405da67b3f6a9dd3016852310', 'etienne.dalton', '28efb68dcba507ecd182bead31e4e2d159b0f9185861d1ebfe60a12dfb310300', 'Etienne', 'Dalton', 'Etienne.Dalton@Knauf.com.au', '2020-10-16', '2019-10-16 02:06:55', '2019-10-16 02:06:55', 1, '', '', '', ''),
('1460308585da67ea5309936097772495', 'russell.raihan', '28efb68dcba507ecd182bead31e4e2d159b0f9185861d1ebfe60a12dfb310300', 'Russell', 'Raihan', 'russell.raihan@knauf.com.au', '2020-10-16', '2019-10-16 02:21:25', '2019-10-16 02:21:25', 1, '', '', '', ''),
('1520478115da67cfb133725001755698', 'adam.brown', '28efb68dcba507ecd182bead31e4e2d159b0f9185861d1ebfe60a12dfb310300', 'Adam', 'Brown', 'adam.brown@knauf.com.au', '2020-10-16', '2019-10-16 02:14:19', '2019-10-16 02:14:19', 1, '', '', '', ''),
('1533589575d8c3397596d60048023472', 'hua.fang', 'af2bdbe1aa9b6ec1e2ade1d694f41fc71a831d0268e9891562113d8a62add1bf', 'Hua', 'Fang', 'fanghua@mail.knauf.com.cn', '2020-09-26', '2019-09-26 03:42:15', '2019-09-26 03:42:15', 1, '', '', '', ''),
('1540739385da67e252eb1a5041375711', 'brett.locke', '28efb68dcba507ecd182bead31e4e2d159b0f9185861d1ebfe60a12dfb310300', 'Brett', 'Locke', 'Brett.Locke@Knauf.com.au', '2020-10-16', '2019-10-16 02:19:17', '2019-10-16 02:19:17', 1, '', '', '', ''),
('1665864385da68244896b23012883557', 'peter.rodgers', '28efb68dcba507ecd182bead31e4e2d159b0f9185861d1ebfe60a12dfb310300', 'Peter', 'Rodgers', 'peter.rodgers@knauf.com.au', '2020-10-16', '2019-10-16 02:36:52', '2019-10-16 02:36:52', 1, '', '', '', ''),
('1726009895da67a3b39cdf3044164128', 'diem.nguyen', '28efb68dcba507ecd182bead31e4e2d159b0f9185861d1ebfe60a12dfb310300', 'Diem', 'Nguyen', 'diem.nguyen@knauf.com.au', '2020-10-16', '2019-10-16 02:02:35', '2019-10-16 02:02:35', 1, '', '', '', ''),
('2074846145d8c312805b846015816119', 'sheng.wei', 'af2bdbe1aa9b6ec1e2ade1d694f41fc71a831d0268e9891562113d8a62add1bf', 'Sheng', 'Wei', 'weisheng@mail.knauf.com.cn', '2020-09-26', '2019-09-26 03:31:52', '2019-09-26 04:25:18', 1, '', '', '', ''),
('2085756345d8c33d2b783f6053895586', 'zhenyong.liu', 'af2bdbe1aa9b6ec1e2ade1d694f41fc71a831d0268e9891562113d8a62add1bf', 'Zhenyong', 'Liu', 'liuzhenyong@mail.knauf.com.cn', '2020-09-26', '2019-09-26 03:43:14', '2019-09-26 03:43:14', 1, '', '', '', ''),
('2771927115da67c5f2d03b2019228248', 'jose.motato', '28efb68dcba507ecd182bead31e4e2d159b0f9185861d1ebfe60a12dfb310300', 'Jose', 'Motato Londono', 'Jose.Motato@Knauf.com.au', '2020-10-16', '2019-10-16 02:11:43', '2019-10-16 02:11:43', 1, '', '', '', ''),
('2803150955da67fb36f88d3083119520', 'mo.chahal', '28efb68dcba507ecd182bead31e4e2d159b0f9185861d1ebfe60a12dfb310300', 'Mo', 'Chahal', 'mo.chahal@knauf.com.au', '2020-10-16', '2019-10-16 02:25:55', '2019-10-16 02:25:55', 1, '', '', '', ''),
('3824924435da681fab0b2e6095393904', 'michael.thomas', '28efb68dcba507ecd182bead31e4e2d159b0f9185861d1ebfe60a12dfb310300', 'Michael', 'Thomas', 'michael.thomas@knauf.com.au', '2020-10-16', '2019-10-16 02:35:38', '2019-10-16 02:35:38', 1, '', '', '', ''),
('3836525225d89d77abced44087377857', 'qiang.wang', 'af2bdbe1aa9b6ec1e2ade1d694f41fc71a831d0268e9891562113d8a62add1bf', 'Qiang', 'Wang', 'wangqiang@mail.knauf.com.cn', '2020-09-24', '2019-09-24 08:44:42', '2019-09-24 08:44:42', 1, '', '', '', ''),
('3944011005d88cd51913149014356219', '', 'af2bdbe1aa9b6ec1e2ade1d694f41fc71a831d0268e9891562113d8a62add1bf', 'Xiao', 'Zhang', 'zhangxiao@mail.knauf.com.cn', '2020-09-23', '2019-09-23 13:49:05', '2019-09-23 13:49:05', 0, '', '', '', ''),
('3957166655da67d1a69f7b6027736960', 'neil.carlish', '28efb68dcba507ecd182bead31e4e2d159b0f9185861d1ebfe60a12dfb310300', 'Neil', 'Carlish', 'neil.carlish@knauf.com.au', '2020-10-16', '2019-10-16 02:14:50', '2019-10-16 02:14:50', 1, '', '', '', ''),
('3987780125d89955fa385e3001148799', 'yong.chen', '8d969eef6ecad3c29a3a629280e686cf0c3f5d5a86aff3ca12020c923adc6c92', 'Yong', 'Chen', 'chenyong@mail.knauf.com.cn', '2020-09-24', '2019-09-24 04:02:39', '2019-09-25 02:08:50', 1, '', '', '', ''),
('4056534755da6803f0eb862018477646', 'andrew.young', '28efb68dcba507ecd182bead31e4e2d159b0f9185861d1ebfe60a12dfb310300', 'Andrew', 'Young', 'andrew.young@knauf.com.au', '2020-10-16', '2019-10-16 02:28:15', '2019-10-16 02:28:15', 1, '', '', '', ''),
('4069563405d8c37d43453a5016485401', 'ziqiao.ye', 'af2bdbe1aa9b6ec1e2ade1d694f41fc71a831d0268e9891562113d8a62add1bf', 'Ziqiao', 'Ye', 'yeziqiao@mail.knauf.com.cn', '2020-09-26', '2019-09-26 04:00:20', '2019-09-26 04:00:20', 1, '', '', '', ''),
('4242841965d896ed7f24a04017033985', 'hongan.ren', '7fe470043b318dba7e07b86d0a910f180ad806bd23dd3ace9b9910c36f0cfb8a', 'Hongan', 'Ren', 'renhongan@mail.knauf.com.cn', '2020-09-24', '2019-09-24 01:18:15', '2019-09-25 02:07:44', 1, '', '', '', ''),
('4263232775da67b0bea0001091259927', 'katrina.bale', '28efb68dcba507ecd182bead31e4e2d159b0f9185861d1ebfe60a12dfb310300', 'Katrina', 'Bale', 'katrina.bale@knauf.com.au', '2020-10-16', '2019-10-16 02:06:03', '2019-10-16 02:06:03', 1, '', '', '', ''),
('4335124725da67e028a8c08040348247', 'sharon.brailey', '28efb68dcba507ecd182bead31e4e2d159b0f9185861d1ebfe60a12dfb310300', 'Sharon', 'Brailey', 'sharon.brailey@knauf.com.au', '2020-10-16', '2019-10-16 02:18:42', '2019-10-16 02:18:42', 1, '', '', '', ''),
('4419754665da6821f65f300080642637', 'michael.holding', '28efb68dcba507ecd182bead31e4e2d159b0f9185861d1ebfe60a12dfb310300', 'Michael', 'Holding', 'Michael.Holding@Knauf.com.au', '2020-10-16', '2019-10-16 02:36:15', '2019-10-16 02:36:15', 1, '', '', '', ''),
('4450615135da67f6c951ac0072299981', 'george.moawad', '28efb68dcba507ecd182bead31e4e2d159b0f9185861d1ebfe60a12dfb310300', 'George', 'Moawad', 'George.Moawad@Knauf.com.au', '2020-10-16', '2019-10-16 02:24:44', '2019-10-16 02:24:44', 1, '', '', '', ''),
('4590248685da67ff688b276026450711', 'dean.piper', '28efb68dcba507ecd182bead31e4e2d159b0f9185861d1ebfe60a12dfb310300', 'Dean', 'Piper', 'Dean.Piper@Knauf.com.au', '2020-10-16', '2019-10-16 02:27:02', '2019-10-16 02:27:02', 1, '', '', '', ''),
('4709776055da68196293250000821510', 'george.mamic', '28efb68dcba507ecd182bead31e4e2d159b0f9185861d1ebfe60a12dfb310300', 'George', 'Mamic', 'george.mamic@knauf.com.au', '2020-10-16', '2019-10-16 02:33:58', '2019-10-16 02:33:58', 1, '', '', '', ''),
('4779217155d89d65006bad3086274590', 'jianqiang.wang', 'af2bdbe1aa9b6ec1e2ade1d694f41fc71a831d0268e9891562113d8a62add1bf', 'Jianqiang', 'Wang', 'wangjianqiang@mail.knauf.com.cn', '2020-09-24', '2019-09-24 08:39:44', '2019-09-24 08:39:44', 1, '', '', '', ''),
('4814003185d8c2fd310c5b2001484733', 'xiangyu.luo', 'af2bdbe1aa9b6ec1e2ade1d694f41fc71a831d0268e9891562113d8a62add1bf', 'Xiangyu', 'Luo', 'luoxiangyu@mail.knauf.com.cn', '2020-09-26', '2019-09-26 03:26:11', '2019-09-26 03:26:11', 1, '', '', '', ''),
('4947513325d8c376d6b3dd6059801750', 'jingyu.wang', 'af2bdbe1aa9b6ec1e2ade1d694f41fc71a831d0268e9891562113d8a62add1bf', 'Jingyu', 'Wang', 'wangjingyu@mail.knauf.com.cn', '2020-09-26', '2019-09-26 03:58:37', '2019-09-26 03:58:37', 1, '', '', '', ''),
('4952935735da67ec5eb0410083504192', 'chris.williams', '28efb68dcba507ecd182bead31e4e2d159b0f9185861d1ebfe60a12dfb310300', 'Chris', 'Williams', 'chris.williams@knauf.com.au', '2020-10-16', '2019-10-16 02:21:57', '2019-10-16 02:21:57', 1, '', '', '', ''),
('5031433015d89d507f16c16065285438', 'zhengfeng.sun', 'af2bdbe1aa9b6ec1e2ade1d694f41fc71a831d0268e9891562113d8a62add1bf', 'Zhengfeng', 'Sun', 'sunzhengfeng@mail.knauf.com.cn', '2020-09-24', '2019-09-24 08:34:15', '2019-09-24 08:34:15', 1, '', '', '', ''),
('5139881255d8c317d757932057263503', 'jiangen.hu', 'af2bdbe1aa9b6ec1e2ade1d694f41fc71a831d0268e9891562113d8a62add1bf', 'Jiangen', 'Hu', 'hujiangen@mail.knauf.com.cn', '2020-09-26', '2019-09-26 03:33:17', '2019-09-26 03:33:17', 1, '', '', '', ''),
('5346289105d8c36d8387457088887490', 'jingjun.zhang', 'af2bdbe1aa9b6ec1e2ade1d694f41fc71a831d0268e9891562113d8a62add1bf', 'Jingjun', 'Zhang', 'zhangjingjun@mail.knauf.com.cn', '2020-09-26', '2019-09-26 03:56:08', '2019-09-26 03:56:08', 1, '', '', '', ''),
('5456659515da67ee69c18b8068991402', 'steve.james', '28efb68dcba507ecd182bead31e4e2d159b0f9185861d1ebfe60a12dfb310300', 'Steve', 'James', 'steve.james@knauf.com.au', '2020-10-16', '2019-10-16 02:22:30', '2019-10-16 02:22:30', 1, '', '', '', ''),
('5500384265d896e69d56754013129235', 'jiaoyue.wu', '8d969eef6ecad3c29a3a629280e686cf0c3f5d5a86aff3ca12020c923adc6c92', 'Jiaoyue', 'Wu', 'wujiaoyue@mail.knauf.com.cn', '2020-09-24', '2019-09-24 01:16:25', '2019-09-25 02:07:59', 1, '', '', '', ''),
('5630526805da67b63b08b73056239136', 'kristin.gibbs', '28efb68dcba507ecd182bead31e4e2d159b0f9185861d1ebfe60a12dfb310300', 'Kristin', 'Gibbs', 'kristin.gibbs@knauf.com.au', '2020-10-16', '2019-10-16 02:07:31', '2019-10-16 02:07:31', 1, '', '', '', ''),
('5650984815d8c369150ca96032709671', 'changjun.bi', 'af2bdbe1aa9b6ec1e2ade1d694f41fc71a831d0268e9891562113d8a62add1bf', 'Changjun', 'Bi', 'bichangjun@mail.knauf.com.cn', '2020-09-26', '2019-09-26 03:54:57', '2019-09-26 03:54:57', 1, '', '', '', ''),
('5728128025d899509707c12011854138', 'xiaochao.gong', '8d969eef6ecad3c29a3a629280e686cf0c3f5d5a86aff3ca12020c923adc6c92', 'Xiaochao', 'Gong', 'gongxiaochao@mail.knauf.com.cn', '2020-09-24', '2019-09-24 04:01:13', '2019-09-25 07:35:25', 1, '', '', '', ''),
('5906980245da68286204636054977111', 'anna.bayder', '28efb68dcba507ecd182bead31e4e2d159b0f9185861d1ebfe60a12dfb310300', 'Anna', 'Bayder', 'anna.bayder@knauf.com.au', '2020-10-16', '2019-10-16 02:37:58', '2019-10-16 02:37:58', 1, '', '', '', ''),
('6007216615d89d436cf8357099994899', 'mi.tian', '31af83445fbbdc730cca704f96db0f85ff8d8a899042ce4131e11a054596e351', 'Mi', 'Tian', 'tianmi@mail.knauf.com.cn', '2020-09-24', '2019-09-24 08:30:46', '2019-09-25 02:09:05', 1, '', '', '', ''),
('6066674725d89d5bb28f126033248393', 'jun.liang', 'ef797c8118f02dfb649607dd5d3f8c7623048c9c063d532cc95c5ed7a898a64f', 'Jun', 'Liang', 'liangjun@mail.knauf.com.cn', '2020-09-24', '2019-09-24 08:37:15', '2019-09-25 02:09:17', 1, '', '', '', ''),
('6098984245d896f5da61a74007328013', 'zhongqiu.lu', '7b4ccf4849d0c71c51dade3c7a6afca55d72e9cd7b4d207df3770f300e3addad', 'Zhongqiu', 'Lu', 'luzhongqiu@mail.knauf.com.cn', '2020-09-24', '2019-09-24 01:20:29', '2019-09-25 02:07:54', 1, '', '', '', ''),
('6336081655d89d6de6e1bd6001256112', 'ying.chen', 'af2bdbe1aa9b6ec1e2ade1d694f41fc71a831d0268e9891562113d8a62add1bf', 'Ying', 'Chen', 'chenying@mail.knauf.com.cn', '2020-09-24', '2019-09-24 08:42:06', '2019-09-24 08:42:06', 1, '', '', '', ''),
('6369199765d8995c974e238032585434', 'xiao.zhang', 'af2bdbe1aa9b6ec1e2ade1d694f41fc71a831d0268e9891562113d8a62add1bf', 'Xiao', 'Zhang', 'zhangxiao@mail.knauf.com.cn', '2020-09-24', '2019-09-24 04:04:25', '2019-09-24 04:04:25', 1, '', '', '', ''),
('6476663655da679d2de0821067225213', 'matthew.hirst', '28efb68dcba507ecd182bead31e4e2d159b0f9185861d1ebfe60a12dfb310300', 'Matthew', 'Hirst', 'matthew.hirst@knauf.com.au', '2020-10-16', '2019-10-16 02:00:50', '2019-10-16 02:00:50', 1, '', '', '', ''),
('6621945965da681d6a233a8044370209', 'stephanie.olsen', '28efb68dcba507ecd182bead31e4e2d159b0f9185861d1ebfe60a12dfb310300', 'Stephanie', 'Olsen', 'stephanie.olsen@knauf.com.au', '2020-10-16', '2019-10-16 02:35:02', '2019-10-16 02:35:02', 1, '', '', '', ''),
('6841470775da680abc42670032775599', 'ken.holdstock', '28efb68dcba507ecd182bead31e4e2d159b0f9185861d1ebfe60a12dfb310300', 'Ken', 'Holdstock', 'Ken.Holdstock@Knauf.com.au', '2020-10-16', '2019-10-16 02:30:03', '2019-10-16 02:30:03', 1, '', '', '', ''),
('6881775295da678df701ae1003692186', 'alan.skicko', '28efb68dcba507ecd182bead31e4e2d159b0f9185861d1ebfe60a12dfb310300', 'Alan', 'Skicko', 'alan.skicko@knauf.com.au', '2020-10-16', '2019-10-16 01:56:47', '2019-10-16 01:56:47', 1, '', '', '', ''),
('7158000975d8c37219e1820032014524', 'qinzheng.chen', 'af2bdbe1aa9b6ec1e2ade1d694f41fc71a831d0268e9891562113d8a62add1bf', 'Qinzheng', 'Chen', 'chenqinzheng@mail.knauf.com.cn', '2020-09-26', '2019-09-26 03:57:21', '2019-09-26 03:57:21', 1, '', '', '', ''),
('7175403755d89d72e3ef028062642819', 'pengcheng.yue', 'af2bdbe1aa9b6ec1e2ade1d694f41fc71a831d0268e9891562113d8a62add1bf', 'Pengcheng', 'Yue', 'yuepengcheng@mail.knauf.com.cn', '2020-09-24', '2019-09-24 08:43:26', '2019-09-24 08:43:26', 1, '', '', '', ''),
('7199125345da67947256f93093511663', 'mark.warren', '28efb68dcba507ecd182bead31e4e2d159b0f9185861d1ebfe60a12dfb310300', 'Mark', 'Warren', 'mark.warren@knauf.com.au', '2020-10-16', '2019-10-16 01:58:31', '2019-10-16 01:58:31', 1, '', '', '', ''),
('8029862875da67b9b8f6305095172599', 'matthew.hughes', '28efb68dcba507ecd182bead31e4e2d159b0f9185861d1ebfe60a12dfb310300', 'Matthew', 'Hughes', 'Matthew.Hughes@Knauf.com.au', '2020-10-16', '2019-10-16 02:08:27', '2019-10-16 02:08:27', 1, '', '', '', ''),
('8065305425da67a078f34a9043354939', 'phil.james', '28efb68dcba507ecd182bead31e4e2d159b0f9185861d1ebfe60a12dfb310300', 'Phil', 'James', 'phil.james@knauf.com.au', '2020-10-16', '2019-10-16 02:01:43', '2019-10-16 02:01:43', 1, '', '', '', ''),
('8154080485da6806fddbd66071222267', 'andrew.carbines', '28efb68dcba507ecd182bead31e4e2d159b0f9185861d1ebfe60a12dfb310300', 'Andrew', 'Carbines', 'Carbines.Andrew@Knauf.com.au', '2020-10-16', '2019-10-16 02:29:03', '2019-10-16 02:29:03', 1, '', '', '', ''),
('8171364315d8c329d7a9d16079013163', 'yongqing.zheng', 'af2bdbe1aa9b6ec1e2ade1d694f41fc71a831d0268e9891562113d8a62add1bf', 'Yongqing', 'Zheng', 'zhengyongqing@mail.knauf.com.cn', '2020-09-26', '2019-09-26 03:38:05', '2019-09-26 03:38:05', 1, '', '', '', ''),
('8328875875d8c1e392af352027907764', 'fangdi.yao', 'af2bdbe1aa9b6ec1e2ade1d694f41fc71a831d0268e9891562113d8a62add1bf', 'Fangdi', 'Yao', 'yaofangdi@mail.knauf.com.cn', '2020-09-26', '2019-09-26 02:11:05', '2019-09-26 02:11:05', 1, '', '', '', ''),
('8340544975da68012201db4019301236', 'julian.roborgh', '28efb68dcba507ecd182bead31e4e2d159b0f9185861d1ebfe60a12dfb310300', 'Julian', 'Roborgh', 'julian.roborgh@knauf.com.au', '2020-10-16', '2019-10-16 02:27:30', '2019-10-16 02:27:30', 1, '', '', '', ''),
('8416593055da67db6d5b5b7048512264', 'lance.mclaren', '28efb68dcba507ecd182bead31e4e2d159b0f9185861d1ebfe60a12dfb310300', 'Lance', 'Mclaren', 'Lance.Mclaren@Knauf.com.au', '2020-10-16', '2019-10-16 02:17:26', '2019-10-16 02:17:26', 1, '', '', '', ''),
('8505999125d8c363cf1b498046911445', 'shixi.hu', 'af2bdbe1aa9b6ec1e2ade1d694f41fc71a831d0268e9891562113d8a62add1bf', 'Shixi', 'Hu', 'hushixi@mail.knauf.com.cn', '2020-09-26', '2019-09-26 03:53:32', '2019-09-26 03:53:32', 1, '', '', '', ''),
('8590576455da67fcea62da9061705484', 'trevor.denson', '28efb68dcba507ecd182bead31e4e2d159b0f9185861d1ebfe60a12dfb310300', 'Trevor', 'Denson', 'trevor.denson@knauf.com.au', '2020-10-16', '2019-10-16 02:26:22', '2019-10-16 02:26:22', 1, '', '', '', ''),
('8792452955da67e49b17296036519968', 'derek.dorward', '28efb68dcba507ecd182bead31e4e2d159b0f9185861d1ebfe60a12dfb310300', 'Derek', 'Dorward', 'derek.dorward@knauf.com.au', '2020-10-16', '2019-10-16 02:19:53', '2019-10-16 02:19:53', 1, '', '', '', ''),
('8865389865da6826cad8b42002476195', 'nigel.mckenna', '28efb68dcba507ecd182bead31e4e2d159b0f9185861d1ebfe60a12dfb310300', 'Nigel', 'Mckenna', 'nigel.mckenna@knauf.com.au', '2020-10-16', '2019-10-16 02:37:32', '2019-10-16 02:37:32', 1, '', '', '', ''),
('8942076125d89d5657401d8092479205', 'jiefeng.zou', 'af2bdbe1aa9b6ec1e2ade1d694f41fc71a831d0268e9891562113d8a62add1bf', 'Jiefeng', 'Zou', 'zoujiefeng@mail.knauf.com.cn', '2020-09-24', '2019-09-24 08:35:49', '2019-09-24 08:35:49', 1, '', '', '', ''),
('8961555635da67d3d6e21c5065931492', 'tanya.everding', '28efb68dcba507ecd182bead31e4e2d159b0f9185861d1ebfe60a12dfb310300', 'Tanya', 'Everding', 'Tanya.Everding@knauf.com.au', '2020-10-16', '2019-10-16 02:15:25', '2019-10-16 02:15:25', 1, '', '', '', ''),
('9000221765da67e85c5fa94067275865', 'nhi.pham', '28efb68dcba507ecd182bead31e4e2d159b0f9185861d1ebfe60a12dfb310300', 'Nhi', 'Pham', 'nhi.pham@knauf.com.au', '2020-10-16', '2019-10-16 02:20:53', '2019-10-16 02:20:53', 1, '', '', '', ''),
('9016073965d89d698934963082937670', 'zhongsheng.chai', 'af2bdbe1aa9b6ec1e2ade1d694f41fc71a831d0268e9891562113d8a62add1bf', 'Zhongsheng', 'Chai', 'chaizhongsheng@mail.knauf.com.cn', '2020-09-24', '2019-09-24 08:40:56', '2019-09-24 08:40:56', 1, '', '', '', ''),
('9025096755d8c2ee51dc718037210041', 'chengzhong.zhan', 'af2bdbe1aa9b6ec1e2ade1d694f41fc71a831d0268e9891562113d8a62add1bf', 'Chengzhong', 'Zhan', 'zhanchengzhong@mail.knauf.com.cn', '2020-09-26', '2019-09-26 03:22:13', '2019-09-26 03:22:13', 1, '', '', '', ''),
('9025465935da67913e21e12035563892', 'arthur.sliwinski', '28efb68dcba507ecd182bead31e4e2d159b0f9185861d1ebfe60a12dfb310300', 'Arthur', 'Sliwinski', 'arthur.sliwinski@knauf.com.au', '2020-10-16', '2019-10-16 01:57:39', '2019-10-16 01:57:39', 1, '', '', '', ''),
('9157419215da67d8631b034036378092', 'andrew.balding', '28efb68dcba507ecd182bead31e4e2d159b0f9185861d1ebfe60a12dfb310300', 'Andrew', 'Balding', 'andrew.balding@knauf.com.au', '2020-10-16', '2019-10-16 02:16:38', '2019-10-16 02:16:38', 1, '', '', '', ''),
('9258697065da68161c54456026951941', 'alireza.bataghva', '28efb68dcba507ecd182bead31e4e2d159b0f9185861d1ebfe60a12dfb310300', 'Alireza', 'Bataghva', 'Alireza.Bataghva@knauf.com.au', '2020-10-16', '2019-10-16 02:33:05', '2019-10-16 02:33:05', 1, '', '', '', ''),
('9272044965d8c2f661a23a4024574885', 'baoru.qiu', 'af2bdbe1aa9b6ec1e2ade1d694f41fc71a831d0268e9891562113d8a62add1bf', 'Baoru', 'Qiu', 'qiubaoru@mail.knauf.com.cn', '2020-09-26', '2019-09-26 03:24:22', '2019-09-26 03:24:22', 1, '', '', '', ''),
('9329725595da67bd4c81857043935341', 'alex.johnson', '28efb68dcba507ecd182bead31e4e2d159b0f9185861d1ebfe60a12dfb310300', 'Alex', 'Johnson', 'alex.johnson@knauf.com.au', '2020-10-16', '2019-10-16 02:09:24', '2019-10-16 02:09:24', 1, '', '', '', ''),
('9532802645da680cec04a50056308282', 'martin.o\'brien', '28efb68dcba507ecd182bead31e4e2d159b0f9185861d1ebfe60a12dfb310300', 'Martin', 'O\'Brien', 'Martin.O\'Brien@knauf.com.au', '2020-10-16', '2019-10-16 02:30:38', '2019-10-16 04:22:02', 1, '', '', '', ''),
('9564667245da681317ec022015945563', 'charles.barakat', '28efb68dcba507ecd182bead31e4e2d159b0f9185861d1ebfe60a12dfb310300', 'Charles', 'Barakat', 'Charles.Barakat@Knauf.com.au', '2020-10-16', '2019-10-16 02:32:17', '2019-10-16 02:32:17', 1, '', '', '', ''),
('9593112755da67de14330d4040899894', 'margaret.thorpe', '28efb68dcba507ecd182bead31e4e2d159b0f9185861d1ebfe60a12dfb310300', 'Margaret', 'Thorpe', 'Margaret.Thorpe@knauf.com.au', '2020-10-16', '2019-10-16 02:18:09', '2019-10-16 02:18:09', 1, '', '', '', ''),
('9622487665da67876e23f19066471657', 'stewart.cooke', '28efb68dcba507ecd182bead31e4e2d159b0f9185861d1ebfe60a12dfb310300', 'Stewart', 'Cooke', 'stewart.cooke@knauf.com.au', '2020-10-16', '2019-10-16 01:55:02', '2019-10-16 01:55:02', 1, '', '', '', ''),
('9718428045d89d5ff633628034005749', 'densen.zu', 'af2bdbe1aa9b6ec1e2ade1d694f41fc71a831d0268e9891562113d8a62add1bf', 'Densen', 'Zu', 'zudesen@mail.knauf.com.cn', '2020-09-24', '2019-09-24 08:38:23', '2019-09-24 08:38:23', 1, '', '', '', ''),
('9750851565da67f93a138d6092722198', 'pim.calkhoven', '28efb68dcba507ecd182bead31e4e2d159b0f9185861d1ebfe60a12dfb310300', 'Pim', 'Calkhoven', 'pim.calkhoven@knauf.com.au', '2020-10-16', '2019-10-16 02:25:23', '2019-10-16 02:25:23', 1, '', '', '', ''),
('9797748935da67cb12dcc75039479432', 'annette.bisinella', '28efb68dcba507ecd182bead31e4e2d159b0f9185861d1ebfe60a12dfb310300', 'Annette', 'Bisinella', 'annette.bisinella@knauf.com.au', '2020-10-16', '2019-10-16 02:13:05', '2019-10-16 02:13:05', 1, '', '', '', ''),
('9803445305d89d47bc64b09062203223', 'yu.liu', 'af2bdbe1aa9b6ec1e2ade1d694f41fc71a831d0268e9891562113d8a62add1bf', 'Yu', 'Liu', 'liuyu@mail.knauf.com.cn', '2020-09-24', '2019-09-24 08:31:55', '2019-09-24 08:31:55', 1, '', '', '', '');


-- Table USERS
INSERT INTO `USERS` (`USR_UID`, `USR_ID`, `USR_USERNAME`, `USR_PASSWORD`, `USR_FIRSTNAME`, `USR_LASTNAME`, `USR_EMAIL`, `USR_DUE_DATE`, `USR_CREATE_DATE`, `USR_UPDATE_DATE`, `USR_STATUS`, `USR_COUNTRY`, `USR_CITY`, `USR_LOCATION`, `USR_ADDRESS`, `USR_PHONE`, `USR_FAX`, `USR_CELLULAR`, `USR_ZIP_CODE`, `DEP_UID`, `USR_POSITION`, `USR_RESUME`, `USR_BIRTHDAY`, `USR_ROLE`, `USR_REPORTS_TO`, `USR_REPLACED_BY`, `USR_UX`, `USR_COST_BY_HOUR`, `USR_UNIT_COST`, `USR_PMDRIVE_FOLDER_UID`, `USR_BOOKMARK_START_CASES`, `USR_TIME_ZONE`, `USR_DEFAULT_LANG`, `USR_LAST_LOGIN`) VALUES
('1386773495da679a2dc6982014573595', 119, 'craig.wilkinson', '00000000000000000000000000000000', 'Craig', 'Wilkinson', 'craig.wilkinson@knauf.com.au', '2020-10-16', '2019-10-16 02:00:02', '2019-10-16 02:00:02', 'ACTIVE', 'AU', 'VI', 'ATO', '', '', '', '', '', '', '', '', '2019-10-16', 'PROCESSMAKER_OPERATOR', '', '', 'NORMAL', '0.00', '', '', NULL, 'America/New_York', 'en', NULL),
('1791466125da682af8dd018063128845', 170, 'mark.hutchison', '00000000000000000000000000000000', 'Mark', 'Hutchinson', 'mark.hutchison@knauf.com.au', '2020-10-16', '2019-10-16 02:38:39', '2019-10-16 02:38:39', 'ACTIVE', 'AU', 'WA', 'WEL', '', '', '', '', '', '', '', '', '2019-10-16', 'PROCESSMAKER_OPERATOR', '', '', 'NORMAL', '0.00', '', '', NULL, 'America/New_York', 'en', NULL),
('1796483685da67cd7c463a2039276070', 133, 'malcom.burkby', '00000000000000000000000000000000', 'Malcolm', 'Burkby', 'malcolm.burkby@knauf.com.au', '2020-10-16', '2019-10-16 02:13:43', '2019-10-16 02:13:43', 'ACTIVE', 'AU', 'VI', 'ATO', '', '', '', '', '', '', '', '', '2019-10-16', 'PROCESSMAKER_OPERATOR', '', '', 'NORMAL', '0.00', '', '', NULL, 'America/New_York', 'en', NULL),
('1838388015d8c32e3cf06a3047133942', 106, 'guoyan.fu', '00000000000000000000000000000000', 'Guoyan', 'Fu', 'fuguoyan@mail.knauf.com.cn', '2020-09-26', '2019-09-26 03:39:15', '2019-09-26 03:39:15', 'ACTIVE', 'CN', '', '', '', '', '', '', '', '', '', '', '2019-09-26', 'PROCESSMAKER_OPERATOR', '', '', 'NORMAL', '0.00', '', '', NULL, 'Asia/Shanghai', 'en', NULL),
('2139438985da67f0c7b6e08056718790', 147, 'phil.renwick', '00000000000000000000000000000000', 'Phil', 'Renwick', 'Phil.Renwick@Knauf.com.au', '2020-10-16', '2019-10-16 02:23:08', '2019-10-16 02:23:08', 'ACTIVE', 'AU', 'NS', '', '', '', '', '', '', '', '', '', '2019-10-16', 'PROCESSMAKER_OPERATOR', '', '', 'NORMAL', '0.00', '', '', NULL, 'America/New_York', 'en', NULL),
('2215831685da681087830d4061666754', 159, 'alfons.montebello', '00000000000000000000000000000000', 'Alfons', 'Montebello', 'alfons.montebello@knauf.com.au', '2020-10-16', '2019-10-16 02:31:36', '2019-10-16 02:31:36', 'ACTIVE', 'AU', '', '', '', '', '', '', '', '', '', '', '2019-10-16', 'PROCESSMAKER_OPERATOR', '', '', 'NORMAL', '0.00', '', '', NULL, 'America/New_York', 'en', NULL),
('2316337335da67f4e5ece70022849695', 148, 'stewart.keen', '00000000000000000000000000000000', 'Stewart', 'Keen', 'stewart.keen@knauf.com.au', '2020-10-16', '2019-10-16 02:24:14', '2019-10-16 02:24:14', 'ACTIVE', 'AU', '', '', '', '', '', '', '', '', '', '', '2019-10-16', 'PROCESSMAKER_OPERATOR', '', '', 'NORMAL', '0.00', '', '', NULL, 'America/New_York', 'en', NULL),
('2323737065da67c85a35390083336860', 131, 'justin.weier', '00000000000000000000000000000000', 'Justin', 'Weier', 'justin.weier@knauf.com.au', '2020-10-16', '2019-10-16 02:12:21', '2019-10-16 02:12:21', 'ACTIVE', 'AU', 'QL', 'BDB', '', '', '', '', '', '', '', '', '2019-10-16', 'PROCESSMAKER_OPERATOR', '', '', 'NORMAL', '0.00', '', '', NULL, 'America/New_York', 'en', NULL),
('2381908305d899619115686069376368', 85, 'tao.ning', '00000000000000000000000000000000', 'Tao', 'Ning', 'ningtao@mail.knauf.com.cn', '2020-09-24', '2019-09-24 04:05:45', '2019-09-24 04:05:45', 'ACTIVE', 'CN', '', '', '', '', '', '', '', '', '', '', '2019-09-24', 'PROCESSMAKER_OPERATOR', '', '', 'NORMAL', '0.00', '', '', NULL, 'Asia/Shanghai', 'en', NULL),
('2601324285da67a6a730e37035210046', 123, 'shailesh.pathak', '00000000000000000000000000000000', 'Shailesh', 'Pathak', 'shailesh.pathak@knauf.com.au', '2020-10-16', '2019-10-16 02:03:22', '2019-10-16 02:03:22', 'ACTIVE', 'AU', 'VI', 'ATO', '', '', '', '', '', '', '', '', '2019-10-16', 'PROCESSMAKER_OPERATOR', '', '', 'NORMAL', '0.00', '', '', NULL, 'America/New_York', 'en', NULL),
('3173011715d8c1e9e123911076914764', 98, 'liu.tong', '00000000000000000000000000000000', 'Liu', 'Tong', 'liutong@mail.knauf.com.cn', '2020-09-26', '2019-09-26 02:12:46', '2019-09-26 02:12:46', 'ACTIVE', 'CN', '', '', '', '', '', '', '', '', '', '', '2019-09-26', 'PROCESSMAKER_OPERATOR', '', '', 'NORMAL', '0.00', '', '', NULL, 'Asia/Shanghai', 'en', NULL),
('3553682275d8c30caa5c0c1099848350', 102, 'yin.xu', '00000000000000000000000000000000', 'Yin', 'Xu', 'xuyin@mail.knauf.com.cn', '2020-09-26', '2019-09-26 03:30:18', '2019-09-26 03:30:18', 'ACTIVE', 'CN', '', '', '', '', '', '', '', '', '', '', '2019-09-26', 'PROCESSMAKER_OPERATOR', '', '', 'NORMAL', '0.00', '', '', NULL, 'Asia/Shanghai', 'en', NULL),
('3578277445da67c41e92b23066508588', 129, 'silvia.lima', '00000000000000000000000000000000', 'Silvia', 'Lima', 'Silvia.Lima@Knauf.com.au', '2020-10-16', '2019-10-16 02:11:13', '2019-10-16 02:11:13', 'ACTIVE', 'AU', 'QL', 'BDB', '', '', '', '', '', '', '', '', '2019-10-16', 'PROCESSMAKER_OPERATOR', '', '', 'NORMAL', '0.00', '', '', NULL, 'America/New_York', 'en', NULL),
('3331645055da681b837ef29023967870', 163, 'joe.mori', '00000000000000000000000000000000', 'Joe', 'Mori', 'joe.mori@knauf.com.au', '2020-10-16', '2019-10-16 02:34:32', '2019-10-16 02:34:32', 'ACTIVE', 'AU', 'QL', 'BLG', '', '', '', '', '', '', '', '', '2019-10-16', 'PROCESSMAKER_OPERATOR', '', '', 'NORMAL', '0.00', '', '', NULL, 'America/New_York', 'en', NULL),
('1195111405da67b3f6a9dd3016852310', 125, 'etienne.dalton', '00000000000000000000000000000000', 'Etienne', 'Dalton', 'Etienne.Dalton@Knauf.com.au', '2020-10-16', '2019-10-16 02:06:55', '2019-10-16 02:06:55', 'ACTIVE', 'AU', 'QL', 'BDB', '', '', '', '', '', '', '', '', '2019-10-16', 'PROCESSMAKER_OPERATOR', '', '', 'NORMAL', '0.00', '', '', NULL, 'America/New_York', 'en', NULL),
('1460308585da67ea5309936097772495', 144, 'russell.raihan', '00000000000000000000000000000000', 'Russell', 'Raihan', 'russell.raihan@knauf.com.au', '2020-10-16', '2019-10-16 02:21:25', '2019-10-16 02:21:25', 'ACTIVE', 'AU', 'NS', '', '', '', '', '', '', '', '', '', '2019-10-16', 'PROCESSMAKER_OPERATOR', '', '', 'NORMAL', '0.00', '', '', NULL, 'America/New_York', 'en', NULL),
('1520478115da67cfb133725001755698', 134, 'adam.brown', '00000000000000000000000000000000', 'Adam', 'Brown', 'adam.brown@knauf.com.au', '2020-10-16', '2019-10-16 02:14:19', '2019-10-16 02:14:19', 'ACTIVE', 'AU', 'QL', 'BLG', '', '', '', '', '', '', '', '', '2019-10-16', 'PROCESSMAKER_OPERATOR', '', '', 'NORMAL', '0.00', '', '', NULL, 'America/New_York', 'en', NULL),
('1533589575d8c3397596d60048023472', 107, 'hua.fang', '00000000000000000000000000000000', 'Hua', 'Fang', 'fanghua@mail.knauf.com.cn', '2020-09-26', '2019-09-26 03:42:15', '2019-09-26 03:42:15', 'ACTIVE', 'CN', '', '', '', '', '', '', '', '', '', '', '2019-09-26', 'PROCESSMAKER_OPERATOR', '', '', 'NORMAL', '0.00', '', '', NULL, 'Asia/Shanghai', 'en', NULL),
('1540739385da67e252eb1a5041375711', 141, 'brett.locke', '00000000000000000000000000000000', 'Brett', 'Locke', 'Brett.Locke@Knauf.com.au', '2020-10-16', '2019-10-16 02:19:17', '2019-10-16 02:19:17', 'ACTIVE', 'AU', 'QL', 'TSV', '', '', '', '', '', '', '', '', '2019-10-16', 'PROCESSMAKER_OPERATOR', '', '', 'NORMAL', '0.00', '', '', NULL, 'America/New_York', 'en', NULL),
('1665864385da68244896b23012883557', 167, 'peter.rodgers', '00000000000000000000000000000000', 'Peter', 'Rodgers', 'peter.rodgers@knauf.com.au', '2020-10-16', '2019-10-16 02:36:52', '2019-10-16 02:36:52', 'ACTIVE', 'AU', 'SA', 'ADL', '', '', '', '', '', '', '', '', '2019-10-16', 'PROCESSMAKER_OPERATOR', '', '', 'NORMAL', '0.00', '', '', NULL, 'America/New_York', 'en', NULL),
('1726009895da67a3b39cdf3044164128', 122, 'diem.nguyen', '00000000000000000000000000000000', 'Diem', 'Nguyen', 'diem.nguyen@knauf.com.au', '2020-10-16', '2019-10-16 02:02:35', '2019-10-16 02:02:35', 'ACTIVE', 'AU', 'VI', 'ATO', '', '', '', '', '', '', '', '', '2019-10-16', 'PROCESSMAKER_OPERATOR', '', '', 'NORMAL', '0.00', '', '', NULL, 'America/New_York', 'en', NULL),
('2074846145d8c312805b846015816119', 103, 'sheng.wei', '00000000000000000000000000000000', 'Sheng', 'Wei', 'weisheng@mail.knauf.com.cn', '2020-09-26', '2019-09-26 03:31:52', '2019-09-26 04:25:18', 'ACTIVE', 'CN', '', '', '', '', '', '', '', '', '', '', '2019-09-26', 'PROCESSMAKER_OPERATOR', '', '', 'NORMAL', '0.00', '', '', NULL, 'Asia/Shanghai', 'en', NULL),
('2085756345d8c33d2b783f6053895586', 108, 'zhenyong.liu', '00000000000000000000000000000000', 'Zhenyong', 'Liu', 'liuzhenyong@mail.knauf.com.cn', '2020-09-26', '2019-09-26 03:43:14', '2019-09-26 03:43:14', 'ACTIVE', 'CN', '', '', '', '', '', '', '', '', '', '', '2019-09-26', 'PROCESSMAKER_OPERATOR', '', '', 'NORMAL', '0.00', '', '', NULL, 'Asia/Shanghai', 'en', NULL),
('2771927115da67c5f2d03b2019228248', 130, 'jose.motato', '00000000000000000000000000000000', 'Jose', 'Motato Londono', 'Jose.Motato@Knauf.com.au', '2020-10-16', '2019-10-16 02:11:43', '2019-10-16 02:11:43', 'ACTIVE', 'AU', 'QL', 'BDB', '', '', '', '', '', '', '', '', '2019-10-16', 'PROCESSMAKER_OPERATOR', '', '', 'NORMAL', '0.00', '', '', NULL, 'America/New_York', 'en', NULL),
('2803150955da67fb36f88d3083119520', 151, 'mo.chahal', '00000000000000000000000000000000', 'Mo', 'Chahal', 'mo.chahal@knauf.com.au', '2020-10-16', '2019-10-16 02:25:55', '2019-10-16 02:25:55', 'ACTIVE', '', '', '', '', '', '', '', '', '', '', '', '2019-10-16', 'PROCESSMAKER_OPERATOR', '', '', 'NORMAL', '0.00', '', '', NULL, 'America/New_York', 'en', NULL),
('3824924435da681fab0b2e6095393904', 165, 'michael.thomas', '00000000000000000000000000000000', 'Michael', 'Thomas', 'michael.thomas@knauf.com.au', '2020-10-16', '2019-10-16 02:35:38', '2019-10-16 02:35:38', 'ACTIVE', 'AU', 'QL', 'BLG', '', '', '', '', '', '', '', '', '2019-10-16', 'PROCESSMAKER_OPERATOR', '', '', 'NORMAL', '0.00', '', '', NULL, 'America/New_York', 'en', NULL),
('3836525225d89d77abced44087377857', 96, 'qiang.wang', '00000000000000000000000000000000', 'Qiang', 'Wang', 'wangqiang@mail.knauf.com.cn', '2020-09-24', '2019-09-24 08:44:42', '2019-09-24 08:44:42', 'ACTIVE', 'CN', '', '', '', '', '', '', '', '', '', '', '2019-09-24', 'PROCESSMAKER_OPERATOR', '', '', 'NORMAL', '0.00', '', '', NULL, 'Asia/Shanghai', 'en', NULL),
('3944011005d88cd51913149014356219', 78, '', '00000000000000000000000000000000', 'Xiao', 'Zhang', 'zhangxiao@mail.knauf.com.cn', '2020-09-23', '2019-09-23 13:49:05', '2019-09-23 13:49:05', 'CLOSED', 'CN', '', '', '', '', '', '', '', '', '', '', '2019-09-23', 'PROCESSMAKER_OPERATOR', '', '', 'NORMAL', '0.00', '', '', NULL, 'Asia/Hong_Kong', 'en', NULL),
('3957166655da67d1a69f7b6027736960', 135, 'neil.carlish', '00000000000000000000000000000000', 'Neil', 'Carlish', 'neil.carlish@knauf.com.au', '2020-10-16', '2019-10-16 02:14:50', '2019-10-16 02:14:50', 'ACTIVE', 'AU', 'QL', 'BLG', '', '', '', '', '', '', '', '', '2019-10-16', 'PROCESSMAKER_OPERATOR', '', '', 'NORMAL', '0.00', '', '', NULL, 'America/New_York', 'en', NULL),
('3987780125d89955fa385e3001148799', 83, 'yong.chen', '8d969eef6ecad3c29a3a629280e686cf0c3f5d5a86aff3ca12020c923adc6c92', 'Yong', 'Chen', 'chenyong@mail.knauf.com.cn', '2020-09-24', '2019-09-24 04:02:39', '2019-09-27 01:25:59', 'ACTIVE', 'CN', '', '', '', '', '', '', '', '', '', '', '2019-09-24', 'PROCESSMAKER_OPERATOR', '', '', 'NORMAL', '0.00', '', '', NULL, 'Asia/Shanghai', 'en', '2019-09-27 01:25:59'),
('4056534755da6803f0eb862018477646', 155, 'andrew.young', '00000000000000000000000000000000', 'Andrew', 'Young', 'andrew.young@knauf.com.au', '2020-10-16', '2019-10-16 02:28:15', '2019-10-16 02:28:15', 'ACTIVE', 'AU', '', '', '', '', '', '', '', '', '', '', '2019-10-16', 'PROCESSMAKER_OPERATOR', '', '', 'NORMAL', '0.00', '', '', NULL, 'America/New_York', 'en', NULL),
('4069563405d8c37d43453a5016485401', 114, 'ziqiao.ye', '00000000000000000000000000000000', 'Ziqiao', 'Ye', 'yeziqiao@mail.knauf.com.cn', '2020-09-26', '2019-09-26 04:00:20', '2019-09-26 04:00:20', 'ACTIVE', 'CN', '', '', '', '', '', '', '', '', '', '', '2019-09-26', 'PROCESSMAKER_OPERATOR', '', '', 'NORMAL', '0.00', '', '', NULL, 'Asia/Shanghai', 'en', NULL),
('4242841965d896ed7f24a04017033985', 80, 'hongan.ren', '7fe470043b318dba7e07b86d0a910f180ad806bd23dd3ace9b9910c36f0cfb8a', 'Hongan', 'Ren', 'renhongan@mail.knauf.com.cn', '2020-09-24', '2019-09-24 01:18:15', '2019-10-09 02:40:10', 'ACTIVE', 'CN', '', '', '', '', '', '', '', '', '', '', '2019-09-24', 'PROCESSMAKER_OPERATOR', '', '', 'NORMAL', '0.00', '', '', NULL, 'Asia/Shanghai', 'en', '2019-10-09 02:40:10'),
('4263232775da67b0bea0001091259927', 124, 'katrina.bale', '00000000000000000000000000000000', 'Katrina', 'Bale', 'katrina.bale@knauf.com.au', '2020-10-16', '2019-10-16 02:06:03', '2019-10-16 02:06:03', 'ACTIVE', 'AU', 'QL', 'BDB', '', '', '', '', '', '', '', '', '2019-10-16', 'PROCESSMAKER_OPERATOR', '', '', 'NORMAL', '0.00', '', '', NULL, 'America/New_York', 'en', NULL),
('4335124725da67e028a8c08040348247', 140, 'sharon.brailey', '00000000000000000000000000000000', 'Sharon', 'Brailey', 'sharon.brailey@knauf.com.au', '2020-10-16', '2019-10-16 02:18:42', '2019-10-16 02:18:42', 'ACTIVE', 'AU', 'QL', '', '', '', '', '', '', '', '', '', '2019-10-16', 'PROCESSMAKER_OPERATOR', '', '', 'NORMAL', '0.00', '', '', NULL, 'America/New_York', 'en', NULL),
('4419754665da6821f65f300080642637', 166, 'michael.holding', '00000000000000000000000000000000', 'Michael', 'Holding', 'Michael.Holding@Knauf.com.au', '2020-10-16', '2019-10-16 02:36:15', '2019-10-16 02:36:15', 'ACTIVE', 'AU', 'QL', 'CNS', '', '', '', '', '', '', '', '', '2019-10-16', 'PROCESSMAKER_OPERATOR', '', '', 'NORMAL', '0.00', '', '', NULL, 'America/New_York', 'en', NULL),
('4450615135da67f6c951ac0072299981', 149, 'george.moawad', '00000000000000000000000000000000', 'George', 'Moawad', 'George.Moawad@Knauf.com.au', '2020-10-16', '2019-10-16 02:24:44', '2019-10-16 02:24:44', 'ACTIVE', '', '', '', '', '', '', '', '', '', '', '', '2019-10-16', 'PROCESSMAKER_OPERATOR', '', '', 'NORMAL', '0.00', '', '', NULL, 'America/New_York', 'en', NULL),
('4590248685da67ff688b276026450711', 153, 'dean.piper', '00000000000000000000000000000000', 'Dean', 'Piper', 'Dean.Piper@Knauf.com.au', '2020-10-16', '2019-10-16 02:27:02', '2019-10-16 02:27:02', 'ACTIVE', 'AU', '', '', '', '', '', '', '', '', '', '', '2019-10-16', 'PROCESSMAKER_OPERATOR', '', '', 'NORMAL', '0.00', '', '', NULL, 'America/New_York', 'en', NULL),
('4709776055da68196293250000821510', 162, 'george.mamic', '00000000000000000000000000000000', 'George', 'Mamic', 'george.mamic@knauf.com.au', '2020-10-16', '2019-10-16 02:33:58', '2019-10-16 02:33:58', 'ACTIVE', 'AU', 'QL', 'BLG', '', '', '', '', '', '', '', '', '2019-10-16', 'PROCESSMAKER_OPERATOR', '', '', 'NORMAL', '0.00', '', '', NULL, 'America/New_York', 'en', NULL),
('4779217155d89d65006bad3086274590', 92, 'jianqiang.wang', '00000000000000000000000000000000', 'Jianqiang', 'Wang', 'wangjianqiang@mail.knauf.com.cn', '2020-09-24', '2019-09-24 08:39:44', '2019-09-24 08:39:44', 'ACTIVE', 'CN', '', '', '', '', '', '', '', '', '', '', '2019-09-24', 'PROCESSMAKER_OPERATOR', '', '', 'NORMAL', '0.00', '', '', NULL, 'Asia/Shanghai', 'en', NULL),
('4814003185d8c2fd310c5b2001484733', 101, 'xiangyu.luo', '00000000000000000000000000000000', 'Xiangyu', 'Luo', 'luoxiangyu@mail.knauf.com.cn', '2020-09-26', '2019-09-26 03:26:11', '2019-09-26 03:26:11', 'ACTIVE', 'CN', '', '', '', '', '', '', '', '', '', '', '2019-09-26', 'PROCESSMAKER_OPERATOR', '', '', 'NORMAL', '0.00', '', '', NULL, 'Asia/Shanghai', 'en', NULL),
('4947513325d8c376d6b3dd6059801750', 113, 'jingyu.wang', '00000000000000000000000000000000', 'Jingyu', 'Wang', 'wangjingyu@mail.knauf.com.cn', '2020-09-26', '2019-09-26 03:58:37', '2019-09-26 03:58:37', 'ACTIVE', 'CN', '', '', '', '', '', '', '', '', '', '', '2019-09-26', 'PROCESSMAKER_OPERATOR', '', '', 'NORMAL', '0.00', '', '', NULL, 'Asia/Shanghai', 'en', NULL),
('4952935735da67ec5eb0410083504192', 145, 'chris.williams', '00000000000000000000000000000000', 'Chris', 'Williams', 'chris.williams@knauf.com.au', '2020-10-16', '2019-10-16 02:21:57', '2019-10-16 02:21:57', 'ACTIVE', 'AU', '', '', '', '', '', '', '', '', '', '', '2019-10-16', 'PROCESSMAKER_OPERATOR', '', '', 'NORMAL', '0.00', '', '', NULL, 'America/New_York', 'en', NULL),
('5031433015d89d507f16c16065285438', 88, 'zhengfeng.sun', '00000000000000000000000000000000', 'Zhengfeng', 'Sun', 'sunzhengfeng@mail.knauf.com.cn', '2020-09-24', '2019-09-24 08:34:15', '2019-09-24 08:34:15', 'ACTIVE', 'CN', '', '', '', '', '', '', '', '', '', '', '2019-09-24', 'PROCESSMAKER_OPERATOR', '', '', 'NORMAL', '0.00', '', '', NULL, 'Asia/Shanghai', 'en', NULL),
('5139881255d8c317d757932057263503', 104, 'jiangen.hu', '00000000000000000000000000000000', 'Jiangen', 'Hu', 'hujiangen@mail.knauf.com.cn', '2020-09-26', '2019-09-26 03:33:17', '2019-09-26 03:33:17', 'ACTIVE', 'CN', '', '', '', '', '', '', '', '', '', '', '2019-09-26', 'PROCESSMAKER_OPERATOR', '', '', 'NORMAL', '0.00', '', '', NULL, 'Asia/Shanghai', 'en', NULL),
('5346289105d8c36d8387457088887490', 111, 'jingjun.zhang', '00000000000000000000000000000000', 'Jingjun', 'Zhang', 'zhangjingjun@mail.knauf.com.cn', '2020-09-26', '2019-09-26 03:56:08', '2019-09-26 03:56:08', 'ACTIVE', 'CN', '', '', '', '', '', '', '', '', '', '', '2019-09-26', 'PROCESSMAKER_OPERATOR', '', '', 'NORMAL', '0.00', '', '', NULL, 'Asia/Shanghai', 'en', NULL),
('5456659515da67ee69c18b8068991402', 146, 'steve.james', '00000000000000000000000000000000', 'Steve', 'James', 'steve.james@knauf.com.au', '2020-10-16', '2019-10-16 02:22:30', '2019-10-16 02:22:30', 'ACTIVE', 'AU', '', '', '', '', '', '', '', '', '', '', '2019-10-16', 'PROCESSMAKER_OPERATOR', '', '', 'NORMAL', '0.00', '', '', NULL, 'America/New_York', 'en', NULL),
('5500384265d896e69d56754013129235', 79, 'jiaoyue.wu', '8d969eef6ecad3c29a3a629280e686cf0c3f5d5a86aff3ca12020c923adc6c92', 'Jiaoyue', 'Wu', 'wujiaoyue@mail.knauf.com.cn', '2020-09-24', '2019-09-24 01:16:25', '2019-09-27 01:18:43', 'ACTIVE', 'CN', '', '', '', '', '', '', '', '', '', '', '2019-09-24', 'PROCESSMAKER_OPERATOR', '', '', 'NORMAL', '0.00', '', '', NULL, 'Asia/Shanghai', 'en', '2019-09-27 01:18:43'),
('5630526805da67b63b08b73056239136', 126, 'kristin.gibbs', '00000000000000000000000000000000', 'Kristin', 'Gibbs', 'kristin.gibbs@knauf.com.au', '2020-10-16', '2019-10-16 02:07:31', '2019-10-16 02:07:31', 'ACTIVE', 'AU', 'QL', 'BDB', '', '', '', '', '', '', '', '', '2019-10-16', 'PROCESSMAKER_OPERATOR', '', '', 'NORMAL', '0.00', '', '', NULL, 'America/New_York', 'en', NULL),
('5650984815d8c369150ca96032709671', 110, 'changjun.bi', '00000000000000000000000000000000', 'Changjun', 'Bi', 'bichangjun@mail.knauf.com.cn', '2020-09-26', '2019-09-26 03:54:57', '2019-09-26 03:54:57', 'ACTIVE', 'CN', '', '', '', '', '', '', '', '', '', '', '2019-09-26', 'PROCESSMAKER_OPERATOR', '', '', 'NORMAL', '0.00', '', '', NULL, 'Asia/Shanghai', 'en', NULL),
('5728128025d899509707c12011854138', 82, 'xiaochao.gong', '8d969eef6ecad3c29a3a629280e686cf0c3f5d5a86aff3ca12020c923adc6c92', 'Xiaochao', 'Gong', 'gongxiaochao@mail.knauf.com.cn', '2020-09-24', '2019-09-24 04:01:13', '2019-09-27 01:22:21', 'ACTIVE', 'CN', '', '', '', '', '', '', '', '', '', '', '2019-09-24', 'PROCESSMAKER_OPERATOR', '', '', 'NORMAL', '0.00', '', '', NULL, 'Asia/Shanghai', 'en', '2019-09-27 01:22:21'),
('5906980245da68286204636054977111', 169, 'anna.bayder', '00000000000000000000000000000000', 'Anna', 'Bayder', 'anna.bayder@knauf.com.au', '2020-10-16', '2019-10-16 02:37:58', '2019-10-16 02:37:58', 'ACTIVE', 'AU', '', '', '', '', '', '', '', '', '', '', '2019-10-16', 'PROCESSMAKER_OPERATOR', '', '', 'NORMAL', '0.00', '', '', NULL, 'America/New_York', 'en', NULL),
('6007216615d89d436cf8357099994899', 86, 'mi.tian', '31af83445fbbdc730cca704f96db0f85ff8d8a899042ce4131e11a054596e351', 'Mi', 'Tian', 'tianmi@mail.knauf.com.cn', '2020-09-24', '2019-09-24 08:30:46', '2019-09-25 04:47:12', 'ACTIVE', 'CN', '', '', '', '', '', '', '', '', '', '', '2019-09-24', 'PROCESSMAKER_OPERATOR', '', '', 'NORMAL', '0.00', '', '', NULL, 'Asia/Shanghai', 'en', '2019-09-25 04:47:12'),
('6066674725d89d5bb28f126033248393', 90, 'jun.liang', 'ef797c8118f02dfb649607dd5d3f8c7623048c9c063d532cc95c5ed7a898a64f', 'Jun', 'Liang', 'liangjun@mail.knauf.com.cn', '2020-09-24', '2019-09-24 08:37:15', '2019-09-27 01:19:43', 'ACTIVE', 'CN', '', '', '', '', '', '', '', '', '', '', '2019-09-24', 'PROCESSMAKER_OPERATOR', '', '', 'NORMAL', '0.00', '', '', NULL, 'Asia/Shanghai', 'en', '2019-09-27 01:19:43'),
('6098984245d896f5da61a74007328013', 81, 'zhongqiu.lu', '7b4ccf4849d0c71c51dade3c7a6afca55d72e9cd7b4d207df3770f300e3addad', 'Zhongqiu', 'Lu', 'luzhongqiu@mail.knauf.com.cn', '2020-09-24', '2019-09-24 01:20:29', '2019-09-25 04:05:11', 'ACTIVE', 'CN', '', '', '', '', '', '', '', '', '', '', '2019-09-24', 'PROCESSMAKER_OPERATOR', '', '', 'NORMAL', '0.00', '', '', NULL, 'Asia/Shanghai', 'en', '2019-09-25 04:05:11'),
('6336081655d89d6de6e1bd6001256112', 94, 'ying.chen', '00000000000000000000000000000000', 'Ying', 'Chen', 'chenying@mail.knauf.com.cn', '2020-09-24', '2019-09-24 08:42:06', '2019-09-24 08:42:06', 'ACTIVE', 'CN', '', '', '', '', '', '', '', '', '', '', '2019-09-24', 'PROCESSMAKER_OPERATOR', '', '', 'NORMAL', '0.00', '', '', NULL, 'Asia/Shanghai', 'en', NULL),
('6369199765d8995c974e238032585434', 84, 'xiao.zhang', '00000000000000000000000000000000', 'Xiao', 'Zhang', 'zhangxiao@mail.knauf.com.cn', '2020-09-24', '2019-09-24 04:04:25', '2019-09-24 04:04:25', 'ACTIVE', 'CN', '', '', '', '', '', '', '', '', '', '', '2019-09-24', 'PROCESSMAKER_OPERATOR', '', '', 'NORMAL', '0.00', '', '', NULL, 'Asia/Shanghai', 'en', NULL),
('6476663655da679d2de0821067225213', 120, 'matthew.hirst', '00000000000000000000000000000000', 'Matthew', 'Hirst', 'matthew.hirst@knauf.com.au', '2020-10-16', '2019-10-16 02:00:50', '2019-10-16 02:00:50', 'ACTIVE', 'AU', 'VI', 'ATO', '', '', '', '', '', '', '', '', '2019-10-16', 'PROCESSMAKER_OPERATOR', '', '', 'NORMAL', '0.00', '', '', NULL, 'America/New_York', 'en', NULL),
('6621945965da681d6a233a8044370209', 164, 'stephanie.olsen', '00000000000000000000000000000000', 'Stephanie', 'Olsen', 'stephanie.olsen@knauf.com.au', '2020-10-16', '2019-10-16 02:35:02', '2019-10-16 02:35:02', 'ACTIVE', 'AU', 'QL', 'BLG', '', '', '', '', '', '', '', '', '2019-10-16', 'PROCESSMAKER_OPERATOR', '', '', 'NORMAL', '0.00', '', '', NULL, 'America/New_York', 'en', NULL),
('6841470775da680abc42670032775599', 157, 'ken.holdstock', '00000000000000000000000000000000', 'Ken', 'Holdstock', 'Ken.Holdstock@Knauf.com.au', '2020-10-16', '2019-10-16 02:30:03', '2019-10-16 02:30:03', 'ACTIVE', 'AU', 'QL', 'BLG', '', '', '', '', '', '', '', '', '2019-10-16', 'PROCESSMAKER_OPERATOR', '', '', 'NORMAL', '0.00', '', '', NULL, 'America/New_York', 'en', NULL),
('6881775295da678df701ae1003692186', 116, 'alan.skicko', '00000000000000000000000000000000', 'Alan', 'Skicko', 'alan.skicko@knauf.com.au', '2020-10-16', '2019-10-16 01:56:47', '2019-10-16 01:56:47', 'ACTIVE', 'AU', 'VI', 'ATO', '', '', '', '', '', '', '', '', '2019-10-16', 'PROCESSMAKER_OPERATOR', '', '', 'NORMAL', '0.00', '', '', NULL, 'America/New_York', 'en', NULL),
('7158000975d8c37219e1820032014524', 112, 'qinzheng.chen', '00000000000000000000000000000000', 'Qinzheng', 'Chen', 'chenqinzheng@mail.knauf.com.cn', '2020-09-26', '2019-09-26 03:57:21', '2019-09-26 03:57:21', 'ACTIVE', 'CN', '', '', '', '', '', '', '', '', '', '', '2019-09-26', 'PROCESSMAKER_OPERATOR', '', '', 'NORMAL', '0.00', '', '', NULL, 'Asia/Shanghai', 'en', NULL),
('7175403755d89d72e3ef028062642819', 95, 'pengcheng.yue', '00000000000000000000000000000000', 'Pengcheng', 'Yue', 'yuepengcheng@mail.knauf.com.cn', '2020-09-24', '2019-09-24 08:43:26', '2019-09-24 08:43:26', 'ACTIVE', 'CN', '', '', '', '', '', '', '', '', '', '', '2019-09-24', 'PROCESSMAKER_OPERATOR', '', '', 'NORMAL', '0.00', '', '', NULL, 'Asia/Shanghai', 'en', NULL),
('7199125345da67947256f93093511663', 118, 'mark.warren', '00000000000000000000000000000000', 'Mark', 'Warren', 'mark.warren@knauf.com.au', '2020-10-16', '2019-10-16 01:58:31', '2019-10-16 01:58:31', 'ACTIVE', 'AU', 'VI', 'ATO', '', '', '', '', '', '', '', '', '2019-10-16', 'PROCESSMAKER_OPERATOR', '', '', 'NORMAL', '0.00', '', '', NULL, 'America/New_York', 'en', NULL),
('8029862875da67b9b8f6305095172599', 127, 'matthew.hughes', '00000000000000000000000000000000', 'Matthew', 'Hughes', 'Matthew.Hughes@Knauf.com.au', '2020-10-16', '2019-10-16 02:08:27', '2019-10-16 02:08:27', 'ACTIVE', 'AU', 'QL', 'BDB', '', '', '', '', '', '', '', '', '2019-10-16', 'PROCESSMAKER_OPERATOR', '', '', 'NORMAL', '0.00', '', '', NULL, 'America/New_York', 'en', NULL),
('8065305425da67a078f34a9043354939', 121, 'phil.james', '00000000000000000000000000000000', 'Phil', 'James', 'phil.james@knauf.com.au', '2020-10-16', '2019-10-16 02:01:43', '2019-10-16 02:01:43', 'ACTIVE', 'AU', 'VI', 'ATO', '', '', '', '', '', '', '', '', '2019-10-16', 'PROCESSMAKER_OPERATOR', '', '', 'NORMAL', '0.00', '', '', NULL, 'America/New_York', 'en', NULL),
('8154080485da6806fddbd66071222267', 156, 'andrew.carbines', '00000000000000000000000000000000', 'Andrew', 'Carbines', 'Carbines.Andrew@Knauf.com.au', '2020-10-16', '2019-10-16 02:29:03', '2019-10-16 02:29:03', 'ACTIVE', 'AU', 'QL', 'BLG', '', '', '', '', '', '', '', '', '2019-10-16', 'PROCESSMAKER_OPERATOR', '', '', 'NORMAL', '0.00', '', '', NULL, 'America/New_York', 'en', NULL),
('8171364315d8c329d7a9d16079013163', 105, 'yongqing.zheng', '00000000000000000000000000000000', 'Yongqing', 'Zheng', 'zhengyongqing@mail.knauf.com.cn', '2020-09-26', '2019-09-26 03:38:05', '2019-09-26 03:38:05', 'ACTIVE', 'CN', '', '', '', '', '', '', '', '', '', '', '2019-09-26', 'PROCESSMAKER_OPERATOR', '', '', 'NORMAL', '0.00', '', '', NULL, 'Asia/Shanghai', 'en', NULL),
('8328875875d8c1e392af352027907764', 97, 'fangdi.yao', '00000000000000000000000000000000', 'Fangdi', 'Yao', 'yaofangdi@mail.knauf.com.cn', '2020-09-26', '2019-09-26 02:11:05', '2019-09-26 02:11:05', 'ACTIVE', 'CN', '', '', '', '', '', '', '', '', '', '', '2019-09-26', 'PROCESSMAKER_OPERATOR', '', '', 'NORMAL', '0.00', '', '', NULL, 'Asia/Shanghai', 'en', NULL),
('8340544975da68012201db4019301236', 154, 'julian.roborgh', '00000000000000000000000000000000', 'Julian', 'Roborgh', 'julian.roborgh@knauf.com.au', '2020-10-16', '2019-10-16 02:27:30', '2019-10-16 02:27:30', 'ACTIVE', '', '', '', '', '', '', '', '', '', '', '', '2019-10-16', 'PROCESSMAKER_OPERATOR', '', '', 'NORMAL', '0.00', '', '', NULL, 'America/New_York', 'en', NULL),
('8416593055da67db6d5b5b7048512264', 138, 'lance.mclaren', '00000000000000000000000000000000', 'Lance', 'Mclaren', 'Lance.Mclaren@Knauf.com.au', '2020-10-16', '2019-10-16 02:17:26', '2019-10-16 02:17:26', 'ACTIVE', 'AU', 'NS', '', '', '', '', '', '', '', '', '', '2019-10-16', 'PROCESSMAKER_OPERATOR', '', '', 'NORMAL', '0.00', '', '', NULL, 'America/New_York', 'en', NULL),
('8505999125d8c363cf1b498046911445', 109, 'shixi.hu', '00000000000000000000000000000000', 'Shixi', 'Hu', 'hushixi@mail.knauf.com.cn', '2020-09-26', '2019-09-26 03:53:32', '2019-09-26 03:53:32', 'ACTIVE', 'CN', '', '', '', '', '', '', '', '', '', '', '2019-09-26', 'PROCESSMAKER_OPERATOR', '', '', 'NORMAL', '0.00', '', '', NULL, 'Asia/Shanghai', 'en', NULL),
('8590576455da67fcea62da9061705484', 152, 'trevor.denson', '00000000000000000000000000000000', 'Trevor', 'Denson', 'trevor.denson@knauf.com.au', '2020-10-16', '2019-10-16 02:26:22', '2019-10-16 02:26:22', 'ACTIVE', 'AU', '', '', '', '', '', '', '', '', '', '', '2019-10-16', 'PROCESSMAKER_OPERATOR', '', '', 'NORMAL', '0.00', '', '', NULL, 'America/New_York', 'en', NULL),
('8792452955da67e49b17296036519968', 142, 'derek.dorward', '00000000000000000000000000000000', 'Derek', 'Dorward', 'derek.dorward@knauf.com.au', '2020-10-16', '2019-10-16 02:19:53', '2019-10-16 02:19:53', 'ACTIVE', 'AU', 'WA', 'WEL', '', '', '', '', '', '', '', '', '2019-10-16', 'PROCESSMAKER_OPERATOR', '', '', 'NORMAL', '0.00', '', '', NULL, 'America/New_York', 'en', NULL),
('8865389865da6826cad8b42002476195', 168, 'nigel.mckenna', '00000000000000000000000000000000', 'Nigel', 'Mckenna', 'nigel.mckenna@knauf.com.au', '2020-10-16', '2019-10-16 02:37:32', '2019-10-16 02:37:32', 'ACTIVE', 'AU', 'NS', '', '', '', '', '', '', '', '', '', '2019-10-16', 'PROCESSMAKER_OPERATOR', '', '', 'NORMAL', '0.00', '', '', NULL, 'America/New_York', 'en', NULL),
('8942076125d89d5657401d8092479205', 89, 'jiefeng.zou', '00000000000000000000000000000000', 'Jiefeng', 'Zou', 'zoujiefeng@mail.knauf.com.cn', '2020-09-24', '2019-09-24 08:35:49', '2019-09-24 08:35:49', 'ACTIVE', 'CN', '', '', '', '', '', '', '', '', '', '', '2019-09-24', 'PROCESSMAKER_OPERATOR', '', '', 'NORMAL', '0.00', '', '', NULL, 'Asia/Shanghai', 'en', NULL),
('8961555635da67d3d6e21c5065931492', 136, 'tanya.everding', '00000000000000000000000000000000', 'Tanya', 'Everding', 'Tanya.Everding@knauf.com.au', '2020-10-16', '2019-10-16 02:15:25', '2019-10-16 02:15:25', 'ACTIVE', 'AU', 'QL', 'BLG', '', '', '', '', '', '', '', '', '2019-10-16', 'PROCESSMAKER_OPERATOR', '', '', 'NORMAL', '0.00', '', '', NULL, 'America/New_York', 'en', NULL),
('9000221765da67e85c5fa94067275865', 143, 'nhi.pham', '00000000000000000000000000000000', 'Nhi', 'Pham', 'nhi.pham@knauf.com.au', '2020-10-16', '2019-10-16 02:20:53', '2019-10-16 02:20:53', 'ACTIVE', 'AU', 'NS', '', '', '', '', '', '', '', '', '', '2019-10-16', 'PROCESSMAKER_OPERATOR', '', '', 'NORMAL', '0.00', '', '', NULL, 'America/New_York', 'en', NULL),
('9016073965d89d698934963082937670', 93, 'zhongsheng.chai', '00000000000000000000000000000000', 'Zhongsheng', 'Chai', 'chaizhongsheng@mail.knauf.com.cn', '2020-09-24', '2019-09-24 08:40:56', '2019-09-24 08:40:56', 'ACTIVE', 'CN', '', '', '', '', '', '', '', '', '', '', '2019-09-24', 'PROCESSMAKER_OPERATOR', '', '', 'NORMAL', '0.00', '', '', NULL, 'Asia/Shanghai', 'en', NULL),
('9025096755d8c2ee51dc718037210041', 99, 'chengzhong.zhan', '00000000000000000000000000000000', 'Chengzhong', 'Zhan', 'zhanchengzhong@mail.knauf.com.cn', '2020-09-26', '2019-09-26 03:22:13', '2019-09-26 03:22:13', 'ACTIVE', 'CN', '', '', '', '', '', '', '', '', '', '', '2019-09-26', 'PROCESSMAKER_OPERATOR', '', '', 'NORMAL', '0.00', '', '', NULL, 'Asia/Shanghai', 'en', NULL),
('9025465935da67913e21e12035563892', 117, 'arthur.sliwinski', '00000000000000000000000000000000', 'Arthur', 'Sliwinski', 'arthur.sliwinski@knauf.com.au', '2020-10-16', '2019-10-16 01:57:39', '2019-10-16 01:57:39', 'ACTIVE', 'AU', 'VI', 'ATO', '', '', '', '', '', '', '', '', '2019-10-16', 'PROCESSMAKER_OPERATOR', '', '', 'NORMAL', '0.00', '', '', NULL, 'America/New_York', 'en', NULL),
('9157419215da67d8631b034036378092', 137, 'andrew.balding', '00000000000000000000000000000000', 'Andrew', 'Balding', 'andrew.balding@knauf.com.au', '2020-10-16', '2019-10-16 02:16:38', '2019-10-16 02:16:38', 'ACTIVE', 'AU', 'SA', 'ADL', '', '', '', '', '', '', '', '', '2019-10-16', 'PROCESSMAKER_OPERATOR', '', '', 'NORMAL', '0.00', '', '', NULL, 'America/New_York', 'en', NULL),
('9258697065da68161c54456026951941', 161, 'alireza.bataghva', '00000000000000000000000000000000', 'Alireza', 'Bataghva', 'Alireza.Bataghva@knauf.com.au', '2020-10-16', '2019-10-16 02:33:05', '2019-10-16 02:33:05', 'ACTIVE', 'AU', 'QL', 'BLG', '', '', '', '', '', '', '', '', '2019-10-16', 'PROCESSMAKER_OPERATOR', '', '', 'NORMAL', '0.00', '', '', NULL, 'America/New_York', 'en', NULL),
('9272044965d8c2f661a23a4024574885', 100, 'baoru.qiu', '00000000000000000000000000000000', 'Baoru', 'Qiu', 'qiubaoru@mail.knauf.com.cn', '2020-09-26', '2019-09-26 03:24:22', '2019-09-26 03:24:22', 'ACTIVE', 'CN', '', '', '', '', '', '', '', '', '', '', '2019-09-26', 'PROCESSMAKER_OPERATOR', '', '', 'NORMAL', '0.00', '', '', NULL, 'Asia/Shanghai', 'en', NULL),
('9329725595da67bd4c81857043935341', 128, 'alex.johnson', '00000000000000000000000000000000', 'Alex', 'Johnson', 'alex.johnson@knauf.com.au', '2020-10-16', '2019-10-16 02:09:24', '2019-10-16 02:09:24', 'ACTIVE', 'AU', 'QL', 'BDB', '', '', '', '', '', '', '', '', '2019-10-16', 'PROCESSMAKER_OPERATOR', '', '', 'NORMAL', '0.00', '', '', NULL, 'America/New_York', 'en', NULL),
('9532802645da680cec04a50056308282', 158, 'martin.o\'brien', '00000000000000000000000000000000', 'Martin', 'O\'Brien', 'Martin.O\'Brien@knauf.com.au', '2020-10-16', '2019-10-16 02:30:38', '2019-10-16 04:22:02', 'ACTIVE', 'AU', 'QL', 'BLG', '', '', '', '', '', '', '', '', '2019-10-16', 'PROCESSMAKER_MANAGER', '', '', 'NORMAL', '0.00', '', '', NULL, 'America/New_York', 'en', NULL),
('9564667245da681317ec022015945563', 160, 'charles.barakat', '00000000000000000000000000000000', 'Charles', 'Barakat', 'Charles.Barakat@Knauf.com.au', '2020-10-16', '2019-10-16 02:32:17', '2019-10-16 02:32:17', 'ACTIVE', 'AU', 'VI', 'ATO', '', '', '', '', '', '', '', '', '2019-10-16', 'PROCESSMAKER_OPERATOR', '', '', 'NORMAL', '0.00', '', '', NULL, 'America/New_York', 'en', NULL),
('9593112755da67de14330d4040899894', 139, 'margaret.thorpe', '00000000000000000000000000000000', 'Margaret', 'Thorpe', 'Margaret.Thorpe@knauf.com.au', '2020-10-16', '2019-10-16 02:18:09', '2019-10-16 02:18:09', 'ACTIVE', 'AU', 'NS', '', '', '', '', '', '', '', '', '', '2019-10-16', 'PROCESSMAKER_OPERATOR', '', '', 'NORMAL', '0.00', '', '', NULL, 'America/New_York', 'en', NULL),
('9622487665da67876e23f19066471657', 115, 'stewart.cooke', '00000000000000000000000000000000', 'Stewart', 'Cooke', 'stewart.cooke@knauf.com.au', '2020-10-16', '2019-10-16 01:55:02', '2019-10-16 01:55:02', 'ACTIVE', 'AU', 'VI', 'ATO', '', '', '', '', '', '', '', '', '2019-10-16', 'PROCESSMAKER_OPERATOR', '', '', 'NORMAL', '0.00', '', '', NULL, 'America/New_York', 'en', NULL),
('9718428045d89d5ff633628034005749', 91, 'densen.zu', '00000000000000000000000000000000', 'Densen', 'Zu', 'zudesen@mail.knauf.com.cn', '2020-09-24', '2019-09-24 08:38:23', '2019-09-24 08:38:23', 'ACTIVE', 'CN', '', '', '', '', '', '', '', '', '', '', '2019-09-24', 'PROCESSMAKER_OPERATOR', '', '', 'NORMAL', '0.00', '', '', NULL, 'Asia/Shanghai', 'en', NULL),
('9750851565da67f93a138d6092722198', 150, 'pim.calkhoven', '00000000000000000000000000000000', 'Pim', 'Calkhoven', 'pim.calkhoven@knauf.com.au', '2020-10-16', '2019-10-16 02:25:23', '2019-10-16 02:25:23', 'ACTIVE', 'AU', '', '', '', '', '', '', '', '', '', '', '2019-10-16', 'PROCESSMAKER_OPERATOR', '', '', 'NORMAL', '0.00', '', '', NULL, 'America/New_York', 'en', NULL),
('9797748935da67cb12dcc75039479432', 132, 'annette.bisinella', '00000000000000000000000000000000', 'Annette', 'Bisinella', 'annette.bisinella@knauf.com.au', '2020-10-16', '2019-10-16 02:13:05', '2019-10-16 02:13:05', 'ACTIVE', 'AU', 'VI', 'ATO', '', '', '', '', '', '', '', '', '2019-10-16', 'PROCESSMAKER_OPERATOR', '', '', 'NORMAL', '0.00', '', '', NULL, 'America/New_York', 'en', NULL),
('9803445305d89d47bc64b09062203223', 87, 'yu.liu', '00000000000000000000000000000000', 'Yu', 'Liu', 'liuyu@mail.knauf.com.cn', '2020-09-24', '2019-09-24 08:31:55', '2019-09-24 08:31:55', 'ACTIVE', 'CN', '', '', '', '', '', '', '', '', '', '', '2019-09-24', 'PROCESSMAKER_OPERATOR', '', '', 'NORMAL', '0.00', '', '', NULL, 'Asia/Shanghai', 'en', NULL);

-- Table USERS_PROPERTIES
INSERT INTO `USERS_PROPERTIES` (`USR_UID`, `USR_LAST_UPDATE_DATE`, `USR_LOGGED_NEXT_TIME`, `USR_PASSWORD_HISTORY`, `USR_SETTING_DESIGNER`) VALUES
('1386773495da679a2dc6982014573595', '2019-10-16 02:00:02', 1, 'a:1:{i:0;s:64:\"84e0c0eafaa95a34c293f278ac52e45ce537bab5e752a00e6959a13ae103b65a\";}', NULL),
('1791466125da682af8dd018063128845', '2019-10-16 02:38:39', 1, 'a:1:{i:0;s:64:\"84e0c0eafaa95a34c293f278ac52e45ce537bab5e752a00e6959a13ae103b65a\";}', NULL),
('1796483685da67cd7c463a2039276070', '2019-10-16 02:13:43', 1, 'a:1:{i:0;s:64:\"84e0c0eafaa95a34c293f278ac52e45ce537bab5e752a00e6959a13ae103b65a\";}', NULL),
('1838388015d8c32e3cf06a3047133942', '2019-09-26 03:39:15', 1, 'a:1:{i:0;s:64:\"84e0c0eafaa95a34c293f278ac52e45ce537bab5e752a00e6959a13ae103b65a\";}', NULL),
('2139438985da67f0c7b6e08056718790', '2019-10-16 02:23:08', 1, 'a:1:{i:0;s:64:\"84e0c0eafaa95a34c293f278ac52e45ce537bab5e752a00e6959a13ae103b65a\";}', NULL),
('2215831685da681087830d4061666754', '2019-10-16 02:31:36', 1, 'a:1:{i:0;s:64:\"84e0c0eafaa95a34c293f278ac52e45ce537bab5e752a00e6959a13ae103b65a\";}', NULL),
('2316337335da67f4e5ece70022849695', '2019-10-16 02:24:14', 1, 'a:1:{i:0;s:64:\"84e0c0eafaa95a34c293f278ac52e45ce537bab5e752a00e6959a13ae103b65a\";}', NULL),
('2323737065da67c85a35390083336860', '2019-10-16 02:12:21', 1, 'a:1:{i:0;s:64:\"84e0c0eafaa95a34c293f278ac52e45ce537bab5e752a00e6959a13ae103b65a\";}', NULL),
('2381908305d899619115686069376368', '2019-09-24 04:05:45', 1, 'a:1:{i:0;s:64:\"84e0c0eafaa95a34c293f278ac52e45ce537bab5e752a00e6959a13ae103b65a\";}', NULL),
('2601324285da67a6a730e37035210046', '2019-10-16 02:03:22', 1, 'a:1:{i:0;s:64:\"84e0c0eafaa95a34c293f278ac52e45ce537bab5e752a00e6959a13ae103b65a\";}', NULL),
('3173011715d8c1e9e123911076914764', '2019-09-26 02:12:46', 1, 'a:1:{i:0;s:64:\"84e0c0eafaa95a34c293f278ac52e45ce537bab5e752a00e6959a13ae103b65a\";}', NULL),
('3553682275d8c30caa5c0c1099848350', '2019-09-26 03:30:18', 1, 'a:1:{i:0;s:64:\"84e0c0eafaa95a34c293f278ac52e45ce537bab5e752a00e6959a13ae103b65a\";}', NULL),
('3578277445da67c41e92b23066508588', '2019-10-16 02:11:13', 1, 'a:1:{i:0;s:64:\"84e0c0eafaa95a34c293f278ac52e45ce537bab5e752a00e6959a13ae103b65a\";}', NULL),
('3331645055da681b837ef29023967870', '2019-10-16 02:34:32', 1, 'a:1:{i:0;s:64:\"84e0c0eafaa95a34c293f278ac52e45ce537bab5e752a00e6959a13ae103b65a\";}', NULL),
('1195111405da67b3f6a9dd3016852310', '2019-10-16 02:06:55', 1, 'a:1:{i:0;s:64:\"84e0c0eafaa95a34c293f278ac52e45ce537bab5e752a00e6959a13ae103b65a\";}', NULL),
('1460308585da67ea5309936097772495', '2019-10-16 02:21:25', 1, 'a:1:{i:0;s:64:\"84e0c0eafaa95a34c293f278ac52e45ce537bab5e752a00e6959a13ae103b65a\";}', NULL),
('1520478115da67cfb133725001755698', '2019-10-16 02:14:19', 1, 'a:1:{i:0;s:64:\"84e0c0eafaa95a34c293f278ac52e45ce537bab5e752a00e6959a13ae103b65a\";}', NULL),
('1533589575d8c3397596d60048023472', '2019-09-26 03:42:15', 1, 'a:1:{i:0;s:64:\"84e0c0eafaa95a34c293f278ac52e45ce537bab5e752a00e6959a13ae103b65a\";}', NULL),
('1540739385da67e252eb1a5041375711', '2019-10-16 02:19:17', 1, 'a:1:{i:0;s:64:\"84e0c0eafaa95a34c293f278ac52e45ce537bab5e752a00e6959a13ae103b65a\";}', NULL),
('1665864385da68244896b23012883557', '2019-10-16 02:36:52', 1, 'a:1:{i:0;s:64:\"84e0c0eafaa95a34c293f278ac52e45ce537bab5e752a00e6959a13ae103b65a\";}', NULL),
('1726009895da67a3b39cdf3044164128', '2019-10-16 02:02:35', 1, 'a:1:{i:0;s:64:\"84e0c0eafaa95a34c293f278ac52e45ce537bab5e752a00e6959a13ae103b65a\";}', NULL),
('2074846145d8c312805b846015816119', '2019-09-26 03:31:52', 1, 'a:1:{i:0;s:64:\"84e0c0eafaa95a34c293f278ac52e45ce537bab5e752a00e6959a13ae103b65a\";}', NULL),
('2085756345d8c33d2b783f6053895586', '2019-09-26 03:43:14', 1, 'a:1:{i:0;s:64:\"84e0c0eafaa95a34c293f278ac52e45ce537bab5e752a00e6959a13ae103b65a\";}', NULL),
('2771927115da67c5f2d03b2019228248', '2019-10-16 02:11:43', 1, 'a:1:{i:0;s:64:\"84e0c0eafaa95a34c293f278ac52e45ce537bab5e752a00e6959a13ae103b65a\";}', NULL),
('2803150955da67fb36f88d3083119520', '2019-10-16 02:25:55', 1, 'a:1:{i:0;s:64:\"84e0c0eafaa95a34c293f278ac52e45ce537bab5e752a00e6959a13ae103b65a\";}', NULL),
('3824924435da681fab0b2e6095393904', '2019-10-16 02:35:38', 1, 'a:1:{i:0;s:64:\"84e0c0eafaa95a34c293f278ac52e45ce537bab5e752a00e6959a13ae103b65a\";}', NULL),
('3836525225d89d77abced44087377857', '2019-09-24 08:44:42', 1, 'a:1:{i:0;s:64:\"84e0c0eafaa95a34c293f278ac52e45ce537bab5e752a00e6959a13ae103b65a\";}', NULL),
('3944011005d88cd51913149014356219', '2019-09-23 13:49:05', 1, 'a:1:{i:0;s:64:\"84e0c0eafaa95a34c293f278ac52e45ce537bab5e752a00e6959a13ae103b65a\";}', NULL),
('3957166655da67d1a69f7b6027736960', '2019-10-16 02:14:50', 1, 'a:1:{i:0;s:64:\"84e0c0eafaa95a34c293f278ac52e45ce537bab5e752a00e6959a13ae103b65a\";}', NULL),
('3987780125d89955fa385e3001148799', '2019-09-25 02:08:50', 0, 'a:1:{i:0;s:64:\"84e0c0eafaa95a34c293f278ac52e45ce537bab5e752a00e6959a13ae103b65a\";}', NULL),
('4056534755da6803f0eb862018477646', '2019-10-16 02:28:15', 1, 'a:1:{i:0;s:64:\"84e0c0eafaa95a34c293f278ac52e45ce537bab5e752a00e6959a13ae103b65a\";}', NULL),
('4069563405d8c37d43453a5016485401', '2019-09-26 04:00:20', 1, 'a:1:{i:0;s:64:\"84e0c0eafaa95a34c293f278ac52e45ce537bab5e752a00e6959a13ae103b65a\";}', NULL),
('4242841965d896ed7f24a04017033985', '2019-09-25 02:07:44', 0, 'a:1:{i:0;s:64:\"84e0c0eafaa95a34c293f278ac52e45ce537bab5e752a00e6959a13ae103b65a\";}', NULL),
('4263232775da67b0bea0001091259927', '2019-10-16 02:06:03', 1, 'a:1:{i:0;s:64:\"84e0c0eafaa95a34c293f278ac52e45ce537bab5e752a00e6959a13ae103b65a\";}', NULL),
('4335124725da67e028a8c08040348247', '2019-10-16 02:18:42', 1, 'a:1:{i:0;s:64:\"84e0c0eafaa95a34c293f278ac52e45ce537bab5e752a00e6959a13ae103b65a\";}', NULL),
('4419754665da6821f65f300080642637', '2019-10-16 02:36:15', 1, 'a:1:{i:0;s:64:\"84e0c0eafaa95a34c293f278ac52e45ce537bab5e752a00e6959a13ae103b65a\";}', NULL),
('4450615135da67f6c951ac0072299981', '2019-10-16 02:24:44', 1, 'a:1:{i:0;s:64:\"84e0c0eafaa95a34c293f278ac52e45ce537bab5e752a00e6959a13ae103b65a\";}', NULL),
('4590248685da67ff688b276026450711', '2019-10-16 02:27:02', 1, 'a:1:{i:0;s:64:\"84e0c0eafaa95a34c293f278ac52e45ce537bab5e752a00e6959a13ae103b65a\";}', NULL),
('4709776055da68196293250000821510', '2019-10-16 02:33:58', 1, 'a:1:{i:0;s:64:\"84e0c0eafaa95a34c293f278ac52e45ce537bab5e752a00e6959a13ae103b65a\";}', NULL),
('4779217155d89d65006bad3086274590', '2019-09-24 08:39:44', 1, 'a:1:{i:0;s:64:\"84e0c0eafaa95a34c293f278ac52e45ce537bab5e752a00e6959a13ae103b65a\";}', NULL),
('4814003185d8c2fd310c5b2001484733', '2019-09-26 03:26:11', 1, 'a:1:{i:0;s:64:\"84e0c0eafaa95a34c293f278ac52e45ce537bab5e752a00e6959a13ae103b65a\";}', NULL),
('4947513325d8c376d6b3dd6059801750', '2019-09-26 03:58:37', 1, 'a:1:{i:0;s:64:\"84e0c0eafaa95a34c293f278ac52e45ce537bab5e752a00e6959a13ae103b65a\";}', NULL),
('4952935735da67ec5eb0410083504192', '2019-10-16 02:21:57', 1, 'a:1:{i:0;s:64:\"84e0c0eafaa95a34c293f278ac52e45ce537bab5e752a00e6959a13ae103b65a\";}', NULL),
('5031433015d89d507f16c16065285438', '2019-09-24 08:34:15', 1, 'a:1:{i:0;s:64:\"84e0c0eafaa95a34c293f278ac52e45ce537bab5e752a00e6959a13ae103b65a\";}', NULL),
('5139881255d8c317d757932057263503', '2019-09-26 03:33:17', 1, 'a:1:{i:0;s:64:\"84e0c0eafaa95a34c293f278ac52e45ce537bab5e752a00e6959a13ae103b65a\";}', NULL),
('5346289105d8c36d8387457088887490', '2019-09-26 03:56:08', 1, 'a:1:{i:0;s:64:\"84e0c0eafaa95a34c293f278ac52e45ce537bab5e752a00e6959a13ae103b65a\";}', NULL),
('5456659515da67ee69c18b8068991402', '2019-10-16 02:22:30', 1, 'a:1:{i:0;s:64:\"84e0c0eafaa95a34c293f278ac52e45ce537bab5e752a00e6959a13ae103b65a\";}', NULL),
('5500384265d896e69d56754013129235', '2019-09-25 02:07:59', 0, 'a:1:{i:0;s:64:\"84e0c0eafaa95a34c293f278ac52e45ce537bab5e752a00e6959a13ae103b65a\";}', NULL),
('5630526805da67b63b08b73056239136', '2019-10-16 02:07:31', 1, 'a:1:{i:0;s:64:\"84e0c0eafaa95a34c293f278ac52e45ce537bab5e752a00e6959a13ae103b65a\";}', NULL),
('5650984815d8c369150ca96032709671', '2019-09-26 03:54:57', 1, 'a:1:{i:0;s:64:\"84e0c0eafaa95a34c293f278ac52e45ce537bab5e752a00e6959a13ae103b65a\";}', NULL),
('5728128025d899509707c12011854138', '2019-09-25 07:35:25', 0, 'a:1:{i:0;s:64:\"84e0c0eafaa95a34c293f278ac52e45ce537bab5e752a00e6959a13ae103b65a\";}', NULL),
('5906980245da68286204636054977111', '2019-10-16 02:37:58', 1, 'a:1:{i:0;s:64:\"84e0c0eafaa95a34c293f278ac52e45ce537bab5e752a00e6959a13ae103b65a\";}', NULL),
('6007216615d89d436cf8357099994899', '2019-09-25 02:09:05', 0, 'a:1:{i:0;s:64:\"84e0c0eafaa95a34c293f278ac52e45ce537bab5e752a00e6959a13ae103b65a\";}', NULL),
('6066674725d89d5bb28f126033248393', '2019-09-25 02:09:17', 0, 'a:1:{i:0;s:64:\"84e0c0eafaa95a34c293f278ac52e45ce537bab5e752a00e6959a13ae103b65a\";}', NULL),
('6098984245d896f5da61a74007328013', '2019-09-25 02:07:54', 0, 'a:1:{i:0;s:64:\"84e0c0eafaa95a34c293f278ac52e45ce537bab5e752a00e6959a13ae103b65a\";}', NULL),
('6336081655d89d6de6e1bd6001256112', '2019-09-24 08:42:06', 1, 'a:1:{i:0;s:64:\"84e0c0eafaa95a34c293f278ac52e45ce537bab5e752a00e6959a13ae103b65a\";}', NULL),
('6369199765d8995c974e238032585434', '2019-09-24 04:04:25', 1, 'a:1:{i:0;s:64:\"84e0c0eafaa95a34c293f278ac52e45ce537bab5e752a00e6959a13ae103b65a\";}', NULL),
('6476663655da679d2de0821067225213', '2019-10-16 02:00:50', 1, 'a:1:{i:0;s:64:\"84e0c0eafaa95a34c293f278ac52e45ce537bab5e752a00e6959a13ae103b65a\";}', NULL),
('6621945965da681d6a233a8044370209', '2019-10-16 02:35:02', 1, 'a:1:{i:0;s:64:\"84e0c0eafaa95a34c293f278ac52e45ce537bab5e752a00e6959a13ae103b65a\";}', NULL),
('6841470775da680abc42670032775599', '2019-10-16 02:30:03', 1, 'a:1:{i:0;s:64:\"84e0c0eafaa95a34c293f278ac52e45ce537bab5e752a00e6959a13ae103b65a\";}', NULL),
('6881775295da678df701ae1003692186', '2019-10-16 01:56:47', 1, 'a:1:{i:0;s:64:\"84e0c0eafaa95a34c293f278ac52e45ce537bab5e752a00e6959a13ae103b65a\";}', NULL),
('7158000975d8c37219e1820032014524', '2019-09-26 03:57:21', 1, 'a:1:{i:0;s:64:\"84e0c0eafaa95a34c293f278ac52e45ce537bab5e752a00e6959a13ae103b65a\";}', NULL),
('7175403755d89d72e3ef028062642819', '2019-09-24 08:43:26', 1, 'a:1:{i:0;s:64:\"84e0c0eafaa95a34c293f278ac52e45ce537bab5e752a00e6959a13ae103b65a\";}', NULL),
('7199125345da67947256f93093511663', '2019-10-16 01:58:31', 1, 'a:1:{i:0;s:64:\"84e0c0eafaa95a34c293f278ac52e45ce537bab5e752a00e6959a13ae103b65a\";}', NULL),
('8029862875da67b9b8f6305095172599', '2019-10-16 02:08:27', 1, 'a:1:{i:0;s:64:\"84e0c0eafaa95a34c293f278ac52e45ce537bab5e752a00e6959a13ae103b65a\";}', NULL),
('8065305425da67a078f34a9043354939', '2019-10-16 02:01:43', 1, 'a:1:{i:0;s:64:\"84e0c0eafaa95a34c293f278ac52e45ce537bab5e752a00e6959a13ae103b65a\";}', NULL),
('8154080485da6806fddbd66071222267', '2019-10-16 02:29:03', 1, 'a:1:{i:0;s:64:\"84e0c0eafaa95a34c293f278ac52e45ce537bab5e752a00e6959a13ae103b65a\";}', NULL),
('8171364315d8c329d7a9d16079013163', '2019-09-26 03:38:05', 1, 'a:1:{i:0;s:64:\"84e0c0eafaa95a34c293f278ac52e45ce537bab5e752a00e6959a13ae103b65a\";}', NULL),
('8328875875d8c1e392af352027907764', '2019-09-26 02:11:05', 1, 'a:1:{i:0;s:64:\"84e0c0eafaa95a34c293f278ac52e45ce537bab5e752a00e6959a13ae103b65a\";}', NULL),
('8340544975da68012201db4019301236', '2019-10-16 02:27:30', 1, 'a:1:{i:0;s:64:\"84e0c0eafaa95a34c293f278ac52e45ce537bab5e752a00e6959a13ae103b65a\";}', NULL),
('8416593055da67db6d5b5b7048512264', '2019-10-16 02:17:26', 1, 'a:1:{i:0;s:64:\"84e0c0eafaa95a34c293f278ac52e45ce537bab5e752a00e6959a13ae103b65a\";}', NULL),
('8505999125d8c363cf1b498046911445', '2019-09-26 03:53:32', 1, 'a:1:{i:0;s:64:\"84e0c0eafaa95a34c293f278ac52e45ce537bab5e752a00e6959a13ae103b65a\";}', NULL),
('8590576455da67fcea62da9061705484', '2019-10-16 02:26:22', 1, 'a:1:{i:0;s:64:\"84e0c0eafaa95a34c293f278ac52e45ce537bab5e752a00e6959a13ae103b65a\";}', NULL),
('8792452955da67e49b17296036519968', '2019-10-16 02:19:53', 1, 'a:1:{i:0;s:64:\"84e0c0eafaa95a34c293f278ac52e45ce537bab5e752a00e6959a13ae103b65a\";}', NULL),
('8865389865da6826cad8b42002476195', '2019-10-16 02:37:32', 0, 'a:1:{i:0;s:64:\"84e0c0eafaa95a34c293f278ac52e45ce537bab5e752a00e6959a13ae103b65a\";}', NULL),
('8942076125d89d5657401d8092479205', '2019-09-24 08:35:49', 1, 'a:1:{i:0;s:64:\"84e0c0eafaa95a34c293f278ac52e45ce537bab5e752a00e6959a13ae103b65a\";}', NULL),
('8961555635da67d3d6e21c5065931492', '2019-10-16 02:15:25', 1, 'a:1:{i:0;s:64:\"84e0c0eafaa95a34c293f278ac52e45ce537bab5e752a00e6959a13ae103b65a\";}', NULL),
('9000221765da67e85c5fa94067275865', '2019-10-16 02:20:53', 1, 'a:1:{i:0;s:64:\"84e0c0eafaa95a34c293f278ac52e45ce537bab5e752a00e6959a13ae103b65a\";}', NULL),
('9016073965d89d698934963082937670', '2019-09-24 08:40:56', 1, 'a:1:{i:0;s:64:\"84e0c0eafaa95a34c293f278ac52e45ce537bab5e752a00e6959a13ae103b65a\";}', NULL),
('9025096755d8c2ee51dc718037210041', '2019-09-26 03:22:13', 1, 'a:1:{i:0;s:64:\"84e0c0eafaa95a34c293f278ac52e45ce537bab5e752a00e6959a13ae103b65a\";}', NULL),
('9025465935da67913e21e12035563892', '2019-10-16 01:57:39', 1, 'a:1:{i:0;s:64:\"84e0c0eafaa95a34c293f278ac52e45ce537bab5e752a00e6959a13ae103b65a\";}', NULL),
('9157419215da67d8631b034036378092', '2019-10-16 02:16:38', 1, 'a:1:{i:0;s:64:\"84e0c0eafaa95a34c293f278ac52e45ce537bab5e752a00e6959a13ae103b65a\";}', NULL),
('9258697065da68161c54456026951941', '2019-10-16 02:33:05', 1, 'a:1:{i:0;s:64:\"84e0c0eafaa95a34c293f278ac52e45ce537bab5e752a00e6959a13ae103b65a\";}', NULL),
('9272044965d8c2f661a23a4024574885', '2019-09-26 03:24:22', 1, 'a:1:{i:0;s:64:\"84e0c0eafaa95a34c293f278ac52e45ce537bab5e752a00e6959a13ae103b65a\";}', NULL),
('9329725595da67bd4c81857043935341', '2019-10-16 02:09:24', 1, 'a:1:{i:0;s:64:\"84e0c0eafaa95a34c293f278ac52e45ce537bab5e752a00e6959a13ae103b65a\";}', NULL),
('9532802645da680cec04a50056308282', '2019-10-16 02:30:38', 1, 'a:1:{i:0;s:64:\"84e0c0eafaa95a34c293f278ac52e45ce537bab5e752a00e6959a13ae103b65a\";}', NULL),
('9564667245da681317ec022015945563', '2019-10-16 02:32:17', 1, 'a:1:{i:0;s:64:\"84e0c0eafaa95a34c293f278ac52e45ce537bab5e752a00e6959a13ae103b65a\";}', NULL),
('9593112755da67de14330d4040899894', '2019-10-16 02:18:09', 1, 'a:1:{i:0;s:64:\"84e0c0eafaa95a34c293f278ac52e45ce537bab5e752a00e6959a13ae103b65a\";}', NULL),
('9622487665da67876e23f19066471657', '2019-10-16 01:55:02', 1, 'a:1:{i:0;s:64:\"84e0c0eafaa95a34c293f278ac52e45ce537bab5e752a00e6959a13ae103b65a\";}', NULL),
('9718428045d89d5ff633628034005749', '2019-09-24 08:38:23', 1, 'a:1:{i:0;s:64:\"84e0c0eafaa95a34c293f278ac52e45ce537bab5e752a00e6959a13ae103b65a\";}', NULL),
('9750851565da67f93a138d6092722198', '2019-10-16 02:25:23', 1, 'a:1:{i:0;s:64:\"84e0c0eafaa95a34c293f278ac52e45ce537bab5e752a00e6959a13ae103b65a\";}', NULL),
('9797748935da67cb12dcc75039479432', '2019-10-16 02:13:05', 1, 'a:1:{i:0;s:64:\"84e0c0eafaa95a34c293f278ac52e45ce537bab5e752a00e6959a13ae103b65a\";}', NULL),
('9803445305d89d47bc64b09062203223', '2019-09-24 08:31:55', 1, 'a:1:{i:0;s:64:\"84e0c0eafaa95a34c293f278ac52e45ce537bab5e752a00e6959a13ae103b65a\";}', NULL);

