-- phpMyAdmin SQL Dump
-- version 4.9.1
-- https://www.phpmyadmin.net/
--
-- Host: knauf-test-rds-cluster.cluster-cn0eeh36tnx0.ap-southeast-1.rds.amazonaws.com
-- Generation Time: Nov 06, 2019 at 03:40 PM
-- Server version: 5.6.10
-- PHP Version: 7.1.32

SET SQL_MODE = "NO_AUTO_VALUE_ON_ZERO";
SET AUTOCOMMIT = 0;
START TRANSACTION;
SET time_zone = "+00:00";


/*!40101 SET @OLD_CHARACTER_SET_CLIENT=@@CHARACTER_SET_CLIENT */;
/*!40101 SET @OLD_CHARACTER_SET_RESULTS=@@CHARACTER_SET_RESULTS */;
/*!40101 SET @OLD_COLLATION_CONNECTION=@@COLLATION_CONNECTION */;
/*!40101 SET NAMES utf8mb4 */;

--
-- Database: `wf_workflow`
--

-- --------------------------------------------------------

--
-- Table structure for table `GROUPWF`
--

CREATE TABLE `GROUPWF` (
  `GRP_UID` varchar(32) NOT NULL,
  `GRP_TITLE` mediumtext NOT NULL,
  `GRP_STATUS` char(8) NOT NULL DEFAULT 'ACTIVE',
  `GRP_LDAP_DN` varchar(255) NOT NULL DEFAULT '',
  `GRP_UX` varchar(128) DEFAULT 'NORMAL',
  `GRP_ID` int(11) NOT NULL,
  `GRP_STATUS_ID` int(11) DEFAULT '0'
) ENGINE=InnoDB DEFAULT CHARSET=utf8;

--
-- Dumping data for table `GROUPWF`
--

INSERT INTO `GROUPWF` (`GRP_UID`, `GRP_TITLE`, `GRP_STATUS`, `GRP_LDAP_DN`, `GRP_UX`, `GRP_ID`, `GRP_STATUS_ID`) VALUES
('1956496045db28968c3b211056130902', 'MGR-APAC', 'ACTIVE', '', 'NORMAL', 17, 0),
('2331482745da7f373e6a5b3059330614', 'APAC-TWN', 'ACTIVE', '', 'NORMAL', 11, 0),
('2603819515c89056cbef040052399911', 'APAC', 'ACTIVE', '', 'NORMAL', 1, 0),
('2980324345da7f398ac5769035836974', 'APAC-KOR', 'ACTIVE', '', 'NORMAL', 15, 0),
('3069873805da7934becdf28074257154', 'APAC-AUS', 'ACTIVE', '', 'NORMAL', 12, 0),
('3688942675da7f08de8ca43055488326', 'Global Administrators', 'ACTIVE', '', 'NORMAL', 8, 0),
('4441378875da7f38daf7792017402818', 'APAC-SGP', 'ACTIVE', '', 'NORMAL', 14, 0),
('45980492056cf9790aca9c2049280993', 'Administration', 'ACTIVE', '', 'NORMAL', 3, 0),
('4956488575da7f0b7e46aa9051763511', 'Local Administrators', 'ACTIVE', '', 'NORMAL', 9, 0),
('6001587415d3fb56f60c9c2092663131', 'APAC-PHI', 'ACTIVE', '', 'NORMAL', 2, 0),
('6566021025da7f36c96cae3052927825', 'APAC-HKG', 'ACTIVE', '', 'NORMAL', 10, 0),
('7009095245db2877dcc7b20087418944', 'MGR-APAC-AUS', 'ACTIVE', '', 'NORMAL', 16, 0),
('7050067355da7f387885c91007362350', 'APAC-VNM', 'ACTIVE', '', 'NORMAL', 13, 0),
('9470677725d886eac93d038050244466', 'APAC-CHN', 'ACTIVE', '', 'NORMAL', 6, 0),
('9555860125da7f37e36ef85049327902', 'APAC-THA', 'ACTIVE', '', 'NORMAL', 7, 0),
('9809725535d5367f2d8d067036555873', 'APAC-IDN', 'ACTIVE', '', 'NORMAL', 4, 0);

-- --------------------------------------------------------

--
-- Table structure for table `GROUP_USER`
--

CREATE TABLE `GROUP_USER` (
  `GRP_UID` varchar(32) NOT NULL DEFAULT '0',
  `USR_UID` varchar(32) NOT NULL DEFAULT '0',
  `GRP_ID` int(11) DEFAULT '0',
  `USR_ID` int(11) DEFAULT '0'
) ENGINE=InnoDB DEFAULT CHARSET=utf8;

--
-- Dumping data for table `GROUP_USER`
--

INSERT INTO `GROUP_USER` (`GRP_UID`, `USR_UID`, `GRP_ID`, `USR_ID`) VALUES
('2603819515c89056cbef040052399911', '00000000000000000000000000000001', 1, 0),
('2603819515c89056cbef040052399911', '1146057945d3faedb2e7c21078059895', 1, 0),
('2603819515c89056cbef040052399911', '1182703045d537516478f87046246804', 1, 0),
('2603819515c89056cbef040052399911', '1195111405da67b3f6a9dd3016852310', 1, 0),
('2603819515c89056cbef040052399911', '1231390205d3fb4e01f04f6087878040', 1, 0),
('2603819515c89056cbef040052399911', '1340473655d5665b8c88264082816832', 1, 0),
('2603819515c89056cbef040052399911', '1386773495da679a2dc6982014573595', 1, 0),
('2603819515c89056cbef040052399911', '1460308585da67ea5309936097772495', 1, 0),
('2603819515c89056cbef040052399911', '1520478115da67cfb133725001755698', 1, 0),
('2603819515c89056cbef040052399911', '1533589575d8c3397596d60048023472', 1, 0),
('2603819515c89056cbef040052399911', '1540739385da67e252eb1a5041375711', 1, 0),
('2603819515c89056cbef040052399911', '1665864385da68244896b23012883557', 1, 0),
('2603819515c89056cbef040052399911', '1697020705d566366a4fad5087672895', 1, 0),
('2603819515c89056cbef040052399911', '1726009895da67a3b39cdf3044164128', 1, 0),
('2603819515c89056cbef040052399911', '1739965555d3fb3bc0321d3052430620', 1, 0),
('2603819515c89056cbef040052399911', '1791466125da682af8dd018063128845', 1, 0),
('2603819515c89056cbef040052399911', '1796483685da67cd7c463a2039276070', 1, 0),
('2603819515c89056cbef040052399911', '1838388015d8c32e3cf06a3047133942', 1, 0),
('2603819515c89056cbef040052399911', '1989991545bda55b6d10632082797630', 1, 0),
('2603819515c89056cbef040052399911', '2049337045d56668f73de37027302004', 1, 0),
('2603819515c89056cbef040052399911', '2074846145d8c312805b846015816119', 1, 0),
('2603819515c89056cbef040052399911', '2085756345d8c33d2b783f6053895586', 1, 0),
('2603819515c89056cbef040052399911', '2093925165d3fb32135f691068948951', 1, 0),
('2603819515c89056cbef040052399911', '2111915495d3fdaa6c7bfd2052497434', 1, 0),
('2603819515c89056cbef040052399911', '2139438985da67f0c7b6e08056718790', 1, 0),
('2603819515c89056cbef040052399911', '2215831685da681087830d4061666754', 1, 0),
('2603819515c89056cbef040052399911', '2316337335da67f4e5ece70022849695', 1, 0),
('2603819515c89056cbef040052399911', '2323737065da67c85a35390083336860', 1, 0),
('2603819515c89056cbef040052399911', '2381908305d899619115686069376368', 1, 0),
('2603819515c89056cbef040052399911', '2601324285da67a6a730e37035210046', 1, 0),
('2603819515c89056cbef040052399911', '2693417175d3fb0feda35e7039543989', 1, 0),
('2603819515c89056cbef040052399911', '2771927115da67c5f2d03b2019228248', 1, 0),
('2603819515c89056cbef040052399911', '2803150955da67fb36f88d3083119520', 1, 0),
('2603819515c89056cbef040052399911', '2855639345d56627e3f8489036206655', 1, 0),
('2603819515c89056cbef040052399911', '2856390745c792ba8eb0359090875314', 1, 0),
('2603819515c89056cbef040052399911', '3065051765d5365636020f4090660944', 1, 0),
('2603819515c89056cbef040052399911', '3173011715d8c1e9e123911076914764', 1, 0),
('2603819515c89056cbef040052399911', '3271758435d3fb41606e330094073909', 1, 0),
('2603819515c89056cbef040052399911', '3331645055da681b837ef29023967870', 1, 0),
('2603819515c89056cbef040052399911', '3379723005d3fb1974f8161050059451', 1, 0),
('2603819515c89056cbef040052399911', '3419054305d3fb00f664051020317401', 1, 0),
('2603819515c89056cbef040052399911', '3524852725d565e0a0239b0007445348', 1, 0),
('2603819515c89056cbef040052399911', '3553682275d8c30caa5c0c1099848350', 1, 0),
('2603819515c89056cbef040052399911', '3578277445da67c41e92b23066508588', 1, 0),
('2603819515c89056cbef040052399911', '3578509695c8f4e2423a989058192977', 1, 0),
('2603819515c89056cbef040052399911', '3598706955d3fae80be9790014842879', 1, 0),
('2603819515c89056cbef040052399911', '3673074545d5663a94f3141037191568', 1, 0),
('2603819515c89056cbef040052399911', '3685603045c8f4dcb1ef9d9059890202', 1, 0),
('2603819515c89056cbef040052399911', '3745184045d3fb23a2f2454076865364', 1, 0),
('2603819515c89056cbef040052399911', '3824924435da681fab0b2e6095393904', 1, 0),
('2603819515c89056cbef040052399911', '3836525225d89d77abced44087377857', 1, 0),
('2603819515c89056cbef040052399911', '3930912035d3faf59b09902089462932', 1, 0),
('2603819515c89056cbef040052399911', '3957166655da67d1a69f7b6027736960', 1, 0),
('2603819515c89056cbef040052399911', '3987780125d89955fa385e3001148799', 1, 0),
('2603819515c89056cbef040052399911', '4056534755da6803f0eb862018477646', 1, 0),
('2603819515c89056cbef040052399911', '4069563405d8c37d43453a5016485401', 1, 0),
('2603819515c89056cbef040052399911', '4242841965d896ed7f24a04017033985', 1, 0),
('2603819515c89056cbef040052399911', '4260826805d3fb5389edd83076285094', 1, 0),
('2603819515c89056cbef040052399911', '4263232775da67b0bea0001091259927', 1, 0),
('2603819515c89056cbef040052399911', '4326164425d3fb1c56edc24051306598', 1, 0),
('2603819515c89056cbef040052399911', '4329610375d5662bdadebd4057853127', 1, 0),
('2603819515c89056cbef040052399911', '4335124725da67e028a8c08040348247', 1, 0),
('2603819515c89056cbef040052399911', '4419754665da6821f65f300080642637', 1, 0),
('2603819515c89056cbef040052399911', '4450615135da67f6c951ac0072299981', 1, 0),
('2603819515c89056cbef040052399911', '4590248685da67ff688b276026450711', 1, 0),
('2603819515c89056cbef040052399911', '4709776055da68196293250000821510', 1, 0),
('2603819515c89056cbef040052399911', '4761488705d3fb35a113365098753209', 1, 0),
('2603819515c89056cbef040052399911', '4779217155d89d65006bad3086274590', 1, 0),
('2603819515c89056cbef040052399911', '4814003185d8c2fd310c5b2001484733', 1, 0),
('2603819515c89056cbef040052399911', '4848956625d5664cb1ded96045552819', 1, 0),
('2603819515c89056cbef040052399911', '4947513325d8c376d6b3dd6059801750', 1, 0),
('2603819515c89056cbef040052399911', '4952935735da67ec5eb0410083504192', 1, 0),
('2603819515c89056cbef040052399911', '5031433015d89d507f16c16065285438', 1, 0),
('2603819515c89056cbef040052399911', '5054254075c866080af6348028578652', 1, 0),
('2603819515c89056cbef040052399911', '5113640855d3fb444579492076828036', 1, 0),
('2603819515c89056cbef040052399911', '5139881255d8c317d757932057263503', 1, 0),
('2603819515c89056cbef040052399911', '5346289105d8c36d8387457088887490', 1, 0),
('2603819515c89056cbef040052399911', '5456659515da67ee69c18b8068991402', 1, 0),
('2603819515c89056cbef040052399911', '5500384265d896e69d56754013129235', 1, 0),
('2603819515c89056cbef040052399911', '5599593145d565dc26b0416091527599', 1, 0),
('2603819515c89056cbef040052399911', '5630526805da67b63b08b73056239136', 1, 0),
('2603819515c89056cbef040052399911', '5640199155d3fdb2985ef85050357369', 1, 0),
('2603819515c89056cbef040052399911', '5650984815d8c369150ca96032709671', 1, 0),
('2603819515c89056cbef040052399911', '5728128025d899509707c12011854138', 1, 0),
('2603819515c89056cbef040052399911', '5906980245da68286204636054977111', 1, 0),
('2603819515c89056cbef040052399911', '5920847225d3fb1f855c6b7050293073', 1, 0),
('2603819515c89056cbef040052399911', '5941327905d53663653cb83031459207', 1, 0),
('2603819515c89056cbef040052399911', '6007216615d89d436cf8357099994899', 1, 0),
('2603819515c89056cbef040052399911', '6066674725d89d5bb28f126033248393', 1, 0),
('2603819515c89056cbef040052399911', '6098984245d896f5da61a74007328013', 1, 0),
('2603819515c89056cbef040052399911', '6146450595d3fb0479da195014124954', 1, 0),
('2603819515c89056cbef040052399911', '6261178115d3fe250ab9443085058305', 1, 0),
('2603819515c89056cbef040052399911', '6275750785d3fdb62451f08022724475', 1, 0),
('2603819515c89056cbef040052399911', '6336081655d89d6de6e1bd6001256112', 1, 0),
('2603819515c89056cbef040052399911', '6344301225d3fe2181619a9065735923', 1, 0),
('2603819515c89056cbef040052399911', '6369199765d8995c974e238032585434', 1, 0),
('2603819515c89056cbef040052399911', '6476663655da679d2de0821067225213', 1, 0),
('2603819515c89056cbef040052399911', '6608302035d56610eeca133097238228', 1, 0),
('2603819515c89056cbef040052399911', '6621945965da681d6a233a8044370209', 1, 0),
('2603819515c89056cbef040052399911', '6734909165c8660b18cef85071846108', 1, 0),
('2603819515c89056cbef040052399911', '6841470775da680abc42670032775599', 1, 0),
('2603819515c89056cbef040052399911', '6881775295da678df701ae1003692186', 1, 0),
('2603819515c89056cbef040052399911', '6990077575d3fb38a8a9393087566831', 1, 0),
('2603819515c89056cbef040052399911', '7039927345d5661b5e21f84023639041', 1, 0),
('2603819515c89056cbef040052399911', '7053762775d5375935c6c46037431490', 1, 0),
('2603819515c89056cbef040052399911', '7076284835d56647ac4cfe7066681939', 1, 0),
('2603819515c89056cbef040052399911', '7158000975d8c37219e1820032014524', 1, 0),
('2603819515c89056cbef040052399911', '7159891755d3fae51668710043461935', 1, 0),
('2603819515c89056cbef040052399911', '7175403755d89d72e3ef028062642819', 1, 0),
('2603819515c89056cbef040052399911', '7180008005d43dea5ae51a4096201329', 1, 0),
('2603819515c89056cbef040052399911', '7199125345da67947256f93093511663', 1, 0),
('2603819515c89056cbef040052399911', '7201430585c928822686af3071843170', 1, 0),
('2603819515c89056cbef040052399911', '7293126885d3fb47c5227b1050208725', 1, 0),
('2603819515c89056cbef040052399911', '7474175465c8f4dac447234050977038', 1, 0),
('2603819515c89056cbef040052399911', '7475349035c8660efaf47f5052308797', 1, 0),
('2603819515c89056cbef040052399911', '7610292385c86612287c860012103391', 1, 0),
('2603819515c89056cbef040052399911', '7765270725d565d518fe1a6018454218', 1, 0),
('2603819515c89056cbef040052399911', '8029862875da67b9b8f6305095172599', 1, 0),
('2603819515c89056cbef040052399911', '8065305425da67a078f34a9043354939', 1, 0),
('2603819515c89056cbef040052399911', '8154080485da6806fddbd66071222267', 1, 0),
('2603819515c89056cbef040052399911', '8171364315d8c329d7a9d16079013163', 1, 0),
('2603819515c89056cbef040052399911', '8197082355c8f4e086fff47015880419', 1, 0),
('2603819515c89056cbef040052399911', '8328875875d8c1e392af352027907764', 1, 0),
('2603819515c89056cbef040052399911', '8340544975da68012201db4019301236', 1, 0),
('2603819515c89056cbef040052399911', '8416593055da67db6d5b5b7048512264', 1, 0),
('2603819515c89056cbef040052399911', '8505999125d8c363cf1b498046911445', 1, 0),
('2603819515c89056cbef040052399911', '8531349125d3fb4b1b00465087302011', 1, 0),
('2603819515c89056cbef040052399911', '8590576455da67fcea62da9061705484', 1, 0),
('2603819515c89056cbef040052399911', '8746855515c8f4dee1b4988096196525', 1, 0),
('2603819515c89056cbef040052399911', '8792452955da67e49b17296036519968', 1, 0),
('2603819515c89056cbef040052399911', '8795794585d3fb2eb5fafc4022757526', 1, 0),
('2603819515c89056cbef040052399911', '8864665895d566648a93fb0088442728', 1, 0),
('2603819515c89056cbef040052399911', '8865389865da6826cad8b42002476195', 1, 0),
('2603819515c89056cbef040052399911', '8942076125d89d5657401d8092479205', 1, 0),
('2603819515c89056cbef040052399911', '8946535195d5662faf011e6090166947', 1, 0),
('2603819515c89056cbef040052399911', '8961555635da67d3d6e21c5065931492', 1, 0),
('2603819515c89056cbef040052399911', '8997789975d3fb079f12be9078658180', 1, 0),
('2603819515c89056cbef040052399911', '9000221765da67e85c5fa94067275865', 1, 0),
('2603819515c89056cbef040052399911', '9016073965d89d698934963082937670', 1, 0),
('2603819515c89056cbef040052399911', '9025096755d8c2ee51dc718037210041', 1, 0),
('2603819515c89056cbef040052399911', '9025465935da67913e21e12035563892', 1, 0),
('2603819515c89056cbef040052399911', '9070695965d3faf9b2cc299002226454', 1, 0),
('2603819515c89056cbef040052399911', '9122158895d3fb3e813e6c8050519838', 1, 0),
('2603819515c89056cbef040052399911', '9157419215da67d8631b034036378092', 1, 0),
('2603819515c89056cbef040052399911', '9258697065da68161c54456026951941', 1, 0),
('2603819515c89056cbef040052399911', '9272044965d8c2f661a23a4024574885', 1, 0),
('2603819515c89056cbef040052399911', '9329725595da67bd4c81857043935341', 1, 0),
('2603819515c89056cbef040052399911', '9342741515d56660ab93ae9033986900', 1, 0),
('2603819515c89056cbef040052399911', '9365292815c792b9072fda3097556850', 1, 0),
('2603819515c89056cbef040052399911', '9372259765d3fb29e806798081160447', 1, 0),
('2603819515c89056cbef040052399911', '9532802645da680cec04a50056308282', 1, 0),
('2603819515c89056cbef040052399911', '9547519345ca4b60b08cd27063022816', 1, 0),
('2603819515c89056cbef040052399911', '9564667245da681317ec022015945563', 1, 0),
('2603819515c89056cbef040052399911', '9593112755da67de14330d4040899894', 1, 0),
('2603819515c89056cbef040052399911', '9622487665da67876e23f19066471657', 1, 0),
('2603819515c89056cbef040052399911', '9670424635d3fb5125b9952098291574', 1, 0),
('2603819515c89056cbef040052399911', '9718428045d89d5ff633628034005749', 1, 0),
('2603819515c89056cbef040052399911', '9733734955bda5957591b88026488524', 1, 0),
('2603819515c89056cbef040052399911', '9750851565da67f93a138d6092722198', 1, 0),
('2603819515c89056cbef040052399911', '9797748935da67cb12dcc75039479432', 1, 0),
('2603819515c89056cbef040052399911', '9803445305d89d47bc64b09062203223', 1, 0),
('2603819515c89056cbef040052399911', '9946648105d5661fe376241087092671', 1, 0),
('6001587415d3fb56f60c9c2092663131', '1146057945d3faedb2e7c21078059895', 2, 0),
('6001587415d3fb56f60c9c2092663131', '1231390205d3fb4e01f04f6087878040', 2, 0),
('6001587415d3fb56f60c9c2092663131', '1739965555d3fb3bc0321d3052430620', 2, 0),
('6001587415d3fb56f60c9c2092663131', '2093925165d3fb32135f691068948951', 2, 0),
('6001587415d3fb56f60c9c2092663131', '2693417175d3fb0feda35e7039543989', 2, 0),
('6001587415d3fb56f60c9c2092663131', '3271758435d3fb41606e330094073909', 2, 0),
('6001587415d3fb56f60c9c2092663131', '3379723005d3fb1974f8161050059451', 2, 0),
('6001587415d3fb56f60c9c2092663131', '3419054305d3fb00f664051020317401', 2, 0),
('6001587415d3fb56f60c9c2092663131', '3598706955d3fae80be9790014842879', 2, 0),
('6001587415d3fb56f60c9c2092663131', '3745184045d3fb23a2f2454076865364', 2, 0),
('6001587415d3fb56f60c9c2092663131', '3930912035d3faf59b09902089462932', 2, 0),
('6001587415d3fb56f60c9c2092663131', '4260826805d3fb5389edd83076285094', 2, 0),
('6001587415d3fb56f60c9c2092663131', '4326164425d3fb1c56edc24051306598', 2, 0),
('6001587415d3fb56f60c9c2092663131', '4761488705d3fb35a113365098753209', 2, 0),
('6001587415d3fb56f60c9c2092663131', '5113640855d3fb444579492076828036', 2, 0),
('6001587415d3fb56f60c9c2092663131', '5920847225d3fb1f855c6b7050293073', 2, 0),
('6001587415d3fb56f60c9c2092663131', '6146450595d3fb0479da195014124954', 2, 0),
('6001587415d3fb56f60c9c2092663131', '6990077575d3fb38a8a9393087566831', 2, 0),
('6001587415d3fb56f60c9c2092663131', '7159891755d3fae51668710043461935', 2, 0),
('6001587415d3fb56f60c9c2092663131', '7293126885d3fb47c5227b1050208725', 2, 0),
('6001587415d3fb56f60c9c2092663131', '8531349125d3fb4b1b00465087302011', 2, 0),
('6001587415d3fb56f60c9c2092663131', '8795794585d3fb2eb5fafc4022757526', 2, 0),
('6001587415d3fb56f60c9c2092663131', '8997789975d3fb079f12be9078658180', 2, 0),
('6001587415d3fb56f60c9c2092663131', '9070695965d3faf9b2cc299002226454', 2, 0),
('6001587415d3fb56f60c9c2092663131', '9122158895d3fb3e813e6c8050519838', 2, 0),
('6001587415d3fb56f60c9c2092663131', '9372259765d3fb29e806798081160447', 2, 0),
('6001587415d3fb56f60c9c2092663131', '9670424635d3fb5125b9952098291574', 2, 0),
('6555578385d70761719cc86098628084', '3685603045c8f4dcb1ef9d9059890202', 5, 0),
('9470677725d886eac93d038050244466', '1838388015d8c32e3cf06a3047133942', 6, 0),
('9470677725d886eac93d038050244466', '2074846145d8c312805b846015816119', 6, 0),
('9470677725d886eac93d038050244466', '2085756345d8c33d2b783f6053895586', 6, 0),
('9470677725d886eac93d038050244466', '2381908305d899619115686069376368', 6, 0),
('9470677725d886eac93d038050244466', '3553682275d8c30caa5c0c1099848350', 6, 0),
('9470677725d886eac93d038050244466', '3836525225d89d77abced44087377857', 6, 0),
('9470677725d886eac93d038050244466', '3987780125d89955fa385e3001148799', 6, 0),
('9470677725d886eac93d038050244466', '4069563405d8c37d43453a5016485401', 6, 0),
('9470677725d886eac93d038050244466', '4242841965d896ed7f24a04017033985', 6, 0),
('9470677725d886eac93d038050244466', '4779217155d89d65006bad3086274590', 6, 0),
('9470677725d886eac93d038050244466', '4814003185d8c2fd310c5b2001484733', 6, 0),
('9470677725d886eac93d038050244466', '4947513325d8c376d6b3dd6059801750', 6, 0),
('9470677725d886eac93d038050244466', '5031433015d89d507f16c16065285438', 6, 0),
('9470677725d886eac93d038050244466', '5139881255d8c317d757932057263503', 6, 0),
('9470677725d886eac93d038050244466', '5346289105d8c36d8387457088887490', 6, 0),
('9470677725d886eac93d038050244466', '5500384265d896e69d56754013129235', 6, 0),
('9470677725d886eac93d038050244466', '5650984815d8c369150ca96032709671', 6, 0),
('9470677725d886eac93d038050244466', '5728128025d899509707c12011854138', 6, 0),
('9470677725d886eac93d038050244466', '6007216615d89d436cf8357099994899', 6, 0),
('9470677725d886eac93d038050244466', '6066674725d89d5bb28f126033248393', 6, 0),
('9470677725d886eac93d038050244466', '6098984245d896f5da61a74007328013', 6, 0),
('9470677725d886eac93d038050244466', '6336081655d89d6de6e1bd6001256112', 6, 0),
('9470677725d886eac93d038050244466', '6369199765d8995c974e238032585434', 6, 0),
('9470677725d886eac93d038050244466', '7158000975d8c37219e1820032014524', 6, 0),
('9470677725d886eac93d038050244466', '7175403755d89d72e3ef028062642819', 6, 0),
('9470677725d886eac93d038050244466', '8171364315d8c329d7a9d16079013163', 6, 0),
('9470677725d886eac93d038050244466', '8328875875d8c1e392af352027907764', 6, 0),
('9470677725d886eac93d038050244466', '8505999125d8c363cf1b498046911445', 6, 0),
('9470677725d886eac93d038050244466', '8942076125d89d5657401d8092479205', 6, 0),
('9470677725d886eac93d038050244466', '9016073965d89d698934963082937670', 6, 0),
('9470677725d886eac93d038050244466', '9025096755d8c2ee51dc718037210041', 6, 0),
('9470677725d886eac93d038050244466', '9272044965d8c2f661a23a4024574885', 6, 0),
('9470677725d886eac93d038050244466', '9718428045d89d5ff633628034005749', 6, 0),
('9470677725d886eac93d038050244466', '9803445305d89d47bc64b09062203223', 6, 0),
('9809725535d5367f2d8d067036555873', '1182703045d537516478f87046246804', 4, 0),
('9809725535d5367f2d8d067036555873', '1340473655d5665b8c88264082816832', 4, 0),
('9809725535d5367f2d8d067036555873', '1989991545bda55b6d10632082797630', 4, 0),
('9809725535d5367f2d8d067036555873', '2049337045d56668f73de37027302004', 4, 0),
('9809725535d5367f2d8d067036555873', '2111915495d3fdaa6c7bfd2052497434', 4, 0),
('9809725535d5367f2d8d067036555873', '2855639345d56627e3f8489036206655', 4, 0),
('9809725535d5367f2d8d067036555873', '3065051765d5365636020f4090660944', 4, 0),
('9809725535d5367f2d8d067036555873', '3524852725d565e0a0239b0007445348', 4, 0),
('9809725535d5367f2d8d067036555873', '3673074545d5663a94f3141037191568', 4, 0),
('9809725535d5367f2d8d067036555873', '4329610375d5662bdadebd4057853127', 4, 0),
('9809725535d5367f2d8d067036555873', '4848956625d5664cb1ded96045552819', 4, 0),
('9809725535d5367f2d8d067036555873', '5599593145d565dc26b0416091527599', 4, 0),
('9809725535d5367f2d8d067036555873', '5941327905d53663653cb83031459207', 4, 0),
('9809725535d5367f2d8d067036555873', '6275750785d3fdb62451f08022724475', 4, 0),
('9809725535d5367f2d8d067036555873', '6608302035d56610eeca133097238228', 4, 0),
('9809725535d5367f2d8d067036555873', '7039927345d5661b5e21f84023639041', 4, 0),
('9809725535d5367f2d8d067036555873', '7053762775d5375935c6c46037431490', 4, 0),
('9809725535d5367f2d8d067036555873', '7076284835d56647ac4cfe7066681939', 4, 0),
('9809725535d5367f2d8d067036555873', '7765270725d565d518fe1a6018454218', 4, 0),
('9809725535d5367f2d8d067036555873', '8864665895d566648a93fb0088442728', 4, 0),
('9809725535d5367f2d8d067036555873', '8946535195d5662faf011e6090166947', 4, 0),
('9809725535d5367f2d8d067036555873', '9342741515d56660ab93ae9033986900', 4, 0),
('9809725535d5367f2d8d067036555873', '9946648105d5661fe376241087092671', 4, 0);

-- --------------------------------------------------------

--
-- Table structure for table `RBAC_USERS`
--

CREATE TABLE `RBAC_USERS` (
  `USR_UID` varchar(32) NOT NULL DEFAULT '',
  `USR_USERNAME` varchar(100) NOT NULL DEFAULT '',
  `USR_PASSWORD` varchar(128) NOT NULL DEFAULT '',
  `USR_FIRSTNAME` varchar(50) NOT NULL DEFAULT '',
  `USR_LASTNAME` varchar(50) NOT NULL DEFAULT '',
  `USR_EMAIL` varchar(100) NOT NULL DEFAULT '',
  `USR_DUE_DATE` date NOT NULL,
  `USR_CREATE_DATE` datetime DEFAULT NULL,
  `USR_UPDATE_DATE` datetime DEFAULT NULL,
  `USR_STATUS` int(11) NOT NULL DEFAULT '1',
  `USR_AUTH_TYPE` varchar(32) NOT NULL DEFAULT '',
  `UID_AUTH_SOURCE` varchar(32) NOT NULL DEFAULT '',
  `USR_AUTH_USER_DN` varchar(255) NOT NULL DEFAULT '',
  `USR_AUTH_SUPERVISOR_DN` varchar(255) NOT NULL DEFAULT ''
) ENGINE=InnoDB DEFAULT CHARSET=utf8 COMMENT='Users';

--
-- Dumping data for table `RBAC_USERS`
--

INSERT INTO `RBAC_USERS` (`USR_UID`, `USR_USERNAME`, `USR_PASSWORD`, `USR_FIRSTNAME`, `USR_LASTNAME`, `USR_EMAIL`, `USR_DUE_DATE`, `USR_CREATE_DATE`, `USR_UPDATE_DATE`, `USR_STATUS`, `USR_AUTH_TYPE`, `UID_AUTH_SOURCE`, `USR_AUTH_USER_DN`, `USR_AUTH_SUPERVISOR_DN`) VALUES
('00000000000000000000000000000001', 'admin', '8c6976e5b5410415bde908bd4dee15dfb167a9c873fc4bb8a81f6f2ab448a918', 'Administrator', 'Admin', 'jukumari@processmaker.com', '2020-01-01', '2007-08-03 12:24:36', '2019-10-28 23:22:19', 1, 'MYSQL', '00000000000000000000000000000000', '', ''),
('00000000000000000000000000000002', 'guest', '674ba9750749d735ec9787d606170d78', 'Guest', '', 'jukumari@processmaker.com', '2030-01-01', '2009-02-01 12:24:36', '2009-02-01 12:24:36', 0, 'MYSQL', '00000000000000000000000000000000', '', ''),
('1146057945d3faedb2e7c21078059895', 'jose.bolo', 'af2bdbe1aa9b6ec1e2ade1d694f41fc71a831d0268e9891562113d8a62add1bf', 'Jose Jr.', 'Bolo', 'jukumari@processmaker.com', '2020-07-30', '2019-07-30 02:43:39', '2019-07-30 02:53:01', 1, '', '', '', ''),
('1161881335dafb096b032b1018837150', 'raweewan.seesawang', '28efb68dcba507ecd182bead31e4e2d159b0f9185861d1ebfe60a12dfb310300', 'Raweewan', 'Seesawang', 'jukumari@processmaker.com', '2020-10-23', '2019-10-23 01:44:54', '2019-10-23 01:44:54', 1, '', '', '', ''),
('1182703045d537516478f87046246804', 'apriyansyah', '6c641d45d26ed97e095c0ce92fd408462ec41decd801ada4df5395860b96eec2', 'Apriyansyah', '.', 'jukumari@processmaker.com', '2020-08-14', '2019-08-14 02:42:30', '2019-08-16 08:33:54', 1, '', '', '', ''),
('1195111405da67b3f6a9dd3016852310', 'etienne.dalton', '28efb68dcba507ecd182bead31e4e2d159b0f9185861d1ebfe60a12dfb310300', 'Etienne', 'Dalton', 'jukumari@processmaker.com', '2020-10-16', '2019-10-16 02:06:55', '2019-10-16 02:06:55', 1, '', '', '', ''),
('1227721445cdfca786d89d9090542512', '', 'af2bdbe1aa9b6ec1e2ade1d694f41fc71a831d0268e9891562113d8a62add1bf', 'Jane', 'Doe', 'jukumari@processmaker.com', '2019-05-30', '2019-05-18 09:03:52', '2019-05-18 09:03:52', 0, '', '', '', ''),
('1230295305dafb2bc3d6ea3023226945', 'rattana.nimmantevin', '28efb68dcba507ecd182bead31e4e2d159b0f9185861d1ebfe60a12dfb310300', 'Rattana', 'Nimmantevin', 'jukumari@processmaker.com', '2020-10-23', '2019-10-23 01:54:04', '2019-10-23 01:54:04', 1, '', '', '', ''),
('1231390205d3fb4e01f04f6087878040', 'charles.ramos', 'af2bdbe1aa9b6ec1e2ade1d694f41fc71a831d0268e9891562113d8a62add1bf', 'Charles', 'Ramos', 'jukumari@processmaker.com', '2020-07-30', '2019-07-30 03:09:20', '2019-07-30 03:09:20', 1, '', '', '', ''),
('1340473655d5665b8c88264082816832', 'irfa.nugraha', 'af2bdbe1aa9b6ec1e2ade1d694f41fc71a831d0268e9891562113d8a62add1bf', 'Irfa', 'Nugraha', 'jukumari@processmaker.com', '2020-08-16', '2019-08-16 08:13:44', '2019-08-16 08:13:44', 1, '', '', '', ''),
('1386773495da679a2dc6982014573595', 'craig.wilkinson', '28efb68dcba507ecd182bead31e4e2d159b0f9185861d1ebfe60a12dfb310300', 'Craig', 'Wilkinson', 'jukumari@processmaker.com', '2020-10-16', '2019-10-16 02:00:02', '2019-10-16 02:00:02', 1, '', '', '', ''),
('1443287315dafaf5fc7a628097240533', 'arphakorn.phaophaithun', '28efb68dcba507ecd182bead31e4e2d159b0f9185861d1ebfe60a12dfb310300', 'Arphakorn', 'Phaophaithun', 'jukumari@processmaker.com', '2020-10-23', '2019-10-23 01:39:43', '2019-10-23 01:39:43', 1, '', '', '', ''),
('1460308585da67ea5309936097772495', 'russell.raihan', 'af2bdbe1aa9b6ec1e2ade1d694f41fc71a831d0268e9891562113d8a62add1bf', 'Russell', 'Raihan', 'jukumari@processmaker.com', '2020-10-16', '2019-10-16 02:21:25', '2019-11-06 20:08:23', 1, '', '', '', ''),
('1520478115da67cfb133725001755698', 'adam.brown', '28efb68dcba507ecd182bead31e4e2d159b0f9185861d1ebfe60a12dfb310300', 'Adam', 'Brown', 'jukumari@processmaker.com', '2020-10-16', '2019-10-16 02:14:19', '2019-10-16 02:14:19', 1, '', '', '', ''),
('1533589575d8c3397596d60048023472', 'hua.fang', 'af2bdbe1aa9b6ec1e2ade1d694f41fc71a831d0268e9891562113d8a62add1bf', 'Hua', 'Fang', 'jukumari@processmaker.com', '2020-09-26', '2019-09-26 03:42:15', '2019-09-26 03:42:15', 1, '', '', '', ''),
('1540739385da67e252eb1a5041375711', 'brett.locke', '28efb68dcba507ecd182bead31e4e2d159b0f9185861d1ebfe60a12dfb310300', 'Brett', 'Locke', 'jukumari@processmaker.com', '2020-10-16', '2019-10-16 02:19:17', '2019-10-16 02:19:17', 1, '', '', '', ''),
('1653357965daf917d710c47033536764', 'thang.pham', '28efb68dcba507ecd182bead31e4e2d159b0f9185861d1ebfe60a12dfb310300', 'Thắng', 'Phạm Văn', 'jukumari@processmaker.com', '2020-10-23', '2019-10-22 23:32:13', '2019-10-22 23:32:13', 1, '', '', '', ''),
('1665864385da68244896b23012883557', 'peter.rodgers', '28efb68dcba507ecd182bead31e4e2d159b0f9185861d1ebfe60a12dfb310300', 'Peter', 'Rodgers', 'jukumari@processmaker.com', '2020-10-16', '2019-10-16 02:36:52', '2019-10-16 02:36:52', 1, '', '', '', ''),
('1697020705d566366a4fad5087672895', 'miftakhul.amin', 'af2bdbe1aa9b6ec1e2ade1d694f41fc71a831d0268e9891562113d8a62add1bf', 'Miftakhul', 'Amin', 'jukumari@processmaker.com', '2020-08-16', '2019-08-16 08:03:50', '2019-08-16 08:03:50', 1, '', '', '', ''),
('1726009895da67a3b39cdf3044164128', 'diem.nguyen', '28efb68dcba507ecd182bead31e4e2d159b0f9185861d1ebfe60a12dfb310300', 'Diem', 'Nguyen', 'jukumari@processmaker.com', '2020-10-16', '2019-10-16 02:02:35', '2019-10-16 02:02:35', 1, '', '', '', ''),
('1739965555d3fb3bc0321d3052430620', 'ranel.sibugan', '0522a55e2d5f0993a3d66d28864b2862a7218a75ea7968b075333434404485c3', 'Ranel Ceazar', 'Sibugan', 'jukumari@processmaker.com', '2020-07-30', '2019-07-30 03:04:28', '2019-08-01 05:23:48', 1, '', '', '', ''),
('1791466125da682af8dd018063128845', 'mark.hutchison', '28efb68dcba507ecd182bead31e4e2d159b0f9185861d1ebfe60a12dfb310300', 'Mark', 'Hutchinson', 'jukumari@processmaker.com', '2020-10-16', '2019-10-16 02:38:39', '2019-10-16 02:38:39', 1, '', '', '', ''),
('1796483685da67cd7c463a2039276070', 'malcom.burkby', '28efb68dcba507ecd182bead31e4e2d159b0f9185861d1ebfe60a12dfb310300', 'Malcolm', 'Burkby', 'jukumari@processmaker.com', '2020-10-16', '2019-10-16 02:13:43', '2019-10-16 02:13:43', 1, '', '', '', ''),
('1838388015d8c32e3cf06a3047133942', 'guoyan.fu', 'af2bdbe1aa9b6ec1e2ade1d694f41fc71a831d0268e9891562113d8a62add1bf', 'Guoyan', 'Fu', 'jukumari@processmaker.com', '2020-09-26', '2019-09-26 03:39:15', '2019-10-23 05:38:59', 1, '', '', '', ''),
('1869611455cdfce632a2279014922776', '', 'af2bdbe1aa9b6ec1e2ade1d694f41fc71a831d0268e9891562113d8a62add1bf', 'Jane', 'Doe', 'jukumari@processmaker.com', '2019-05-30', '2019-05-18 09:20:35', '2019-05-18 09:20:35', 0, '', '', '', ''),
('1989991545bda55b6d10632082797630', 'kevin.armstrong', 'af2bdbe1aa9b6ec1e2ade1d694f41fc71a831d0268e9891562113d8a62add1bf', 'Kevin', 'Armstrong', 'jukumari@processmaker.com', '2029-11-01', '2018-11-01 01:24:06', '2019-11-04 02:58:39', 1, '', '', '', ''),
('2049337045d56668f73de37027302004', 'hendra', 'af2bdbe1aa9b6ec1e2ade1d694f41fc71a831d0268e9891562113d8a62add1bf', 'Hendra', '.', 'jukumari@processmaker.com', '2020-08-16', '2019-08-16 08:17:19', '2019-08-16 08:17:19', 1, '', '', '', ''),
('2074846145d8c312805b846015816119', 'sheng.wei', 'af2bdbe1aa9b6ec1e2ade1d694f41fc71a831d0268e9891562113d8a62add1bf', 'Sheng', 'Wei', 'jukumari@processmaker.com', '2020-09-26', '2019-09-26 03:31:52', '2019-10-23 05:42:31', 1, '', '', '', ''),
('2085756345d8c33d2b783f6053895586', 'zhenyong.liu', 'af2bdbe1aa9b6ec1e2ade1d694f41fc71a831d0268e9891562113d8a62add1bf', 'Zhenyong', 'Liu', 'jukumari@processmaker.com', '2020-09-26', '2019-09-26 03:43:14', '2019-10-23 05:45:40', 1, '', '', '', ''),
('2093925165d3fb32135f691068948951', 'porfirio.banaag', 'd3f07d88abc61affa1f244b8f6a2bdb1467d55d2303ec605824f836721c8e877', 'Porfirio', 'Banaag', 'jukumari@processmaker.com', '2020-07-30', '2019-07-30 03:01:53', '2019-08-01 05:12:15', 1, '', '', '', ''),
('2111915495d3fdaa6c7bfd2052497434', 'wayne.studdon', 'af2bdbe1aa9b6ec1e2ade1d694f41fc71a831d0268e9891562113d8a62add1bf', 'Wayne', 'Studdon', 'jukumari@processmaker.com', '2020-07-30', '2019-07-30 05:50:30', '2019-07-31 08:08:04', 1, '', '', '', ''),
('2139438985da67f0c7b6e08056718790', 'phil.renwick', '28efb68dcba507ecd182bead31e4e2d159b0f9185861d1ebfe60a12dfb310300', 'Phil', 'Renwick', 'jukumari@processmaker.com', '2020-10-16', '2019-10-16 02:23:08', '2019-10-16 02:23:08', 1, '', '', '', ''),
('2174546835dafb4b1987ab1080791711', 'peter.tan', '28efb68dcba507ecd182bead31e4e2d159b0f9185861d1ebfe60a12dfb310300', 'Peter', 'Tan', 'jukumari@processmaker.com', '2020-10-23', '2019-10-23 02:02:25', '2019-10-23 02:02:25', 1, '', '', '', ''),
('2215831685da681087830d4061666754', 'alfons.montebello', '28efb68dcba507ecd182bead31e4e2d159b0f9185861d1ebfe60a12dfb310300', 'Alfons', 'Montebello', 'jukumari@processmaker.com', '2020-10-16', '2019-10-16 02:31:36', '2019-10-16 02:31:36', 1, '', '', '', ''),
('2316337335da67f4e5ece70022849695', 'stewart.keen', '28efb68dcba507ecd182bead31e4e2d159b0f9185861d1ebfe60a12dfb310300', 'Stewart', 'Keen', 'jukumari@processmaker.com', '2020-10-16', '2019-10-16 02:24:14', '2019-10-16 02:24:14', 1, '', '', '', ''),
('2323737065da67c85a35390083336860', 'justin.weier', '28efb68dcba507ecd182bead31e4e2d159b0f9185861d1ebfe60a12dfb310300', 'Justin', 'Weier', 'jukumari@processmaker.com', '2020-10-16', '2019-10-16 02:12:21', '2019-10-16 02:12:21', 1, '', '', '', ''),
('2353418135dafb459865c83022628467', 'anthony.riviere', '28efb68dcba507ecd182bead31e4e2d159b0f9185861d1ebfe60a12dfb310300', 'Anthony', 'Riviere', 'jukumari@processmaker.com', '2020-10-23', '2019-10-23 02:00:57', '2019-10-23 02:00:57', 1, '', '', '', ''),
('2381908305d899619115686069376368', 'tao.ning', 'af2bdbe1aa9b6ec1e2ade1d694f41fc71a831d0268e9891562113d8a62add1bf', 'Tao', 'Ning', 'jukumari@processmaker.com', '2020-09-24', '2019-09-24 04:05:45', '2019-10-23 05:43:05', 1, '', '', '', ''),
('2428311595dafaf3aeb2c57046282702', 'sanguansak.sarangkasiri', '28efb68dcba507ecd182bead31e4e2d159b0f9185861d1ebfe60a12dfb310300', 'Sanguansak', 'Sarangkasiri', 'jukumari@processmaker.com', '2020-10-23', '2019-10-23 01:39:06', '2019-10-23 01:39:06', 1, '', '', '', ''),
('2463146745dafb1eeb9c083026475434', 'somkeit.prapassarin', '28efb68dcba507ecd182bead31e4e2d159b0f9185861d1ebfe60a12dfb310300', 'Somkeit', 'Prapassarin', 'jukumari@processmaker.com', '2020-10-23', '2019-10-23 01:50:38', '2019-10-23 01:50:38', 1, '', '', '', ''),
('2484092705dafb434a31a93098087401', 'edward.ryan', '28efb68dcba507ecd182bead31e4e2d159b0f9185861d1ebfe60a12dfb310300', 'Edward', 'Ryan', 'jukumari@processmaker.com', '2020-10-23', '2019-10-23 02:00:20', '2019-10-23 02:00:20', 1, '', '', '', ''),
('2554175045cdfc77f406325086501673', '', 'af2bdbe1aa9b6ec1e2ade1d694f41fc71a831d0268e9891562113d8a62add1bf', 'Jane', 'Doe', 'jukumari@processmaker.com', '2019-05-30', '2019-05-18 08:51:11', '2019-05-18 08:51:11', 0, '', '', '', ''),
('2601324285da67a6a730e37035210046', 'shailesh.pathak', '28efb68dcba507ecd182bead31e4e2d159b0f9185861d1ebfe60a12dfb310300', 'Shailesh', 'Pathak', 'jukumari@processmaker.com', '2020-10-16', '2019-10-16 02:03:22', '2019-10-16 02:03:22', 1, '', '', '', ''),
('2637705185dafb02e203bd9088893305', 'somporn.noikaew', '28efb68dcba507ecd182bead31e4e2d159b0f9185861d1ebfe60a12dfb310300', 'Somporn', 'Noikaew', 'jukumari@processmaker.com', '2020-10-23', '2019-10-23 01:43:10', '2019-10-23 01:43:10', 1, '', '', '', ''),
('2693417175d3fb0feda35e7039543989', 'paul.buller', 'af2bdbe1aa9b6ec1e2ade1d694f41fc71a831d0268e9891562113d8a62add1bf', 'Paul', 'Buller', 'jukumari@processmaker.com', '2020-07-30', '2019-07-30 02:52:46', '2019-07-30 02:52:46', 1, '', '', '', ''),
('2771927115da67c5f2d03b2019228248', 'jose.motato', '28efb68dcba507ecd182bead31e4e2d159b0f9185861d1ebfe60a12dfb310300', 'Jose', 'Motato Londono', 'jukumari@processmaker.com', '2020-10-16', '2019-10-16 02:11:43', '2019-10-16 02:11:43', 1, '', '', '', ''),
('2803150955da67fb36f88d3083119520', 'mo.chahal', '28efb68dcba507ecd182bead31e4e2d159b0f9185861d1ebfe60a12dfb310300', 'Mo', 'Chahal', 'jukumari@processmaker.com', '2020-10-16', '2019-10-16 02:25:55', '2019-10-16 02:25:55', 1, '', '', '', ''),
('2855639345d56627e3f8489036206655', 'ahmad.jasul', 'af2bdbe1aa9b6ec1e2ade1d694f41fc71a831d0268e9891562113d8a62add1bf', 'Ahmad', 'jasul', 'jukumari@processmaker.com', '2020-08-16', '2019-08-16 07:59:58', '2019-08-16 07:59:58', 1, '', '', '', ''),
('2856390745c792ba8eb0359090875314', 'dev2pm', 'af2bdbe1aa9b6ec1e2ade1d694f41fc71a831d0268e9891562113d8a62add1bf', 'Developer2', 'ProcessMaker', 'jukumari@processmaker.com', '2020-03-01', '2019-03-01 12:55:04', '2019-08-16 09:26:15', 1, '', '', '', ''),
('3065051765d5365636020f4090660944', 'sandy.basuki', 'fb7144c2389c2c0742ddf492b589fd045a0920595db7145ae4641035929d994d', 'Sandy', 'Basuki', 'jukumari@processmaker.com', '2020-08-14', '2019-08-14 01:35:31', '2019-08-16 07:24:02', 1, '', '', '', ''),
('3173011715d8c1e9e123911076914764', 'liu.tong', 'af2bdbe1aa9b6ec1e2ade1d694f41fc71a831d0268e9891562113d8a62add1bf', 'Liu', 'Tong', 'jukumari@processmaker.com', '2020-09-26', '2019-09-26 02:12:46', '2019-09-26 02:12:46', 1, '', '', '', ''),
('3271758435d3fb41606e330094073909', 'rachel.aldovino', 'af2bdbe1aa9b6ec1e2ade1d694f41fc71a831d0268e9891562113d8a62add1bf', 'Rachel', 'Aldovino', 'jukumari@processmaker.com', '2020-07-30', '2019-07-30 03:05:58', '2019-07-30 03:05:58', 1, '', '', '', ''),
('3331645055da681b837ef29023967870', 'joe.mori', '28efb68dcba507ecd182bead31e4e2d159b0f9185861d1ebfe60a12dfb310300', 'Joe', 'Mori', 'jukumari@processmaker.com', '2020-10-16', '2019-10-16 02:34:32', '2019-10-16 02:34:32', 1, '', '', '', ''),
('3379723005d3fb1974f8161050059451', 'jeffrey.rodenas', '7f0300240d0aee1716f258f2e92b7f408e813c89992996647d814c348de11018', 'Jeffrey', 'Rodenas', 'jukumari@processmaker.com', '2020-07-30', '2019-07-30 02:55:19', '2019-08-01 05:12:04', 1, '', '', '', ''),
('3419054305d3fb00f664051020317401', 'exuper.manalo', '9714e2ca440f915e247d94d814f60e8ac4726e4109139c671aa362011708c590', 'Exuper Cleth', 'Manalo', 'jukumari@processmaker.com', '2020-07-30', '2019-07-30 02:48:47', '2019-08-01 05:12:15', 1, '', '', '', ''),
('3524852725d565e0a0239b0007445348', 'yoice.perdanayanti', 'af2bdbe1aa9b6ec1e2ade1d694f41fc71a831d0268e9891562113d8a62add1bf', 'Yoice', 'Perdanayanti', 'jukumari@processmaker.com', '2020-08-16', '2019-08-16 07:40:58', '2019-08-16 07:40:58', 1, '', '', '', ''),
('3553682275d8c30caa5c0c1099848350', 'yin.xu', 'af2bdbe1aa9b6ec1e2ade1d694f41fc71a831d0268e9891562113d8a62add1bf', 'Yin', 'Xu', 'jukumari@processmaker.com', '2020-09-26', '2019-09-26 03:30:18', '2019-10-23 05:44:11', 1, '', '', '', ''),
('3578277445da67c41e92b23066508588', 'silvia.lima', '28efb68dcba507ecd182bead31e4e2d159b0f9185861d1ebfe60a12dfb310300', 'Silvia', 'Lima', 'jukumari@processmaker.com', '2020-10-16', '2019-10-16 02:11:13', '2019-10-16 02:11:13', 1, '', '', '', ''),
('3578509695c8f4e2423a989058192977', 'les.triffet', 'af2bdbe1aa9b6ec1e2ade1d694f41fc71a831d0268e9891562113d8a62add1bf', 'Les', 'Triffet', 'jukumari@processmaker.com', '2020-03-18', '2019-03-18 07:52:04', '2019-07-25 21:29:40', 0, '', '', '', ''),
('3598706955d3fae80be9790014842879', 'aristeo.baloja', 'af2bdbe1aa9b6ec1e2ade1d694f41fc71a831d0268e9891562113d8a62add1bf', 'Aristeo', 'Baloja', 'jukumari@processmaker.com', '2020-07-30', '2019-07-30 02:42:08', '2019-07-30 02:53:22', 1, '', '', '', ''),
('3673074545d5663a94f3141037191568', 'nikmatulloh.Rifai', 'af2bdbe1aa9b6ec1e2ade1d694f41fc71a831d0268e9891562113d8a62add1bf', 'Nikmatulloh', 'Rifai', 'jukumari@processmaker.com', '2020-08-16', '2019-08-16 08:04:57', '2019-08-16 08:04:57', 1, '', '', '', ''),
('3685603045c8f4dcb1ef9d9059890202', 'kathryn.walker', 'af2bdbe1aa9b6ec1e2ade1d694f41fc71a831d0268e9891562113d8a62add1bf', 'Kathryn', 'Walker', 'jukumari@processmaker.com', '2020-03-18', '2019-03-18 07:50:35', '2019-07-25 21:29:50', 1, '', '', '', ''),
('3745184045d3fb23a2f2454076865364', 'rolando.dullavin', 'af2bdbe1aa9b6ec1e2ade1d694f41fc71a831d0268e9891562113d8a62add1bf', 'Rolando', 'Dullavin', 'jukumari@processmaker.com', '2020-07-30', '2019-07-30 02:58:02', '2019-07-30 02:58:02', 1, '', '', '', ''),
('3762451575daf9060f38901009688967', 'quan.tran', 'e02364ab4d7d50d150db766f60153f9a35c98bdc16fbbd65d46cc5f2a9f4a445', 'Quân', 'Trần Hồng', 'jukumari@processmaker.com', '2020-10-23', '2019-10-22 23:27:28', '2019-10-25 02:36:29', 1, '', '', '', ''),
('3824924435da681fab0b2e6095393904', 'michael.thomas', '28efb68dcba507ecd182bead31e4e2d159b0f9185861d1ebfe60a12dfb310300', 'Michael', 'Thomas', 'jukumari@processmaker.com', '2020-10-16', '2019-10-16 02:35:38', '2019-10-16 02:35:38', 1, '', '', '', ''),
('3836525225d89d77abced44087377857', 'qiang.wang', 'af2bdbe1aa9b6ec1e2ade1d694f41fc71a831d0268e9891562113d8a62add1bf', 'Qiang', 'Wang', 'jukumari@processmaker.com', '2020-09-24', '2019-09-24 08:44:42', '2019-10-23 05:41:53', 1, '', '', '', ''),
('3893636685dafb406f2b0a0069131386', 'thanaphon.sunthratharathon', '28efb68dcba507ecd182bead31e4e2d159b0f9185861d1ebfe60a12dfb310300', 'Thanaphon', 'Sunthratharathon', 'jukumari@processmaker.com', '2020-10-23', '2019-10-23 01:59:34', '2019-10-23 01:59:34', 1, '', '', '', ''),
('3930912035d3faf59b09902089462932', 'jocelyn.pinay', 'af2bdbe1aa9b6ec1e2ade1d694f41fc71a831d0268e9891562113d8a62add1bf', 'Jocelyn', 'Pinay', 'jukumari@processmaker.com', '2020-07-30', '2019-07-30 02:45:45', '2019-08-16 15:04:08', 1, '', '', '', ''),
('3944011005d88cd51913149014356219', '', 'af2bdbe1aa9b6ec1e2ade1d694f41fc71a831d0268e9891562113d8a62add1bf', 'Xiao', 'Zhang', 'jukumari@processmaker.com', '2020-09-23', '2019-09-23 13:49:05', '2019-09-23 13:49:05', 0, '', '', '', ''),
('3957166655da67d1a69f7b6027736960', 'neil.carlish', '28efb68dcba507ecd182bead31e4e2d159b0f9185861d1ebfe60a12dfb310300', 'Neil', 'Carlish', 'jukumari@processmaker.com', '2020-10-16', '2019-10-16 02:14:50', '2019-10-16 02:14:50', 1, '', '', '', ''),
('3984508615dafb4984aee35043764889', 'fredrik.hellberg', '28efb68dcba507ecd182bead31e4e2d159b0f9185861d1ebfe60a12dfb310300', 'Fredrik', 'Hellberg', 'jukumari@processmaker.com', '2020-10-23', '2019-10-23 02:02:00', '2019-10-23 02:02:00', 1, '', '', '', ''),
('3987780125d89955fa385e3001148799', 'yong.chen', '8d969eef6ecad3c29a3a629280e686cf0c3f5d5a86aff3ca12020c923adc6c92', 'Yong', 'Chen', 'jukumari@processmaker.com', '2020-09-24', '2019-09-24 04:02:39', '2019-10-23 05:44:38', 1, '', '', '', ''),
('4056534755da6803f0eb862018477646', 'andrew.young', '28efb68dcba507ecd182bead31e4e2d159b0f9185861d1ebfe60a12dfb310300', 'Andrew', 'Young', 'jukumari@processmaker.com', '2020-10-16', '2019-10-16 02:28:15', '2019-10-16 02:28:15', 1, '', '', '', ''),
('4069563405d8c37d43453a5016485401', 'ziqiao.ye', 'af2bdbe1aa9b6ec1e2ade1d694f41fc71a831d0268e9891562113d8a62add1bf', 'Ziqiao', 'Ye', 'jukumari@processmaker.com', '2020-09-26', '2019-09-26 04:00:20', '2019-10-23 05:46:17', 1, '', '', '', ''),
('4242841965d896ed7f24a04017033985', 'hongan.ren', '7fe470043b318dba7e07b86d0a910f180ad806bd23dd3ace9b9910c36f0cfb8a', 'Hongan', 'Ren', 'jukumari@processmaker.com', '2020-09-24', '2019-09-24 01:18:15', '2019-10-23 05:39:09', 1, '', '', '', ''),
('4260826805d3fb5389edd83076285094', 'aleksei.mikhailov', 'af2bdbe1aa9b6ec1e2ade1d694f41fc71a831d0268e9891562113d8a62add1bf', 'Aleksei', 'Mikhailov', 'jukumari@processmaker.com', '2020-07-30', '2019-07-30 03:10:48', '2019-10-29 00:08:28', 1, '', '', '', ''),
('4263232775da67b0bea0001091259927', 'katrina.bale', '28efb68dcba507ecd182bead31e4e2d159b0f9185861d1ebfe60a12dfb310300', 'Katrina', 'Bale', 'jukumari@processmaker.com', '2020-10-16', '2019-10-16 02:06:03', '2019-10-16 02:06:03', 1, '', '', '', ''),
('4276230505dafb2e0b77c58062235398', 'pakin.sirilak', '28efb68dcba507ecd182bead31e4e2d159b0f9185861d1ebfe60a12dfb310300', 'Pakin', 'Sirilak', 'jukumari@processmaker.com', '2020-10-23', '2019-10-23 01:54:40', '2019-10-23 01:54:40', 1, '', '', '', ''),
('4326164425d3fb1c56edc24051306598', 'crissia.alonzo', 'af2bdbe1aa9b6ec1e2ade1d694f41fc71a831d0268e9891562113d8a62add1bf', 'Crissia', 'Alonzo', 'jukumari@processmaker.com', '2020-07-30', '2019-07-30 02:56:05', '2019-07-30 02:56:05', 1, '', '', '', ''),
('4329610375d5662bdadebd4057853127', 'yusup.ruckman', 'af2bdbe1aa9b6ec1e2ade1d694f41fc71a831d0268e9891562113d8a62add1bf', 'Yusup', 'Ruckman', 'jukumari@processmaker.com', '2020-08-16', '2019-08-16 08:01:01', '2019-08-16 08:01:01', 1, '', '', '', ''),
('4335124725da67e028a8c08040348247', 'sharon.brailey', '28efb68dcba507ecd182bead31e4e2d159b0f9185861d1ebfe60a12dfb310300', 'Sharon', 'Brailey', 'jukumari@processmaker.com', '2020-10-16', '2019-10-16 02:18:42', '2019-10-16 02:18:42', 1, '', '', '', ''),
('4419754665da6821f65f300080642637', 'michael.holding', '28efb68dcba507ecd182bead31e4e2d159b0f9185861d1ebfe60a12dfb310300', 'Michael', 'Holding', 'jukumari@processmaker.com', '2020-10-16', '2019-10-16 02:36:15', '2019-10-16 02:36:15', 1, '', '', '', ''),
('4450615135da67f6c951ac0072299981', 'george.moawad', '28efb68dcba507ecd182bead31e4e2d159b0f9185861d1ebfe60a12dfb310300', 'George', 'Moawad', 'jukumari@processmaker.com', '2020-10-16', '2019-10-16 02:24:44', '2019-10-16 02:24:44', 1, '', '', '', ''),
('4457502375daf8f5734e465033124273', 'hung.pham', '28efb68dcba507ecd182bead31e4e2d159b0f9185861d1ebfe60a12dfb310300', 'Hưng', 'Phạm Quang', 'jukumari@processmaker.com', '2020-10-23', '2019-10-22 23:23:03', '2019-10-22 23:23:03', 1, '', '', '', ''),
('4461233155dafb0ff9ba026019380055', 'apiphoo.chootan', '28efb68dcba507ecd182bead31e4e2d159b0f9185861d1ebfe60a12dfb310300', 'Apiphoo', 'Chootan', 'jukumari@processmaker.com', '2020-10-23', '2019-10-23 01:46:39', '2019-10-23 01:46:39', 1, '', '', '', ''),
('4539935365daf909294a5b6002686570', 'TuanAnh.Nguyen', '28efb68dcba507ecd182bead31e4e2d159b0f9185861d1ebfe60a12dfb310300', 'Tuấn Anh', 'Nguyễn', 'jukumari@processmaker.com', '2020-10-23', '2019-10-22 23:28:18', '2019-10-22 23:28:18', 1, '', '', '', ''),
('4590248685da67ff688b276026450711', 'dean.piper', '28efb68dcba507ecd182bead31e4e2d159b0f9185861d1ebfe60a12dfb310300', 'Dean', 'Piper', 'jukumari@processmaker.com', '2020-10-16', '2019-10-16 02:27:02', '2019-10-16 02:27:02', 1, '', '', '', ''),
('4709776055da68196293250000821510', 'george.mamic', '28efb68dcba507ecd182bead31e4e2d159b0f9185861d1ebfe60a12dfb310300', 'George', 'Mamic', 'jukumari@processmaker.com', '2020-10-16', '2019-10-16 02:33:58', '2019-10-16 02:33:58', 1, '', '', '', ''),
('4761488705d3fb35a113365098753209', 'aldrian.mendoza', 'af2bdbe1aa9b6ec1e2ade1d694f41fc71a831d0268e9891562113d8a62add1bf', 'Aldrian', 'Mendoza', 'jukumari@processmaker.com', '2020-07-30', '2019-07-30 03:02:50', '2019-10-28 23:52:17', 1, '', '', '', ''),
('4779217155d89d65006bad3086274590', 'jianqiang.wang', 'af2bdbe1aa9b6ec1e2ade1d694f41fc71a831d0268e9891562113d8a62add1bf', 'Jianqiang', 'Wang', 'jukumari@processmaker.com', '2020-09-24', '2019-09-24 08:39:44', '2019-10-23 05:39:57', 1, '', '', '', ''),
('4814003185d8c2fd310c5b2001484733', 'xiangyu.luo', 'af2bdbe1aa9b6ec1e2ade1d694f41fc71a831d0268e9891562113d8a62add1bf', 'Xiangyu', 'Luo', 'jukumari@processmaker.com', '2020-09-26', '2019-09-26 03:26:11', '2019-10-23 05:43:21', 1, '', '', '', ''),
('4848956625d5664cb1ded96045552819', 'suhartono.salim', 'af2bdbe1aa9b6ec1e2ade1d694f41fc71a831d0268e9891562113d8a62add1bf', 'Suhartono', 'Salim', 'jukumari@processmaker.com', '2020-08-16', '2019-08-16 08:09:47', '2019-08-16 08:09:47', 1, '', '', '', ''),
('4873072015dafb39fb91384097457608', 'wichai.kannalongkorn', '28efb68dcba507ecd182bead31e4e2d159b0f9185861d1ebfe60a12dfb310300', 'Wichai', 'Kannalongkorn', 'jukumari@processmaker.com', '2020-10-23', '2019-10-23 01:57:51', '2019-10-23 01:57:51', 1, '', '', '', ''),
('4926586585dafb296be7163042964376', 'saowanee.disathien', '28efb68dcba507ecd182bead31e4e2d159b0f9185861d1ebfe60a12dfb310300', 'Saowanee', 'Disathien', 'jukumari@processmaker.com', '2020-10-23', '2019-10-23 01:53:26', '2019-10-23 01:53:26', 1, '', '', '', ''),
('4940026015daf90eeb7db36058030290', 'dung.ngo', '28efb68dcba507ecd182bead31e4e2d159b0f9185861d1ebfe60a12dfb310300', 'Dũng', 'Ngô Tiến', 'jukumari@processmaker.com', '2020-10-23', '2019-10-22 23:29:50', '2019-10-22 23:29:50', 1, '', '', '', ''),
('4947513325d8c376d6b3dd6059801750', 'jingyu.wang', 'af2bdbe1aa9b6ec1e2ade1d694f41fc71a831d0268e9891562113d8a62add1bf', 'Jingyu', 'Wang', 'jukumari@processmaker.com', '2020-09-26', '2019-09-26 03:58:37', '2019-10-23 05:40:42', 1, '', '', '', ''),
('4952935735da67ec5eb0410083504192', 'chris.williams', '28efb68dcba507ecd182bead31e4e2d159b0f9185861d1ebfe60a12dfb310300', 'Chris', 'Williams', 'jukumari@processmaker.com', '2020-10-16', '2019-10-16 02:21:57', '2019-10-16 02:21:57', 1, '', '', '', ''),
('5031433015d89d507f16c16065285438', 'zhengfeng.sun', 'af2bdbe1aa9b6ec1e2ade1d694f41fc71a831d0268e9891562113d8a62add1bf', 'Zhengfeng', 'Sun', 'jukumari@processmaker.com', '2020-09-24', '2019-09-24 08:34:15', '2019-10-23 05:45:29', 1, '', '', '', ''),
('5054254075c866080af6348028578652', 'steve.bean', 'af2bdbe1aa9b6ec1e2ade1d694f41fc71a831d0268e9891562113d8a62add1bf', 'Steve', 'Bean', 'jukumari@processmaker.com', '2020-03-11', '2019-03-11 13:20:00', '2019-07-25 21:29:58', 1, '', '', '', ''),
('5113640855d3fb444579492076828036', 'kathleen.sagutin', '310fe4caf555c82a9202095c54c7e6ec52b835e9b189d810b8ae2f1a052e26f1', 'Kathleen', 'Sagutin', 'jukumari@processmaker.com', '2020-07-30', '2019-07-30 03:06:44', '2019-08-01 05:11:57', 1, '', '', '', ''),
('5139881255d8c317d757932057263503', 'jiangen.hu', 'af2bdbe1aa9b6ec1e2ade1d694f41fc71a831d0268e9891562113d8a62add1bf', 'Jiangen', 'Hu', 'jukumari@processmaker.com', '2020-09-26', '2019-09-26 03:33:17', '2019-10-23 05:39:28', 1, '', '', '', ''),
('5229478695dafb47de3f585051437756', 'roland.prosenbauer', '28efb68dcba507ecd182bead31e4e2d159b0f9185861d1ebfe60a12dfb310300', 'Roland', 'Prosenbauer', 'jukumari@processmaker.com', '2020-10-23', '2019-10-23 02:01:33', '2019-10-23 02:01:33', 1, '', '', '', ''),
('5247310445daf915817ebe1008491759', 'long.nguyen', '28efb68dcba507ecd182bead31e4e2d159b0f9185861d1ebfe60a12dfb310300', 'Long', 'Nguyễn Hoàng', 'jukumari@processmaker.com', '2020-10-23', '2019-10-22 23:31:36', '2019-10-22 23:31:36', 1, '', '', '', ''),
('5346289105d8c36d8387457088887490', 'jingjun.zhang', 'af2bdbe1aa9b6ec1e2ade1d694f41fc71a831d0268e9891562113d8a62add1bf', 'Jingjun', 'Zhang', 'jukumari@processmaker.com', '2020-09-26', '2019-09-26 03:56:08', '2019-10-23 05:40:29', 1, '', '', '', ''),
('5396985835daf91a615cec8057900258', 'ha.chu', '28efb68dcba507ecd182bead31e4e2d159b0f9185861d1ebfe60a12dfb310300', 'Hà', 'Chu Thị Ngọc', 'jukumari@processmaker.com', '2020-10-23', '2019-10-22 23:32:54', '2019-10-24 05:48:34', 1, '', '', '', ''),
('5456659515da67ee69c18b8068991402', 'steve.james', '28efb68dcba507ecd182bead31e4e2d159b0f9185861d1ebfe60a12dfb310300', 'Steve', 'James', 'jukumari@processmaker.com', '2020-10-16', '2019-10-16 02:22:30', '2019-10-16 02:22:30', 1, '', '', '', ''),
('5500384265d896e69d56754013129235', 'jiaoyue.wu', '8d969eef6ecad3c29a3a629280e686cf0c3f5d5a86aff3ca12020c923adc6c92', 'Jiaoyue', 'Wu', 'jukumari@processmaker.com', '2020-09-24', '2019-09-24 01:16:25', '2019-10-23 05:39:44', 1, '', '', '', ''),
('5562730065cdfc4c5588610026429241', '', 'af2bdbe1aa9b6ec1e2ade1d694f41fc71a831d0268e9891562113d8a62add1bf', 'Jane', 'Doe', 'jukumari@processmaker.com', '2019-05-30', '2019-05-18 08:39:33', '2019-05-18 08:39:33', 0, '', '', '', ''),
('5599593145d565dc26b0416091527599', 'endang.wigiarti', 'af2bdbe1aa9b6ec1e2ade1d694f41fc71a831d0268e9891562113d8a62add1bf', 'Endang', 'Wigiarti', 'jukumari@processmaker.com', '2020-08-16', '2019-08-16 07:39:46', '2019-08-16 07:39:46', 1, '', '', '', ''),
('5630526805da67b63b08b73056239136', 'kristin.gibbs', '28efb68dcba507ecd182bead31e4e2d159b0f9185861d1ebfe60a12dfb310300', 'Kristin', 'Gibbs', 'jukumari@processmaker.com', '2020-10-16', '2019-10-16 02:07:31', '2019-10-16 02:07:31', 1, '', '', '', ''),
('5640199155d3fdb2985ef85050357369', 'kevin.vanaerle', 'af2bdbe1aa9b6ec1e2ade1d694f41fc71a831d0268e9891562113d8a62add1bf', 'Kevin', 'VanAerle', 'jukumari@processmaker.com', '2020-07-30', '2019-07-30 05:52:41', '2019-07-30 05:52:41', 1, '', '', '', ''),
('5644609785dafb12e6fd874092089219', 'ponlabhat.chotikram', '28efb68dcba507ecd182bead31e4e2d159b0f9185861d1ebfe60a12dfb310300', 'Ponlabhat', 'Chotikram', 'jukumari@processmaker.com', '2020-10-23', '2019-10-23 01:47:26', '2019-10-23 01:47:26', 1, '', '', '', ''),
('5650984815d8c369150ca96032709671', 'changjun.bi', 'af2bdbe1aa9b6ec1e2ade1d694f41fc71a831d0268e9891562113d8a62add1bf', 'Changjun', 'Bi', 'jukumari@processmaker.com', '2020-09-26', '2019-09-26 03:54:57', '2019-10-23 05:37:49', 1, '', '', '', ''),
('5684630845daf8f2b6ddce3016677706', 'yen.pham', '28efb68dcba507ecd182bead31e4e2d159b0f9185861d1ebfe60a12dfb310300', 'Bảo Yến', 'Phạm Thị Bảo', 'jukumari@processmaker.com', '2020-10-23', '2019-10-22 23:22:19', '2019-10-22 23:22:19', 1, '', '', '', ''),
('5703597405db13f454e4a78035282206', 'giang.nguyen', '113b8be54118771cc1a683c5729ecca416ab40c42d46702a628694e1084ec71e', 'Giang', 'Nguyễn Thị Hương', 'jukumari@processmaker.com', '2020-10-24', '2019-10-24 06:05:57', '2019-10-24 06:14:51', 1, '', '', '', ''),
('5728128025d899509707c12011854138', 'xiaochao.gong', '8d969eef6ecad3c29a3a629280e686cf0c3f5d5a86aff3ca12020c923adc6c92', 'Xiaochao', 'Gong', 'jukumari@processmaker.com', '2020-09-24', '2019-09-24 04:01:13', '2019-10-23 05:43:54', 1, '', '', '', ''),
('5777808965ca51f4d3b85c7017355707', '', '20842a893c04c146dadd7e58f1f8d75705e94e8011ea7aa13f2cae6523a2fd5d', 'Pedro', 'Silva', 'jukumari@processmaker.com', '2020-04-03', '2019-04-03 21:02:05', '2019-04-03 21:02:05', 0, '', '', '', ''),
('5906980245da68286204636054977111', 'anna.bayder', '28efb68dcba507ecd182bead31e4e2d159b0f9185861d1ebfe60a12dfb310300', 'Anna', 'Bayder', 'jukumari@processmaker.com', '2020-10-16', '2019-10-16 02:37:58', '2019-10-16 02:37:58', 1, '', '', '', ''),
('5920847225d3fb1f855c6b7050293073', 'lenie.morte', 'af2bdbe1aa9b6ec1e2ade1d694f41fc71a831d0268e9891562113d8a62add1bf', 'Lenie Rose', 'Morte', 'jukumari@processmaker.com', '2020-07-30', '2019-07-30 02:56:56', '2019-07-30 02:56:56', 1, '', '', '', ''),
('5941327905d53663653cb83031459207', 'dwi.lestari', '871dc6af697b436aae9313963651e09b8d47bd6e05f952ce80ff32e37d9e4c3e', 'Dwi', 'Lestari', 'jukumari@processmaker.com', '2020-08-14', '2019-08-14 01:39:02', '2019-08-16 07:24:48', 1, '', '', '', ''),
('6007216615d89d436cf8357099994899', 'mi.tian', '31af83445fbbdc730cca704f96db0f85ff8d8a899042ce4131e11a054596e351', 'Mi', 'Tian', 'jukumari@processmaker.com', '2020-09-24', '2019-09-24 08:30:46', '2019-10-23 05:41:12', 1, '', '', '', ''),
('6066674725d89d5bb28f126033248393', 'jun.liang', 'ef797c8118f02dfb649607dd5d3f8c7623048c9c063d532cc95c5ed7a898a64f', 'Jun', 'Liang', 'jukumari@processmaker.com', '2020-09-24', '2019-09-24 08:37:15', '2019-10-23 05:40:53', 1, '', '', '', ''),
('6098984245d896f5da61a74007328013', 'zhongqiu.lu', '7b4ccf4849d0c71c51dade3c7a6afca55d72e9cd7b4d207df3770f300e3addad', 'Zhongqiu', 'Lu', 'jukumari@processmaker.com', '2020-09-24', '2019-09-24 01:20:29', '2019-10-23 05:45:53', 1, '', '', '', ''),
('6146450595d3fb0479da195014124954', 'ronald.lacsamana', '017be0cbe0d440c7b40c39152c41b51cf10d8fcb6f2a8cebbbd0cea273a69a1a', 'Ronald', 'Lacsamana', 'jukumari@processmaker.com', '2020-07-30', '2019-07-30 02:49:43', '2019-08-01 05:12:25', 1, '', '', '', ''),
('6261178115d3fe250ab9443085058305', 'io.sarmiento', '5e8ff9bf55ba3508199d22e984129be6', 'Io', 'Sarmiento', 'jukumari@processmaker.com', '2020-07-30', '2019-07-30 06:23:12', '2019-08-16 15:14:59', 1, '', '', '', ''),
('6275750785d3fdb62451f08022724475', 'leo.alarcon', 'af2bdbe1aa9b6ec1e2ade1d694f41fc71a831d0268e9891562113d8a62add1bf', 'Leonel', 'Alarcon', 'jukumari@processmaker.com', '2020-07-30', '2019-07-30 05:53:38', '2019-08-02 07:45:18', 1, '', '', '', ''),
('6285160935dafb1cc7d6402015197250', 'rung.kaewtabtim', '28efb68dcba507ecd182bead31e4e2d159b0f9185861d1ebfe60a12dfb310300', 'Rung', 'Kaewtabtim', 'jukumari@processmaker.com', '2020-10-23', '2019-10-23 01:50:04', '2019-10-23 01:50:04', 1, '', '', '', ''),
('6299694975dafb0ce3f3651040307471', 'suthep.khampiranon', '28efb68dcba507ecd182bead31e4e2d159b0f9185861d1ebfe60a12dfb310300', 'Suthep', 'Khampiranon', 'jukumari@processmaker.com', '2020-10-23', '2019-10-23 01:45:50', '2019-10-23 01:45:50', 1, '', '', '', ''),
('6336081655d89d6de6e1bd6001256112', 'ying.chen', 'af2bdbe1aa9b6ec1e2ade1d694f41fc71a831d0268e9891562113d8a62add1bf', 'Ying', 'Chen', 'jukumari@processmaker.com', '2020-09-24', '2019-09-24 08:42:06', '2019-10-23 05:44:24', 1, '', '', '', ''),
('6344301225d3fe2181619a9065735923', 'mich.delarosa', 'af2bdbe1aa9b6ec1e2ade1d694f41fc71a831d0268e9891562113d8a62add1bf', 'Mich', 'Dela Rosa', 'jukumari@processmaker.com', '2020-07-30', '2019-07-30 06:22:16', '2019-07-30 06:22:16', 1, '', '', '', ''),
('6369199765d8995c974e238032585434', 'xiao.zhang', 'af2bdbe1aa9b6ec1e2ade1d694f41fc71a831d0268e9891562113d8a62add1bf', 'Xiao', 'Zhang', 'jukumari@processmaker.com', '2020-09-24', '2019-09-24 04:04:25', '2019-10-23 05:43:40', 1, '', '', '', ''),
('6404556735db235ec4e10d8006260126', 'zhoro.iliev', '28efb68dcba507ecd182bead31e4e2d159b0f9185861d1ebfe60a12dfb310300', 'Zhoro Vaskov', 'Iliev', 'jukumari@processmaker.com', '2020-10-25', '2019-10-24 23:38:20', '2019-10-24 23:38:20', 1, '', '', '', ''),
('6476663655da679d2de0821067225213', 'matthew.hirst', '28efb68dcba507ecd182bead31e4e2d159b0f9185861d1ebfe60a12dfb310300', 'Matthew', 'Hirst', 'jukumari@processmaker.com', '2020-10-16', '2019-10-16 02:00:50', '2019-10-16 02:00:50', 1, '', '', '', ''),
('6608302035d56610eeca133097238228', 'guzali.bambang', 'af2bdbe1aa9b6ec1e2ade1d694f41fc71a831d0268e9891562113d8a62add1bf', 'Khoe Guzali', 'Bambang', 'jukumari@processmaker.com', '2020-08-16', '2019-08-16 07:53:50', '2019-08-16 08:33:34', 1, '', '', '', ''),
('6621945965da681d6a233a8044370209', 'stephanie.olsen', '28efb68dcba507ecd182bead31e4e2d159b0f9185861d1ebfe60a12dfb310300', 'Stephanie', 'Olsen', 'jukumari@processmaker.com', '2020-10-16', '2019-10-16 02:35:02', '2019-10-16 02:35:02', 1, '', '', '', ''),
('6734909165c8660b18cef85071846108', 'gavin.burton', 'af2bdbe1aa9b6ec1e2ade1d694f41fc71a831d0268e9891562113d8a62add1bf', 'Gavin', 'Burton', 'jukumari@processmaker.com', '2020-03-11', '2019-03-11 13:20:49', '2019-07-25 21:30:08', 1, '', '', '', ''),
('6841470775da680abc42670032775599', 'ken.holdstock', '28efb68dcba507ecd182bead31e4e2d159b0f9185861d1ebfe60a12dfb310300', 'Ken', 'Holdstock', 'jukumari@processmaker.com', '2020-10-16', '2019-10-16 02:30:03', '2019-10-16 02:30:03', 1, '', '', '', ''),
('6881775295da678df701ae1003692186', 'alan.skicko', '28efb68dcba507ecd182bead31e4e2d159b0f9185861d1ebfe60a12dfb310300', 'Alan', 'Skicko', 'jukumari@processmaker.com', '2020-10-16', '2019-10-16 01:56:47', '2019-10-16 01:56:47', 1, '', '', '', ''),
('6963819625daf8ff25a2001074763751', 'duc.dang', '90dfdd3cb72ddd2a962c0ebb6494b6a4612781582a8623ec6dcab6126137bec3', 'Đức', 'Đặng Văn', 'jukumari@processmaker.com', '2020-10-23', '2019-10-22 23:25:38', '2019-10-25 02:35:51', 1, '', '', '', ''),
('6990077575d3fb38a8a9393087566831', 'emmy.bejo', 'af2bdbe1aa9b6ec1e2ade1d694f41fc71a831d0268e9891562113d8a62add1bf', 'Emmy', 'Bejo', 'jukumari@processmaker.com', '2020-07-30', '2019-07-30 03:03:38', '2019-07-30 03:03:38', 1, '', '', '', ''),
('7039927345d5661b5e21f84023639041', 'ratna.yuli', 'af2bdbe1aa9b6ec1e2ade1d694f41fc71a831d0268e9891562113d8a62add1bf', 'Ratna Yuli', 'Ariyani', 'jukumari@processmaker.com', '2020-08-16', '2019-08-16 07:56:37', '2019-08-16 07:56:37', 1, '', '', '', ''),
('7053762775d5375935c6c46037431490', 'rama.krishnan', 'b96a287d713495da74ad11351ababe973442ed79130801f679a7d5838be82816', 'Rama', 'Krishnan', 'jukumari@processmaker.com', '2020-08-14', '2019-08-14 02:44:35', '2019-08-16 07:24:19', 1, '', '', '', ''),
('7076284835d56647ac4cfe7066681939', 'boedhi.santoso', 'af2bdbe1aa9b6ec1e2ade1d694f41fc71a831d0268e9891562113d8a62add1bf', 'Boedhi', 'Santoso', 'jukumari@processmaker.com', '2020-08-16', '2019-08-16 08:08:26', '2019-08-16 08:08:26', 1, '', '', '', ''),
('7158000975d8c37219e1820032014524', 'qinzheng.chen', 'af2bdbe1aa9b6ec1e2ade1d694f41fc71a831d0268e9891562113d8a62add1bf', 'Qinzheng', 'Chen', 'jukumari@processmaker.com', '2020-09-26', '2019-09-26 03:57:21', '2019-10-23 05:42:13', 1, '', '', '', ''),
('7159891755d3fae51668710043461935', 'joanna.castillo', 'af2bdbe1aa9b6ec1e2ade1d694f41fc71a831d0268e9891562113d8a62add1bf', 'Joanna Mary', 'Castillo', 'jukumari@processmaker.com', '2020-07-30', '2019-07-30 02:41:21', '2019-07-30 02:53:58', 1, '', '', '', ''),
('7175403755d89d72e3ef028062642819', 'pengcheng.yue', 'af2bdbe1aa9b6ec1e2ade1d694f41fc71a831d0268e9891562113d8a62add1bf', 'Pengcheng', 'Yue', 'jukumari@processmaker.com', '2020-09-24', '2019-09-24 08:43:26', '2019-10-23 05:41:38', 1, '', '', '', ''),
('7180008005d43dea5ae51a4096201329', 'oliver.moral', 'af2bdbe1aa9b6ec1e2ade1d694f41fc71a831d0268e9891562113d8a62add1bf', 'Oliver', 'Moral', 'jukumari@processmaker.com', '2020-08-02', '2019-08-02 06:56:37', '2019-08-02 06:57:31', 1, '', '', '', ''),
('7199125345da67947256f93093511663', 'mark.warren', '28efb68dcba507ecd182bead31e4e2d159b0f9185861d1ebfe60a12dfb310300', 'Mark', 'Warren', 'jukumari@processmaker.com', '2020-10-16', '2019-10-16 01:58:31', '2019-10-16 01:58:31', 1, '', '', '', ''),
('7201430585c928822686af3071843170', 'john.smith', 'af2bdbe1aa9b6ec1e2ade1d694f41fc71a831d0268e9891562113d8a62add1bf', 'John', 'Smith', 'jukumari@processmaker.com', '2020-03-20', '2019-03-20 18:36:18', '2019-03-28 19:39:16', 0, '', '', '', ''),
('7293126885d3fb47c5227b1050208725', 'ivy.leobonchiong', 'af2bdbe1aa9b6ec1e2ade1d694f41fc71a831d0268e9891562113d8a62add1bf', 'Ivy Grace', 'Leobonchiong', 'jukumari@processmaker.com', '2020-07-30', '2019-07-30 03:07:40', '2019-07-30 03:07:40', 1, '', '', '', ''),
('7420323795db154c2311d27004135003', 'vu.nguyen', 'af2bdbe1aa9b6ec1e2ade1d694f41fc71a831d0268e9891562113d8a62add1bf', 'Vu', 'Nguyen Thanh', 'jukumari@processmaker.com', '2020-10-24', '2019-10-24 07:37:38', '2019-10-24 07:37:38', 1, '', '', '', ''),
('7474175465c8f4dac447234050977038', 'martin.obrien', 'af2bdbe1aa9b6ec1e2ade1d694f41fc71a831d0268e9891562113d8a62add1bf', 'Martin', 'O\'Brien', 'jukumari@processmaker.com', '2020-03-18', '2019-03-18 07:50:04', '2019-07-25 21:30:20', 1, '', '', '', ''),
('7475349035c8660efaf47f5052308797', 'andy.rylance', 'af2bdbe1aa9b6ec1e2ade1d694f41fc71a831d0268e9891562113d8a62add1bf', 'Andy', 'Rylance', 'jukumari@processmaker.com', '2020-03-11', '2019-03-11 13:21:51', '2019-10-30 21:39:26', 1, '', '', '', ''),
('7524971505dafb3c52eddd2036109191', 'krit.sutthipan', '28efb68dcba507ecd182bead31e4e2d159b0f9185861d1ebfe60a12dfb310300', 'Krit', 'Sutthipan', 'jukumari@processmaker.com', '2020-10-23', '2019-10-23 01:58:29', '2019-10-23 01:58:29', 1, '', '', '', ''),
('7610292385c86612287c860012103391', 'murray.read', 'af2bdbe1aa9b6ec1e2ade1d694f41fc71a831d0268e9891562113d8a62add1bf', 'Murray', 'Read', 'jukumari@processmaker.com', '2020-03-11', '2019-03-11 13:22:42', '2019-07-31 00:55:37', 1, '', '', '', ''),
('7765270725d565d518fe1a6018454218', 'endah.padmiwiyati', 'af2bdbe1aa9b6ec1e2ade1d694f41fc71a831d0268e9891562113d8a62add1bf', 'Endah', 'Padmiwiyati', 'jukumari@processmaker.com', '2020-08-16', '2019-08-16 07:37:53', '2019-08-16 07:37:53', 1, '', '', '', ''),
('7818070505daf91361d9f28032753638', 'viet.luong', '28efb68dcba507ecd182bead31e4e2d159b0f9185861d1ebfe60a12dfb310300', 'Việt', 'Lương Văn', 'jukumari@processmaker.com', '2020-10-23', '2019-10-22 23:31:02', '2019-10-22 23:31:02', 1, '', '', '', ''),
('7830086555dafaee3d96a24078572668', 'maneerath.pinijcredit', '28efb68dcba507ecd182bead31e4e2d159b0f9185861d1ebfe60a12dfb310300', 'Maneerath', 'Pinijcredit', 'jukumari@processmaker.com', '2020-10-23', '2019-10-23 01:37:39', '2019-10-23 01:37:39', 1, '', '', '', ''),
('8029862875da67b9b8f6305095172599', 'matthew.hughes', '28efb68dcba507ecd182bead31e4e2d159b0f9185861d1ebfe60a12dfb310300', 'Matthew', 'Hughes', 'jukumari@processmaker.com', '2020-10-16', '2019-10-16 02:08:27', '2019-10-16 02:08:27', 1, '', '', '', ''),
('8065305425da67a078f34a9043354939', 'phil.james', '28efb68dcba507ecd182bead31e4e2d159b0f9185861d1ebfe60a12dfb310300', 'Phil', 'James', 'jukumari@processmaker.com', '2020-10-16', '2019-10-16 02:01:43', '2019-10-16 02:01:43', 1, '', '', '', ''),
('8154080485da6806fddbd66071222267', 'andrew.carbines', '28efb68dcba507ecd182bead31e4e2d159b0f9185861d1ebfe60a12dfb310300', 'Andrew', 'Carbines', 'jukumari@processmaker.com', '2020-10-16', '2019-10-16 02:29:03', '2019-10-16 02:29:03', 1, '', '', '', ''),
('8171364315d8c329d7a9d16079013163', 'yongqing.zheng', 'af2bdbe1aa9b6ec1e2ade1d694f41fc71a831d0268e9891562113d8a62add1bf', 'Yongqing', 'Zheng', 'jukumari@processmaker.com', '2020-09-26', '2019-09-26 03:38:05', '2019-10-23 05:44:53', 1, '', '', '', ''),
('8197082355c8f4e086fff47015880419', 'greg.bartlett', 'af2bdbe1aa9b6ec1e2ade1d694f41fc71a831d0268e9891562113d8a62add1bf', 'Greg', 'Bartlett', 'jukumari@processmaker.com', '2020-03-18', '2019-03-18 07:51:36', '2019-11-06 20:36:51', 1, '', '', '', ''),
('8214574475daf8f002923e2091696768', 'khoa.do', 'af2bdbe1aa9b6ec1e2ade1d694f41fc71a831d0268e9891562113d8a62add1bf', 'Đăng Khoa', 'Đỗ', 'jukumari@processmaker.com', '2020-10-23', '2019-10-22 23:21:36', '2019-10-24 06:16:05', 1, '', '', '', ''),
('8328875875d8c1e392af352027907764', 'fangdi.yao', 'af2bdbe1aa9b6ec1e2ade1d694f41fc71a831d0268e9891562113d8a62add1bf', 'Fangdi', 'Yao', 'jukumari@processmaker.com', '2020-09-26', '2019-09-26 02:11:05', '2019-10-23 05:38:41', 1, '', '', '', ''),
('8340544975da68012201db4019301236', 'julian.roborgh', '28efb68dcba507ecd182bead31e4e2d159b0f9185861d1ebfe60a12dfb310300', 'Julian', 'Roborgh', 'jukumari@processmaker.com', '2020-10-16', '2019-10-16 02:27:30', '2019-10-16 02:27:30', 1, '', '', '', ''),
('8416593055da67db6d5b5b7048512264', 'lance.mclaren', '28efb68dcba507ecd182bead31e4e2d159b0f9185861d1ebfe60a12dfb310300', 'Lance', 'Mclaren', 'jukumari@processmaker.com', '2020-10-16', '2019-10-16 02:17:26', '2019-10-16 02:17:26', 1, '', '', '', ''),
('8443160395daf90b557db08032514667', 'luong.nguyen', 'c3eeda098959c1c1c2a114babb33d4d6fdc255eb4df8ed3d2cb84986699af72a', 'Lượng', 'Nguyễn Văn', 'jukumari@processmaker.com', '2020-10-23', '2019-10-22 23:28:53', '2019-10-25 02:37:58', 1, '', '', '', ''),
('8505999125d8c363cf1b498046911445', 'shixi.hu', 'af2bdbe1aa9b6ec1e2ade1d694f41fc71a831d0268e9891562113d8a62add1bf', 'Shixi', 'Hu', 'jukumari@processmaker.com', '2020-09-26', '2019-09-26 03:53:32', '2019-10-23 05:42:44', 1, '', '', '', ''),
('8531349125d3fb4b1b00465087302011', 'charlene.bonalos', 'af2bdbe1aa9b6ec1e2ade1d694f41fc71a831d0268e9891562113d8a62add1bf', 'Charlene Adele', 'Bonalos', 'jukumari@processmaker.com', '2020-07-30', '2019-07-30 03:08:33', '2019-07-30 03:08:33', 1, '', '', '', ''),
('8590576455da67fcea62da9061705484', 'trevor.denson', '28efb68dcba507ecd182bead31e4e2d159b0f9185861d1ebfe60a12dfb310300', 'Trevor', 'Denson', 'jukumari@processmaker.com', '2020-10-16', '2019-10-16 02:26:22', '2019-10-16 02:26:22', 1, '', '', '', ''),
('8746855515c8f4dee1b4988096196525', 'adrian.kleitz', 'af2bdbe1aa9b6ec1e2ade1d694f41fc71a831d0268e9891562113d8a62add1bf', 'Adrian', 'Kleitz', 'jukumari@processmaker.com', '2020-03-18', '2019-03-18 07:51:10', '2019-11-06 20:31:54', 1, '', '', '', ''),
('8792452955da67e49b17296036519968', 'derek.dorward', '28efb68dcba507ecd182bead31e4e2d159b0f9185861d1ebfe60a12dfb310300', 'Derek', 'Dorward', 'jukumari@processmaker.com', '2020-10-16', '2019-10-16 02:19:53', '2019-10-16 02:19:53', 1, '', '', '', ''),
('8795794585d3fb2eb5fafc4022757526', 'levi.mortel', 'af2bdbe1aa9b6ec1e2ade1d694f41fc71a831d0268e9891562113d8a62add1bf', 'Levi', 'Mortel', 'jukumari@processmaker.com', '2020-07-30', '2019-07-30 03:00:59', '2019-07-30 03:00:59', 1, '', '', '', ''),
('8864665895d566648a93fb0088442728', 'denny.chrysmianto', 'af2bdbe1aa9b6ec1e2ade1d694f41fc71a831d0268e9891562113d8a62add1bf', 'denny', 'Chrysmianto', 'jukumari@processmaker.com', '2020-08-16', '2019-08-16 08:16:08', '2019-08-16 08:16:08', 1, '', '', '', ''),
('8865389865da6826cad8b42002476195', 'nigel.mckenna', '28efb68dcba507ecd182bead31e4e2d159b0f9185861d1ebfe60a12dfb310300', 'Nigel', 'Mckenna', 'jukumari@processmaker.com', '2020-10-16', '2019-10-16 02:37:32', '2019-10-16 02:37:32', 1, '', '', '', ''),
('8942076125d89d5657401d8092479205', 'jiefeng.zou', 'af2bdbe1aa9b6ec1e2ade1d694f41fc71a831d0268e9891562113d8a62add1bf', 'Jiefeng', 'Zou', 'jukumari@processmaker.com', '2020-09-24', '2019-09-24 08:35:49', '2019-10-23 05:40:10', 1, '', '', '', ''),
('8946535195d5662faf011e6090166947', 'iip.rohima', 'af2bdbe1aa9b6ec1e2ade1d694f41fc71a831d0268e9891562113d8a62add1bf', 'IIp', 'Rohima', 'jukumari@processmaker.com', '2020-08-16', '2019-08-16 08:02:02', '2019-08-16 08:02:02', 1, '', '', '', ''),
('8961555635da67d3d6e21c5065931492', 'tanya.everding', '28efb68dcba507ecd182bead31e4e2d159b0f9185861d1ebfe60a12dfb310300', 'Tanya', 'Everding', 'jukumari@processmaker.com', '2020-10-16', '2019-10-16 02:15:25', '2019-10-16 02:15:25', 1, '', '', '', ''),
('8997789975d3fb079f12be9078658180', 'joey.cabadin', 'c6c1f0e4b44ff6e8d05b1e43205507a4e5216bcb16b987d063810989056bf983', 'Joey', 'Cabadin', 'jukumari@processmaker.com', '2020-07-30', '2019-07-30 02:50:33', '2019-08-01 05:12:40', 1, '', '', '', ''),
('9000221765da67e85c5fa94067275865', 'nhi.pham', '28efb68dcba507ecd182bead31e4e2d159b0f9185861d1ebfe60a12dfb310300', 'Nhi', 'Pham', 'jukumari@processmaker.com', '2020-10-16', '2019-10-16 02:20:53', '2019-10-16 02:20:53', 1, '', '', '', ''),
('9016073965d89d698934963082937670', 'zhongsheng.chai', 'af2bdbe1aa9b6ec1e2ade1d694f41fc71a831d0268e9891562113d8a62add1bf', 'Zhongsheng', 'Chai', 'jukumari@processmaker.com', '2020-09-24', '2019-09-24 08:40:56', '2019-10-23 05:46:05', 1, '', '', '', ''),
('9025096755d8c2ee51dc718037210041', 'chengzhong.zhan', 'af2bdbe1aa9b6ec1e2ade1d694f41fc71a831d0268e9891562113d8a62add1bf', 'Chengzhong', 'Zhan', 'jukumari@processmaker.com', '2020-09-26', '2019-09-26 03:22:13', '2019-10-23 05:38:09', 1, '', '', '', ''),
('9025465935da67913e21e12035563892', 'arthur.sliwinski', '28efb68dcba507ecd182bead31e4e2d159b0f9185861d1ebfe60a12dfb310300', 'Arthur', 'Sliwinski', 'jukumari@processmaker.com', '2020-10-16', '2019-10-16 01:57:39', '2019-10-16 01:57:39', 1, '', '', '', ''),
('9070695965d3faf9b2cc299002226454', 'daryll.castro', 'af2bdbe1aa9b6ec1e2ade1d694f41fc71a831d0268e9891562113d8a62add1bf', 'Daryll', 'Castro', 'jukumari@processmaker.com', '2020-07-30', '2019-07-30 02:46:51', '2019-07-30 02:54:24', 1, '', '', '', ''),
('9122158895d3fb3e813e6c8050519838', 'henry.flores', 'd9e6cc045e45c60d35ba31b74ea55ef7a92cda26b73a06ad081df33f880d39fb', 'Henry', 'Flores', 'jukumari@processmaker.com', '2020-07-30', '2019-07-30 03:05:12', '2019-08-05 01:10:08', 1, '', '', '', ''),
('9157419215da67d8631b034036378092', 'andrew.balding', '28efb68dcba507ecd182bead31e4e2d159b0f9185861d1ebfe60a12dfb310300', 'Andrew', 'Balding', 'jukumari@processmaker.com', '2020-10-16', '2019-10-16 02:16:38', '2019-10-16 02:16:38', 1, '', '', '', ''),
('9170733825daf902fb04af1051363018', 'tien.hoang', '28efb68dcba507ecd182bead31e4e2d159b0f9185861d1ebfe60a12dfb310300', 'Tiền', 'Hoàng Văn', 'jukumari@processmaker.com', '2020-10-23', '2019-10-22 23:26:39', '2019-10-22 23:26:39', 1, '', '', '', ''),
('9258697065da68161c54456026951941', 'alireza.bataghva', '28efb68dcba507ecd182bead31e4e2d159b0f9185861d1ebfe60a12dfb310300', 'Alireza', 'Bataghva', 'jukumari@processmaker.com', '2020-10-16', '2019-10-16 02:33:05', '2019-10-16 02:33:05', 1, '', '', '', ''),
('9272044965d8c2f661a23a4024574885', 'baoru.qiu', '28efb68dcba507ecd182bead31e4e2d159b0f9185861d1ebfe60a12dfb310300', 'Baoru', 'Qiu', 'jukumari@processmaker.com', '2020-09-26', '2019-09-26 03:24:22', '2019-10-23 04:15:31', 1, '', '', '', ''),
('9294424245dafb3e82456a1047262932', 'songtham.wongthammanuphap', '28efb68dcba507ecd182bead31e4e2d159b0f9185861d1ebfe60a12dfb310300', 'Songtham', 'Wongthammanuphap', 'jukumari@processmaker.com', '2020-10-23', '2019-10-23 01:59:04', '2019-10-23 01:59:04', 1, '', '', '', ''),
('9329725595da67bd4c81857043935341', 'alex.johnson', '28efb68dcba507ecd182bead31e4e2d159b0f9185861d1ebfe60a12dfb310300', 'Alex', 'Johnson', 'jukumari@processmaker.com', '2020-10-16', '2019-10-16 02:09:24', '2019-10-16 02:09:24', 1, '', '', '', ''),
('9342741515d56660ab93ae9033986900', 'samuel.hutabarat', 'af2bdbe1aa9b6ec1e2ade1d694f41fc71a831d0268e9891562113d8a62add1bf', 'Samuel', 'Hutabarat', 'jukumari@processmaker.com', '2020-08-16', '2019-08-16 08:15:06', '2019-08-16 08:15:06', 1, '', '', '', ''),
('9364610835dafb1a68919d7004683424', 'seksan.wangdee', '28efb68dcba507ecd182bead31e4e2d159b0f9185861d1ebfe60a12dfb310300', 'Seksan', 'Wangdee', 'jukumari@processmaker.com', '2020-10-23', '2019-10-23 01:49:26', '2019-10-23 01:49:26', 1, '', '', '', ''),
('9365292815c792b9072fda3097556850', 'dev1pm', '1fa83e79f516e13742c2c5fe51d12047b3d87d5526abda97bb853ef9091eb792', 'Developer1', 'ProcessMaker', 'jukumari@processmaker.com', '2020-03-01', '2019-03-01 12:54:40', '2019-03-28 19:43:45', 1, '', '', '', ''),
('9372259765d3fb29e806798081160447', 'leovino.alvarez', 'af2bdbe1aa9b6ec1e2ade1d694f41fc71a831d0268e9891562113d8a62add1bf', 'Leovino', 'Alvarez', 'jukumari@processmaker.com', '2020-07-30', '2019-07-30 02:59:42', '2019-07-30 02:59:42', 1, '', '', '', ''),
('9532802645da680cec04a50056308282', 'martin.o\'brien', '28efb68dcba507ecd182bead31e4e2d159b0f9185861d1ebfe60a12dfb310300', 'Martin', 'O\'Brien', 'jukumari@processmaker.com', '2020-10-16', '2019-10-16 02:30:38', '2019-10-16 04:22:02', 1, '', '', '', ''),
('9547519345ca4b60b08cd27063022816', 'test', '8c6976e5b5410415bde908bd4dee15dfb167a9c873fc4bb8a81f6f2ab448a918', 'test', 'test', 'jukumari@processmaker.com', '2020-04-03', '2019-04-03 13:32:59', '2019-04-03 17:43:34', 0, '', '', '', ''),
('9564667245da681317ec022015945563', 'charles.barakat', '28efb68dcba507ecd182bead31e4e2d159b0f9185861d1ebfe60a12dfb310300', 'Charles', 'Barakat', 'jukumari@processmaker.com', '2020-10-16', '2019-10-16 02:32:17', '2019-10-16 02:32:17', 1, '', '', '', '');
INSERT INTO `RBAC_USERS` (`USR_UID`, `USR_USERNAME`, `USR_PASSWORD`, `USR_FIRSTNAME`, `USR_LASTNAME`, `USR_EMAIL`, `USR_DUE_DATE`, `USR_CREATE_DATE`, `USR_UPDATE_DATE`, `USR_STATUS`, `USR_AUTH_TYPE`, `UID_AUTH_SOURCE`, `USR_AUTH_USER_DN`, `USR_AUTH_SUPERVISOR_DN`) VALUES
('9593112755da67de14330d4040899894', 'margaret.thorpe', '28efb68dcba507ecd182bead31e4e2d159b0f9185861d1ebfe60a12dfb310300', 'Margaret', 'Thorpe', 'jukumari@processmaker.com', '2020-10-16', '2019-10-16 02:18:09', '2019-10-16 02:18:09', 1, '', '', '', ''),
('9622487665da67876e23f19066471657', 'stewart.cooke', '28efb68dcba507ecd182bead31e4e2d159b0f9185861d1ebfe60a12dfb310300', 'Stewart', 'Cooke', 'jukumari@processmaker.com', '2020-10-16', '2019-10-16 01:55:02', '2019-10-16 01:55:02', 1, '', '', '', ''),
('9670424635d3fb5125b9952098291574', 'marco.liwanag', '1786e2b8bfc370b179b2f01f094a08fb7602910b7b677fadb59ce6d968ae67ea', 'Marco Polo', 'Liwanag', 'jukumari@processmaker.com', '2020-07-30', '2019-07-30 03:10:10', '2019-08-01 05:12:04', 1, '', '', '', ''),
('9688651985c9287fd6dd871096977822', 'crystal.wendel', 'af2bdbe1aa9b6ec1e2ade1d694f41fc71a831d0268e9891562113d8a62add1bf', 'Crystal', 'Wendel', 'jukumari@processmaker.com', '2020-03-20', '2019-03-20 18:35:41', '2019-07-25 21:30:39', 0, '', '', '', ''),
('9718428045d89d5ff633628034005749', 'densen.zu', 'af2bdbe1aa9b6ec1e2ade1d694f41fc71a831d0268e9891562113d8a62add1bf', 'Densen', 'Zu', 'jukumari@processmaker.com', '2020-09-24', '2019-09-24 08:38:23', '2019-10-23 05:38:26', 1, '', '', '', ''),
('9733734955bda5957591b88026488524', 'jayke.anderson', 'af2bdbe1aa9b6ec1e2ade1d694f41fc71a831d0268e9891562113d8a62add1bf', 'Jayke', 'Anderson', 'jukumari@processmaker.com', '2029-11-01', '2018-11-01 01:39:35', '2019-11-04 02:58:47', 1, '', '', '', ''),
('9750851565da67f93a138d6092722198', 'pim.calkhoven', '28efb68dcba507ecd182bead31e4e2d159b0f9185861d1ebfe60a12dfb310300', 'Pim', 'Calkhoven', 'jukumari@processmaker.com', '2020-10-16', '2019-10-16 02:25:23', '2019-10-16 02:25:23', 1, '', '', '', ''),
('9797748935da67cb12dcc75039479432', 'annette.bisinella', '28efb68dcba507ecd182bead31e4e2d159b0f9185861d1ebfe60a12dfb310300', 'Annette', 'Bisinella', 'jukumari@processmaker.com', '2020-10-16', '2019-10-16 02:13:05', '2019-10-16 02:13:05', 1, '', '', '', ''),
('9803445305d89d47bc64b09062203223', 'yu.liu', 'af2bdbe1aa9b6ec1e2ade1d694f41fc71a831d0268e9891562113d8a62add1bf', 'Yu', 'Liu', 'jukumari@processmaker.com', '2020-09-24', '2019-09-24 08:31:55', '2019-10-23 05:45:10', 1, '', '', '', ''),
('9819647065daf8f8571ccc1048701617', 'huong.duong', '28efb68dcba507ecd182bead31e4e2d159b0f9185861d1ebfe60a12dfb310300', 'Hương', 'Dương Thị Thu', 'jukumari@processmaker.com', '2020-10-23', '2019-10-22 23:23:49', '2019-10-22 23:23:49', 1, '', '', '', ''),
('9946648105d5661fe376241087092671', 'ahmad.soleh', 'af2bdbe1aa9b6ec1e2ade1d694f41fc71a831d0268e9891562113d8a62add1bf', 'Ahmad', 'Soleh', 'jukumari@processmaker.com', '2020-08-16', '2019-08-16 07:57:50', '2019-10-29 21:53:48', 1, '', '', '', '');

-- --------------------------------------------------------

--
-- Table structure for table `RBAC_USERS_ROLES`
--

CREATE TABLE `RBAC_USERS_ROLES` (
  `USR_UID` varchar(32) NOT NULL DEFAULT '',
  `ROL_UID` varchar(32) NOT NULL DEFAULT ''
) ENGINE=InnoDB DEFAULT CHARSET=utf8 COMMENT='Roles of the users';

--
-- Dumping data for table `RBAC_USERS_ROLES`
--

INSERT INTO `RBAC_USERS_ROLES` (`USR_UID`, `ROL_UID`) VALUES
('00000000000000000000000000000001', '00000000000000000000000000000002'),
('00000000000000000000000000000002', '00000000000000000000000000000005'),
('1146057945d3faedb2e7c21078059895', '00000000000000000000000000000003'),
('1161881335dafb096b032b1018837150', '00000000000000000000000000000003'),
('1182703045d537516478f87046246804', '00000000000000000000000000000003'),
('1195111405da67b3f6a9dd3016852310', '00000000000000000000000000000003'),
('1227721445cdfca786d89d9090542512', '00000000000000000000000000000003'),
('1230295305dafb2bc3d6ea3023226945', '00000000000000000000000000000003'),
('1231390205d3fb4e01f04f6087878040', '00000000000000000000000000000003'),
('1340473655d5665b8c88264082816832', '00000000000000000000000000000003'),
('1386773495da679a2dc6982014573595', '00000000000000000000000000000003'),
('1443287315dafaf5fc7a628097240533', '00000000000000000000000000000003'),
('1460308585da67ea5309936097772495', '00000000000000000000000000000003'),
('1520478115da67cfb133725001755698', '00000000000000000000000000000003'),
('1533589575d8c3397596d60048023472', '00000000000000000000000000000003'),
('1540739385da67e252eb1a5041375711', '00000000000000000000000000000003'),
('1653357965daf917d710c47033536764', '00000000000000000000000000000003'),
('1665864385da68244896b23012883557', '00000000000000000000000000000003'),
('1697020705d566366a4fad5087672895', '00000000000000000000000000000003'),
('1726009895da67a3b39cdf3044164128', '00000000000000000000000000000003'),
('1739965555d3fb3bc0321d3052430620', '00000000000000000000000000000003'),
('1791466125da682af8dd018063128845', '00000000000000000000000000000003'),
('1796483685da67cd7c463a2039276070', '00000000000000000000000000000003'),
('1838388015d8c32e3cf06a3047133942', '00000000000000000000000000000003'),
('1869611455cdfce632a2279014922776', '00000000000000000000000000000003'),
('1989991545bda55b6d10632082797630', '00000000000000000000000000000002'),
('2049337045d56668f73de37027302004', '00000000000000000000000000000003'),
('2074846145d8c312805b846015816119', '00000000000000000000000000000003'),
('2085756345d8c33d2b783f6053895586', '00000000000000000000000000000003'),
('2093925165d3fb32135f691068948951', '00000000000000000000000000000003'),
('2111915495d3fdaa6c7bfd2052497434', '00000000000000000000000000000004'),
('2139438985da67f0c7b6e08056718790', '00000000000000000000000000000003'),
('2174546835dafb4b1987ab1080791711', '00000000000000000000000000000003'),
('2215831685da681087830d4061666754', '00000000000000000000000000000003'),
('2316337335da67f4e5ece70022849695', '00000000000000000000000000000003'),
('2323737065da67c85a35390083336860', '00000000000000000000000000000003'),
('2353418135dafb459865c83022628467', '00000000000000000000000000000003'),
('2381908305d899619115686069376368', '00000000000000000000000000000003'),
('2428311595dafaf3aeb2c57046282702', '00000000000000000000000000000003'),
('2463146745dafb1eeb9c083026475434', '00000000000000000000000000000003'),
('2484092705dafb434a31a93098087401', '00000000000000000000000000000003'),
('2554175045cdfc77f406325086501673', '00000000000000000000000000000003'),
('2601324285da67a6a730e37035210046', '00000000000000000000000000000003'),
('2637705185dafb02e203bd9088893305', '00000000000000000000000000000003'),
('2693417175d3fb0feda35e7039543989', '00000000000000000000000000000003'),
('2771927115da67c5f2d03b2019228248', '00000000000000000000000000000003'),
('2803150955da67fb36f88d3083119520', '00000000000000000000000000000003'),
('2855639345d56627e3f8489036206655', '00000000000000000000000000000003'),
('2856390745c792ba8eb0359090875314', '00000000000000000000000000000002'),
('3065051765d5365636020f4090660944', '00000000000000000000000000000004'),
('3173011715d8c1e9e123911076914764', '00000000000000000000000000000003'),
('3271758435d3fb41606e330094073909', '00000000000000000000000000000003'),
('3331645055da681b837ef29023967870', '00000000000000000000000000000003'),
('3379723005d3fb1974f8161050059451', '00000000000000000000000000000003'),
('3419054305d3fb00f664051020317401', '00000000000000000000000000000003'),
('3524852725d565e0a0239b0007445348', '00000000000000000000000000000003'),
('3553682275d8c30caa5c0c1099848350', '00000000000000000000000000000003'),
('3578277445da67c41e92b23066508588', '00000000000000000000000000000003'),
('3578509695c8f4e2423a989058192977', '00000000000000000000000000000003'),
('3598706955d3fae80be9790014842879', '00000000000000000000000000000003'),
('3673074545d5663a94f3141037191568', '00000000000000000000000000000003'),
('3685603045c8f4dcb1ef9d9059890202', '00000000000000000000000000000004'),
('3745184045d3fb23a2f2454076865364', '00000000000000000000000000000003'),
('3762451575daf9060f38901009688967', '00000000000000000000000000000003'),
('3824924435da681fab0b2e6095393904', '00000000000000000000000000000003'),
('3836525225d89d77abced44087377857', '00000000000000000000000000000003'),
('3893636685dafb406f2b0a0069131386', '00000000000000000000000000000003'),
('3930912035d3faf59b09902089462932', '00000000000000000000000000000003'),
('3944011005d88cd51913149014356219', '00000000000000000000000000000003'),
('3957166655da67d1a69f7b6027736960', '00000000000000000000000000000003'),
('3984508615dafb4984aee35043764889', '00000000000000000000000000000003'),
('3987780125d89955fa385e3001148799', '00000000000000000000000000000003'),
('4056534755da6803f0eb862018477646', '00000000000000000000000000000003'),
('4069563405d8c37d43453a5016485401', '00000000000000000000000000000003'),
('4242841965d896ed7f24a04017033985', '00000000000000000000000000000003'),
('4260826805d3fb5389edd83076285094', '00000000000000000000000000000003'),
('4263232775da67b0bea0001091259927', '00000000000000000000000000000003'),
('4276230505dafb2e0b77c58062235398', '00000000000000000000000000000003'),
('4326164425d3fb1c56edc24051306598', '00000000000000000000000000000003'),
('4329610375d5662bdadebd4057853127', '00000000000000000000000000000003'),
('4335124725da67e028a8c08040348247', '00000000000000000000000000000003'),
('4419754665da6821f65f300080642637', '00000000000000000000000000000003'),
('4450615135da67f6c951ac0072299981', '00000000000000000000000000000003'),
('4457502375daf8f5734e465033124273', '00000000000000000000000000000003'),
('4461233155dafb0ff9ba026019380055', '00000000000000000000000000000003'),
('4539935365daf909294a5b6002686570', '00000000000000000000000000000003'),
('4590248685da67ff688b276026450711', '00000000000000000000000000000003'),
('4709776055da68196293250000821510', '00000000000000000000000000000003'),
('4761488705d3fb35a113365098753209', '00000000000000000000000000000003'),
('4779217155d89d65006bad3086274590', '00000000000000000000000000000003'),
('4814003185d8c2fd310c5b2001484733', '00000000000000000000000000000003'),
('4848956625d5664cb1ded96045552819', '00000000000000000000000000000003'),
('4873072015dafb39fb91384097457608', '00000000000000000000000000000003'),
('4926586585dafb296be7163042964376', '00000000000000000000000000000003'),
('4940026015daf90eeb7db36058030290', '00000000000000000000000000000003'),
('4947513325d8c376d6b3dd6059801750', '00000000000000000000000000000003'),
('4952935735da67ec5eb0410083504192', '00000000000000000000000000000003'),
('5031433015d89d507f16c16065285438', '00000000000000000000000000000003'),
('5054254075c866080af6348028578652', '00000000000000000000000000000004'),
('5113640855d3fb444579492076828036', '00000000000000000000000000000003'),
('5139881255d8c317d757932057263503', '00000000000000000000000000000003'),
('5229478695dafb47de3f585051437756', '00000000000000000000000000000003'),
('5247310445daf915817ebe1008491759', '00000000000000000000000000000003'),
('5346289105d8c36d8387457088887490', '00000000000000000000000000000003'),
('5396985835daf91a615cec8057900258', '00000000000000000000000000000003'),
('5456659515da67ee69c18b8068991402', '00000000000000000000000000000003'),
('5500384265d896e69d56754013129235', '00000000000000000000000000000003'),
('5562730065cdfc4c5588610026429241', '00000000000000000000000000000003'),
('5599593145d565dc26b0416091527599', '00000000000000000000000000000003'),
('5630526805da67b63b08b73056239136', '00000000000000000000000000000003'),
('5640199155d3fdb2985ef85050357369', '00000000000000000000000000000003'),
('5644609785dafb12e6fd874092089219', '00000000000000000000000000000003'),
('5650984815d8c369150ca96032709671', '00000000000000000000000000000003'),
('5684630845daf8f2b6ddce3016677706', '00000000000000000000000000000003'),
('5703597405db13f454e4a78035282206', '00000000000000000000000000000003'),
('5728128025d899509707c12011854138', '00000000000000000000000000000003'),
('5777808965ca51f4d3b85c7017355707', '00000000000000000000000000000003'),
('5906980245da68286204636054977111', '00000000000000000000000000000003'),
('5920847225d3fb1f855c6b7050293073', '00000000000000000000000000000003'),
('5941327905d53663653cb83031459207', '00000000000000000000000000000004'),
('6007216615d89d436cf8357099994899', '00000000000000000000000000000003'),
('6066674725d89d5bb28f126033248393', '00000000000000000000000000000003'),
('6098984245d896f5da61a74007328013', '00000000000000000000000000000003'),
('6146450595d3fb0479da195014124954', '00000000000000000000000000000003'),
('6261178115d3fe250ab9443085058305', '00000000000000000000000000000003'),
('6275750785d3fdb62451f08022724475', '00000000000000000000000000000004'),
('6285160935dafb1cc7d6402015197250', '00000000000000000000000000000003'),
('6299694975dafb0ce3f3651040307471', '00000000000000000000000000000003'),
('6336081655d89d6de6e1bd6001256112', '00000000000000000000000000000003'),
('6344301225d3fe2181619a9065735923', '00000000000000000000000000000003'),
('6369199765d8995c974e238032585434', '00000000000000000000000000000003'),
('6404556735db235ec4e10d8006260126', '00000000000000000000000000000003'),
('6476663655da679d2de0821067225213', '00000000000000000000000000000003'),
('6608302035d56610eeca133097238228', '00000000000000000000000000000003'),
('6621945965da681d6a233a8044370209', '00000000000000000000000000000003'),
('6734909165c8660b18cef85071846108', '00000000000000000000000000000004'),
('6841470775da680abc42670032775599', '00000000000000000000000000000003'),
('6881775295da678df701ae1003692186', '00000000000000000000000000000003'),
('6963819625daf8ff25a2001074763751', '00000000000000000000000000000003'),
('6990077575d3fb38a8a9393087566831', '00000000000000000000000000000003'),
('7039927345d5661b5e21f84023639041', '00000000000000000000000000000003'),
('7053762775d5375935c6c46037431490', '00000000000000000000000000000004'),
('7076284835d56647ac4cfe7066681939', '00000000000000000000000000000003'),
('7158000975d8c37219e1820032014524', '00000000000000000000000000000003'),
('7159891755d3fae51668710043461935', '00000000000000000000000000000003'),
('7175403755d89d72e3ef028062642819', '00000000000000000000000000000003'),
('7180008005d43dea5ae51a4096201329', '00000000000000000000000000000003'),
('7199125345da67947256f93093511663', '00000000000000000000000000000003'),
('7201430585c928822686af3071843170', '00000000000000000000000000000003'),
('7293126885d3fb47c5227b1050208725', '00000000000000000000000000000003'),
('7420323795db154c2311d27004135003', '00000000000000000000000000000003'),
('7474175465c8f4dac447234050977038', '00000000000000000000000000000004'),
('7475349035c8660efaf47f5052308797', '00000000000000000000000000000004'),
('7524971505dafb3c52eddd2036109191', '00000000000000000000000000000003'),
('7610292385c86612287c860012103391', '00000000000000000000000000000003'),
('7765270725d565d518fe1a6018454218', '00000000000000000000000000000003'),
('7818070505daf91361d9f28032753638', '00000000000000000000000000000003'),
('7830086555dafaee3d96a24078572668', '00000000000000000000000000000003'),
('8029862875da67b9b8f6305095172599', '00000000000000000000000000000003'),
('8065305425da67a078f34a9043354939', '00000000000000000000000000000003'),
('8154080485da6806fddbd66071222267', '00000000000000000000000000000003'),
('8171364315d8c329d7a9d16079013163', '00000000000000000000000000000003'),
('8197082355c8f4e086fff47015880419', '00000000000000000000000000000003'),
('8214574475daf8f002923e2091696768', '00000000000000000000000000000003'),
('8328875875d8c1e392af352027907764', '00000000000000000000000000000003'),
('8340544975da68012201db4019301236', '00000000000000000000000000000003'),
('8416593055da67db6d5b5b7048512264', '00000000000000000000000000000003'),
('8443160395daf90b557db08032514667', '00000000000000000000000000000003'),
('8505999125d8c363cf1b498046911445', '00000000000000000000000000000003'),
('8531349125d3fb4b1b00465087302011', '00000000000000000000000000000003'),
('8590576455da67fcea62da9061705484', '00000000000000000000000000000003'),
('8746855515c8f4dee1b4988096196525', '00000000000000000000000000000004'),
('8792452955da67e49b17296036519968', '00000000000000000000000000000003'),
('8795794585d3fb2eb5fafc4022757526', '00000000000000000000000000000003'),
('8864665895d566648a93fb0088442728', '00000000000000000000000000000003'),
('8865389865da6826cad8b42002476195', '00000000000000000000000000000003'),
('8942076125d89d5657401d8092479205', '00000000000000000000000000000003'),
('8946535195d5662faf011e6090166947', '00000000000000000000000000000003'),
('8961555635da67d3d6e21c5065931492', '00000000000000000000000000000003'),
('8997789975d3fb079f12be9078658180', '00000000000000000000000000000003'),
('9000221765da67e85c5fa94067275865', '00000000000000000000000000000003'),
('9016073965d89d698934963082937670', '00000000000000000000000000000003'),
('9025096755d8c2ee51dc718037210041', '00000000000000000000000000000003'),
('9025465935da67913e21e12035563892', '00000000000000000000000000000003'),
('9070695965d3faf9b2cc299002226454', '00000000000000000000000000000003'),
('9122158895d3fb3e813e6c8050519838', '00000000000000000000000000000003'),
('9157419215da67d8631b034036378092', '00000000000000000000000000000003'),
('9170733825daf902fb04af1051363018', '00000000000000000000000000000003'),
('9258697065da68161c54456026951941', '00000000000000000000000000000003'),
('9272044965d8c2f661a23a4024574885', '00000000000000000000000000000003'),
('9294424245dafb3e82456a1047262932', '00000000000000000000000000000003'),
('9329725595da67bd4c81857043935341', '00000000000000000000000000000003'),
('9342741515d56660ab93ae9033986900', '00000000000000000000000000000003'),
('9364610835dafb1a68919d7004683424', '00000000000000000000000000000003'),
('9365292815c792b9072fda3097556850', '00000000000000000000000000000002'),
('9372259765d3fb29e806798081160447', '00000000000000000000000000000003'),
('9532802645da680cec04a50056308282', '00000000000000000000000000000004'),
('9547519345ca4b60b08cd27063022816', '00000000000000000000000000000003'),
('9564667245da681317ec022015945563', '00000000000000000000000000000003'),
('9593112755da67de14330d4040899894', '00000000000000000000000000000003'),
('9622487665da67876e23f19066471657', '00000000000000000000000000000003'),
('9670424635d3fb5125b9952098291574', '00000000000000000000000000000003'),
('9688651985c9287fd6dd871096977822', '00000000000000000000000000000003'),
('9718428045d89d5ff633628034005749', '00000000000000000000000000000003'),
('9733734955bda5957591b88026488524', '00000000000000000000000000000002'),
('9750851565da67f93a138d6092722198', '00000000000000000000000000000003'),
('9797748935da67cb12dcc75039479432', '00000000000000000000000000000003'),
('9803445305d89d47bc64b09062203223', '00000000000000000000000000000003'),
('9819647065daf8f8571ccc1048701617', '00000000000000000000000000000003'),
('9946648105d5661fe376241087092671', '00000000000000000000000000000003');

-- --------------------------------------------------------

--
-- Table structure for table `USERS`
--

CREATE TABLE `USERS` (
  `USR_UID` varchar(32) NOT NULL DEFAULT '',
  `USR_ID` int(11) NOT NULL,
  `USR_USERNAME` varchar(100) NOT NULL DEFAULT '',
  `USR_PASSWORD` varchar(128) NOT NULL DEFAULT '',
  `USR_FIRSTNAME` varchar(50) NOT NULL DEFAULT '',
  `USR_LASTNAME` varchar(50) NOT NULL DEFAULT '',
  `USR_EMAIL` varchar(100) NOT NULL DEFAULT '',
  `USR_DUE_DATE` date NOT NULL,
  `USR_CREATE_DATE` datetime NOT NULL,
  `USR_UPDATE_DATE` datetime NOT NULL,
  `USR_STATUS` varchar(32) NOT NULL DEFAULT 'ACTIVE',
  `USR_COUNTRY` varchar(3) NOT NULL DEFAULT '',
  `USR_CITY` varchar(3) NOT NULL DEFAULT '',
  `USR_LOCATION` varchar(3) NOT NULL DEFAULT '',
  `USR_ADDRESS` varchar(255) NOT NULL DEFAULT '',
  `USR_PHONE` varchar(24) NOT NULL DEFAULT '',
  `USR_FAX` varchar(24) NOT NULL DEFAULT '',
  `USR_CELLULAR` varchar(24) NOT NULL DEFAULT '',
  `USR_ZIP_CODE` varchar(16) NOT NULL DEFAULT '',
  `DEP_UID` varchar(32) NOT NULL DEFAULT '',
  `USR_POSITION` varchar(100) NOT NULL DEFAULT '',
  `USR_RESUME` varchar(100) NOT NULL DEFAULT '',
  `USR_BIRTHDAY` date DEFAULT NULL,
  `USR_ROLE` varchar(32) DEFAULT 'PROCESSMAKER_ADMIN',
  `USR_REPORTS_TO` varchar(32) DEFAULT '',
  `USR_REPLACED_BY` varchar(32) DEFAULT '',
  `USR_UX` varchar(128) DEFAULT 'NORMAL',
  `USR_COST_BY_HOUR` decimal(7,2) DEFAULT '0.00',
  `USR_UNIT_COST` varchar(50) DEFAULT '',
  `USR_PMDRIVE_FOLDER_UID` varchar(128) DEFAULT '',
  `USR_BOOKMARK_START_CASES` mediumtext,
  `USR_TIME_ZONE` varchar(100) DEFAULT '',
  `USR_DEFAULT_LANG` varchar(10) DEFAULT '',
  `USR_LAST_LOGIN` datetime DEFAULT NULL,
  `USR_STATUS_ID` int(11) DEFAULT '1'
) ENGINE=InnoDB DEFAULT CHARSET=utf8 COMMENT='Users';

--
-- Dumping data for table `USERS`
--

INSERT INTO `USERS` (`USR_UID`, `USR_ID`, `USR_USERNAME`, `USR_PASSWORD`, `USR_FIRSTNAME`, `USR_LASTNAME`, `USR_EMAIL`, `USR_DUE_DATE`, `USR_CREATE_DATE`, `USR_UPDATE_DATE`, `USR_STATUS`, `USR_COUNTRY`, `USR_CITY`, `USR_LOCATION`, `USR_ADDRESS`, `USR_PHONE`, `USR_FAX`, `USR_CELLULAR`, `USR_ZIP_CODE`, `DEP_UID`, `USR_POSITION`, `USR_RESUME`, `USR_BIRTHDAY`, `USR_ROLE`, `USR_REPORTS_TO`, `USR_REPLACED_BY`, `USR_UX`, `USR_COST_BY_HOUR`, `USR_UNIT_COST`, `USR_PMDRIVE_FOLDER_UID`, `USR_BOOKMARK_START_CASES`, `USR_TIME_ZONE`, `USR_DEFAULT_LANG`, `USR_LAST_LOGIN`, `USR_STATUS_ID`) VALUES
('00000000000000000000000000000001', 1, 'admin', '8c6976e5b5410415bde908bd4dee15dfb167a9c873fc4bb8a81f6f2ab448a918', 'Administrator', 'Admin', 'jukumari@processmaker.com', '2020-01-01', '1999-11-30 00:00:00', '2019-11-06 20:04:46', 'ACTIVE', 'AU', 'NS', 'SYD', '', '', '1-305-402-0282', '1-305-675-1400', '', '', 'Administrator', '', '1999-02-25', 'PROCESSMAKER_ADMIN', '', '', 'NORMAL', '0.00', '', '', NULL, 'America/Anguilla', '', '2019-11-06 20:04:46', 1),
('00000000000000000000000000000002', 2, 'guest', '674ba9750749d735ec9787d606170d78', 'Guest', ' ', 'jukumari@processmaker.com', '2030-01-01', '2009-02-01 12:24:36', '2009-02-01 12:24:36', 'INACTIVE', 'US', 'FL', 'MMK', '', '', '1-305-402-0282', '1-305-675-1400', '', '', 'Guest', '', '2009-02-01', 'PROCESSMAKER_GUEST', '', '', 'NORMAL', '0.00', '', '', NULL, '', '', NULL, 1),
('1146057945d3faedb2e7c21078059895', 26, 'jose.bolo', '00000000000000000000000000000000', 'Jose Jr.', 'Bolo', 'jukumari@processmaker.com', '2020-07-30', '2019-07-30 02:43:39', '2019-07-30 02:53:01', 'ACTIVE', 'PH', '', '', '', '', '', '', '', '', '', '', '2019-07-30', 'PROCESSMAKER_OPERATOR', '', '', 'NORMAL', '0.00', '', '', NULL, 'Asia/Manila', 'en', NULL, 1),
('1161881335dafb096b032b1018837150', 189, 'raweewan.seesawang', '00000000000000000000000000000000', 'Raweewan', 'Seesawang', 'jukumari@processmaker.com', '2020-10-23', '2019-10-23 01:44:54', '2019-10-23 01:44:54', 'ACTIVE', 'TH', '', '', '', '', '', '', '', '', '', '', '2019-10-23', 'PROCESSMAKER_OPERATOR', '', '', 'NORMAL', '0.00', '', '', NULL, 'America/New_York', '', NULL, 1),
('1182703045d537516478f87046246804', 59, 'apriyansyah', '6c641d45d26ed97e095c0ce92fd408462ec41decd801ada4df5395860b96eec2', 'Apriyansyah', '.', 'jukumari@processmaker.com', '2020-08-14', '2019-08-14 02:42:30', '2019-08-16 08:33:54', 'ACTIVE', 'ID', '', '', '', '', '', '', '', '', '', '', '2019-08-14', 'PROCESSMAKER_OPERATOR', '', '', 'NORMAL', '0.00', '', '', NULL, 'Asia/Jakarta', 'en', '2019-08-14 06:04:54', 1),
('1195111405da67b3f6a9dd3016852310', 125, 'etienne.dalton', '00000000000000000000000000000000', 'Etienne', 'Dalton', 'jukumari@processmaker.com', '2020-10-16', '2019-10-16 02:06:55', '2019-10-16 02:06:55', 'ACTIVE', 'AU', 'QL', 'BDB', '', '', '', '', '', '', '', '', '2019-10-16', 'PROCESSMAKER_OPERATOR', '', '', 'NORMAL', '0.00', '', '', NULL, 'America/New_York', 'en', NULL, 1),
('1227721445cdfca786d89d9090542512', 22, '', 'af2bdbe1aa9b6ec1e2ade1d694f41fc71a831d0268e9891562113d8a62add1bf', 'Jane', 'Doe', 'jukumari@processmaker.com', '2019-05-30', '2019-05-18 09:03:52', '2019-05-18 09:03:52', 'CLOSED', '', '', '', '', '', '', '', '', '', '', '', '2019-05-18', 'PROCESSMAKER_OPERATOR', '', '', 'NORMAL', '0.00', '', '', NULL, '', '', NULL, 1),
('1230295305dafb2bc3d6ea3023226945', 197, 'rattana.nimmantevin', '00000000000000000000000000000000', 'Rattana', 'Nimmantevin', 'jukumari@processmaker.com', '2020-10-23', '2019-10-23 01:54:04', '2019-10-23 01:54:04', 'ACTIVE', 'TH', '', '', '', '', '', '', '', '', '', '', '2019-10-23', 'PROCESSMAKER_OPERATOR', '', '', 'NORMAL', '0.00', '', '', NULL, 'America/New_York', '', NULL, 1),
('1231390205d3fb4e01f04f6087878040', 48, 'charles.ramos', '00000000000000000000000000000000', 'Charles', 'Ramos', 'jukumari@processmaker.com', '2020-07-30', '2019-07-30 03:09:20', '2019-07-30 03:09:20', 'ACTIVE', 'PH', '', '', '', '', '', '', '', '', '', '', '2019-07-30', 'PROCESSMAKER_OPERATOR', '', '', 'NORMAL', '0.00', '', '', NULL, 'Asia/Manila', 'en', NULL, 1),
('1340473655d5665b8c88264082816832', 74, 'irfa.nugraha', '00000000000000000000000000000000', 'Irfa', 'Nugraha', 'jukumari@processmaker.com', '2020-08-16', '2019-08-16 08:13:44', '2019-08-16 08:13:44', 'ACTIVE', 'ID', '', '', '', '', '', '', '', '', '', '', '2019-08-16', 'PROCESSMAKER_OPERATOR', '', '', 'NORMAL', '0.00', '', '', NULL, 'Asia/Jakarta', 'en', NULL, 1),
('1386773495da679a2dc6982014573595', 119, 'craig.wilkinson', '00000000000000000000000000000000', 'Craig', 'Wilkinson', 'jukumari@processmaker.com', '2020-10-16', '2019-10-16 02:00:02', '2019-10-16 02:00:02', 'ACTIVE', 'AU', 'VI', 'ATO', '', '', '', '', '', '', '', '', '2019-10-16', 'PROCESSMAKER_OPERATOR', '', '', 'NORMAL', '0.00', '', '', NULL, 'America/New_York', 'en', NULL, 1),
('1443287315dafaf5fc7a628097240533', 187, 'arphakorn.phaophaithun', '00000000000000000000000000000000', 'Arphakorn', 'Phaophaithun', 'jukumari@processmaker.com', '2020-10-23', '2019-10-23 01:39:43', '2019-10-23 01:39:43', 'ACTIVE', 'TH', '', '', '', '', '', '', '', '', '', '', '2019-10-23', 'PROCESSMAKER_OPERATOR', '', '', 'NORMAL', '0.00', '', '', NULL, 'America/New_York', '', NULL, 1),
('1460308585da67ea5309936097772495', 144, 'russell.raihan', 'af2bdbe1aa9b6ec1e2ade1d694f41fc71a831d0268e9891562113d8a62add1bf', 'Russell', 'Raihan', 'jukumari@processmaker.com', '2020-10-16', '2019-10-16 02:21:25', '2019-11-06 20:08:23', 'ACTIVE', 'AU', 'NS', '', '', '', '', '', '', '', '', '', '2019-10-16', 'PROCESSMAKER_OPERATOR', '', '', 'NORMAL', '0.00', '', '', NULL, 'America/New_York', 'en', NULL, 1),
('1520478115da67cfb133725001755698', 134, 'adam.brown', '00000000000000000000000000000000', 'Adam', 'Brown', 'jukumari@processmaker.com', '2020-10-16', '2019-10-16 02:14:19', '2019-10-16 02:14:19', 'ACTIVE', 'AU', 'QL', 'BLG', '', '', '', '', '', '', '', '', '2019-10-16', 'PROCESSMAKER_OPERATOR', '', '', 'NORMAL', '0.00', '', '', NULL, 'America/New_York', 'en', NULL, 1),
('1533589575d8c3397596d60048023472', 107, 'hua.fang', '00000000000000000000000000000000', 'Hua', 'Fang', 'jukumari@processmaker.com', '2020-09-26', '2019-09-26 03:42:15', '2019-09-26 03:42:15', 'ACTIVE', 'CN', '', '', '', '', '', '', '', '', '', '', '2019-09-26', 'PROCESSMAKER_OPERATOR', '', '', 'NORMAL', '0.00', '', '', NULL, 'Asia/Shanghai', 'en', NULL, 1),
('1540739385da67e252eb1a5041375711', 141, 'brett.locke', '00000000000000000000000000000000', 'Brett', 'Locke', 'jukumari@processmaker.com', '2020-10-16', '2019-10-16 02:19:17', '2019-10-16 02:19:17', 'ACTIVE', 'AU', 'QL', 'TSV', '', '', '', '', '', '', '', '', '2019-10-16', 'PROCESSMAKER_OPERATOR', '', '', 'NORMAL', '0.00', '', '', NULL, 'America/New_York', 'en', NULL, 1),
('1653357965daf917d710c47033536764', 183, 'thang.pham', '00000000000000000000000000000000', 'Thắng', 'Phạm Văn', 'jukumari@processmaker.com', '2020-10-23', '2019-10-22 23:32:13', '2019-10-22 23:32:13', 'ACTIVE', 'VN', '', '', '', '', '', '', '', '', '', '', '2019-10-22', 'PROCESSMAKER_OPERATOR', '', '', 'NORMAL', '0.00', '', '', NULL, 'America/New_York', '', NULL, 1),
('1665864385da68244896b23012883557', 167, 'peter.rodgers', '00000000000000000000000000000000', 'Peter', 'Rodgers', 'jukumari@processmaker.com', '2020-10-16', '2019-10-16 02:36:52', '2019-10-16 02:36:52', 'ACTIVE', 'AU', 'SA', 'ADL', '', '', '', '', '', '', '', '', '2019-10-16', 'PROCESSMAKER_OPERATOR', '', '', 'NORMAL', '0.00', '', '', NULL, 'America/New_York', 'en', NULL, 1),
('1697020705d566366a4fad5087672895', 70, 'miftakhul.amin', '00000000000000000000000000000000', 'Miftakhul', 'Amin', 'jukumari@processmaker.com', '2020-08-16', '2019-08-16 08:03:50', '2019-08-16 08:03:50', 'ACTIVE', 'ID', '', '', '', '', '', '', '', '', '', '', '2019-08-16', 'PROCESSMAKER_OPERATOR', '', '', 'NORMAL', '0.00', '', '', NULL, 'Asia/Jakarta', 'en', NULL, 1),
('1726009895da67a3b39cdf3044164128', 122, 'diem.nguyen', '00000000000000000000000000000000', 'Diem', 'Nguyen', 'jukumari@processmaker.com', '2020-10-16', '2019-10-16 02:02:35', '2019-10-16 02:02:35', 'ACTIVE', 'AU', 'VI', 'ATO', '', '', '', '', '', '', '', '', '2019-10-16', 'PROCESSMAKER_OPERATOR', '', '', 'NORMAL', '0.00', '', '', NULL, 'America/New_York', 'en', NULL, 1),
('1739965555d3fb3bc0321d3052430620', 42, 'ranel.sibugan', '0522a55e2d5f0993a3d66d28864b2862a7218a75ea7968b075333434404485c3', 'Ranel Ceazar', 'Sibugan', 'jukumari@processmaker.com', '2020-07-30', '2019-07-30 03:04:28', '2019-08-01 05:23:48', 'ACTIVE', 'PH', '', '', '', '', '', '', '', '', '', '', '2019-07-30', 'PROCESSMAKER_OPERATOR', '', '', 'NORMAL', '0.00', '', '', NULL, 'Asia/Manila', 'en', NULL, 1),
('1791466125da682af8dd018063128845', 170, 'mark.hutchison', '00000000000000000000000000000000', 'Mark', 'Hutchinson', 'jukumari@processmaker.com', '2020-10-16', '2019-10-16 02:38:39', '2019-10-16 02:38:39', 'ACTIVE', 'AU', 'WA', 'WEL', '', '', '', '', '', '', '', '', '2019-10-16', 'PROCESSMAKER_OPERATOR', '', '', 'NORMAL', '0.00', '', '', NULL, 'America/New_York', 'en', NULL, 1),
('1796483685da67cd7c463a2039276070', 133, 'malcom.burkby', '00000000000000000000000000000000', 'Malcolm', 'Burkby', 'jukumari@processmaker.com', '2020-10-16', '2019-10-16 02:13:43', '2019-10-16 02:13:43', 'ACTIVE', 'AU', 'VI', 'ATO', '', '', '', '', '', '', '', '', '2019-10-16', 'PROCESSMAKER_OPERATOR', '', '', 'NORMAL', '0.00', '', '', NULL, 'America/New_York', 'en', NULL, 1),
('1838388015d8c32e3cf06a3047133942', 106, 'guoyan.fu', '00000000000000000000000000000000', 'Guoyan', 'Fu', 'jukumari@processmaker.com', '2020-09-26', '2019-09-26 03:39:15', '2019-10-23 05:38:59', 'ACTIVE', 'CN', '', '', '', '', '', '', '', '', '', '', '2019-09-26', 'PROCESSMAKER_OPERATOR', '', '', 'NORMAL', '0.00', '', '', NULL, 'Asia/Shanghai', 'zh', NULL, 1),
('1869611455cdfce632a2279014922776', 23, '', 'af2bdbe1aa9b6ec1e2ade1d694f41fc71a831d0268e9891562113d8a62add1bf', 'Jane', 'Doe', 'jukumari@processmaker.com', '2019-05-30', '2019-05-18 09:20:35', '2019-05-18 09:20:35', 'CLOSED', '', '', '', '', '', '', '', '', '', '', '', '2019-05-18', 'PROCESSMAKER_OPERATOR', '', '', 'NORMAL', '0.00', '', '', NULL, '', '', NULL, 1),
('1989991545bda55b6d10632082797630', 3, 'kevin.armstrong', 'af2bdbe1aa9b6ec1e2ade1d694f41fc71a831d0268e9891562113d8a62add1bf', 'Kevin', 'Armstrong', 'jukumari@processmaker.com', '2029-11-01', '2018-11-01 01:24:06', '2019-11-04 02:58:39', 'ACTIVE', 'TH', '', 'BKK', 'armstrong.kevin@knauf.co.th', '', '', '', '', '', '', '', '2018-11-01', 'PROCESSMAKER_ADMIN', '', '', 'NORMAL', '0.00', '', '', NULL, 'Asia/Bangkok', 'en', '2019-10-31 07:08:14', 1),
('2049337045d56668f73de37027302004', 77, 'hendra', '00000000000000000000000000000000', 'Hendra', '.', 'jukumari@processmaker.com', '2020-08-16', '2019-08-16 08:17:19', '2019-08-16 08:17:19', 'ACTIVE', 'ID', '', '', '', '', '', '', '', '', '', '', '2019-08-16', 'PROCESSMAKER_OPERATOR', '', '', 'NORMAL', '0.00', '', '', NULL, 'Asia/Jakarta', 'en', NULL, 1),
('2074846145d8c312805b846015816119', 103, 'sheng.wei', '00000000000000000000000000000000', 'Sheng', 'Wei', 'jukumari@processmaker.com', '2020-09-26', '2019-09-26 03:31:52', '2019-10-23 05:42:31', 'ACTIVE', 'CN', '', '', '', '', '', '', '', '', '', '', '2019-09-26', 'PROCESSMAKER_OPERATOR', '', '', 'NORMAL', '0.00', '', '', NULL, 'Asia/Shanghai', 'zh', NULL, 1),
('2085756345d8c33d2b783f6053895586', 108, 'zhenyong.liu', '00000000000000000000000000000000', 'Zhenyong', 'Liu', 'jukumari@processmaker.com', '2020-09-26', '2019-09-26 03:43:14', '2019-10-23 05:45:40', 'ACTIVE', 'CN', '', '', '', '', '', '', '', '', '', '', '2019-09-26', 'PROCESSMAKER_OPERATOR', '', '', 'NORMAL', '0.00', '', '', NULL, 'Asia/Shanghai', 'zh', NULL, 1),
('2093925165d3fb32135f691068948951', 39, 'porfirio.banaag', 'd3f07d88abc61affa1f244b8f6a2bdb1467d55d2303ec605824f836721c8e877', 'Porfirio', 'Banaag', 'jukumari@processmaker.com', '2020-07-30', '2019-07-30 03:01:53', '2019-08-01 05:12:15', 'ACTIVE', 'PH', '', '', '', '', '', '', '', '', '', '', '2019-07-30', 'PROCESSMAKER_OPERATOR', '', '', 'NORMAL', '0.00', '', '', NULL, 'Asia/Manila', 'en', '2019-08-01 05:27:18', 1),
('2111915495d3fdaa6c7bfd2052497434', 51, 'wayne.studdon', 'af2bdbe1aa9b6ec1e2ade1d694f41fc71a831d0268e9891562113d8a62add1bf', 'Wayne', 'Studdon', 'jukumari@processmaker.com', '2020-07-30', '2019-07-30 05:50:30', '2019-07-31 08:08:04', 'ACTIVE', 'TH', '', '', '', '', '', '', '', '', '', '', '2019-07-30', 'PROCESSMAKER_MANAGER', '', '', 'NORMAL', '0.00', '', '', NULL, 'Asia/Manila', 'en', '2019-07-31 06:58:45', 1),
('2139438985da67f0c7b6e08056718790', 147, 'phil.renwick', '00000000000000000000000000000000', 'Phil', 'Renwick', 'jukumari@processmaker.com', '2020-10-16', '2019-10-16 02:23:08', '2019-10-16 02:23:08', 'ACTIVE', 'AU', 'NS', '', '', '', '', '', '', '', '', '', '2019-10-16', 'PROCESSMAKER_OPERATOR', '', '', 'NORMAL', '0.00', '', '', NULL, 'America/New_York', 'en', NULL, 1),
('2174546835dafb4b1987ab1080791711', 207, 'peter.tan', '00000000000000000000000000000000', 'Peter', 'Tan', 'jukumari@processmaker.com', '2020-10-23', '2019-10-23 02:02:25', '2019-10-23 02:02:25', 'ACTIVE', 'TH', '', '', '', '', '', '', '', '', '', '', '2019-10-23', 'PROCESSMAKER_OPERATOR', '', '', 'NORMAL', '0.00', '', '', NULL, 'America/New_York', '', NULL, 1),
('2215831685da681087830d4061666754', 159, 'alfons.montebello', '00000000000000000000000000000000', 'Alfons', 'Montebello', 'jukumari@processmaker.com', '2020-10-16', '2019-10-16 02:31:36', '2019-10-16 02:31:36', 'ACTIVE', 'AU', '', '', '', '', '', '', '', '', '', '', '2019-10-16', 'PROCESSMAKER_OPERATOR', '', '', 'NORMAL', '0.00', '', '', NULL, 'America/New_York', 'en', NULL, 1),
('2316337335da67f4e5ece70022849695', 148, 'stewart.keen', '00000000000000000000000000000000', 'Stewart', 'Keen', 'jukumari@processmaker.com', '2020-10-16', '2019-10-16 02:24:14', '2019-10-16 02:24:14', 'ACTIVE', 'AU', '', '', '', '', '', '', '', '', '', '', '2019-10-16', 'PROCESSMAKER_OPERATOR', '', '', 'NORMAL', '0.00', '', '', NULL, 'America/New_York', 'en', NULL, 1),
('2323737065da67c85a35390083336860', 131, 'justin.weier', '00000000000000000000000000000000', 'Justin', 'Weier', 'jukumari@processmaker.com', '2020-10-16', '2019-10-16 02:12:21', '2019-10-16 02:12:21', 'ACTIVE', 'AU', 'QL', 'BDB', '', '', '', '', '', '', '', '', '2019-10-16', 'PROCESSMAKER_OPERATOR', '', '', 'NORMAL', '0.00', '', '', NULL, 'America/New_York', 'en', NULL, 1),
('2353418135dafb459865c83022628467', 204, 'anthony.riviere', '00000000000000000000000000000000', 'Anthony', 'Riviere', 'jukumari@processmaker.com', '2020-10-23', '2019-10-23 02:00:57', '2019-10-23 02:00:57', 'ACTIVE', 'TH', '', '', '', '', '', '', '', '', '', '', '2019-10-23', 'PROCESSMAKER_OPERATOR', '', '', 'NORMAL', '0.00', '', '', NULL, 'America/New_York', '', NULL, 1),
('2381908305d899619115686069376368', 85, 'tao.ning', '00000000000000000000000000000000', 'Tao', 'Ning', 'jukumari@processmaker.com', '2020-09-24', '2019-09-24 04:05:45', '2019-10-23 05:43:05', 'ACTIVE', 'CN', '', '', '', '', '', '', '', '', '', '', '2019-09-24', 'PROCESSMAKER_OPERATOR', '', '', 'NORMAL', '0.00', '', '', NULL, 'Asia/Shanghai', 'zh', NULL, 1),
('2428311595dafaf3aeb2c57046282702', 186, 'sanguansak.sarangkasiri', '00000000000000000000000000000000', 'Sanguansak', 'Sarangkasiri', 'jukumari@processmaker.com', '2020-10-23', '2019-10-23 01:39:06', '2019-10-23 01:39:06', 'ACTIVE', 'TH', '', '', '', '', '', '', '', '', '', '', '2019-10-23', 'PROCESSMAKER_OPERATOR', '', '', 'NORMAL', '0.00', '', '', NULL, 'America/New_York', '', NULL, 1),
('2463146745dafb1eeb9c083026475434', 195, 'somkeit.prapassarin', '00000000000000000000000000000000', 'Somkeit', 'Prapassarin', 'jukumari@processmaker.com', '2020-10-23', '2019-10-23 01:50:38', '2019-10-23 01:50:38', 'ACTIVE', 'TH', '', '', '', '', '', '', '', '', '', '', '2019-10-23', 'PROCESSMAKER_OPERATOR', '', '', 'NORMAL', '0.00', '', '', NULL, 'America/New_York', '', NULL, 1),
('2484092705dafb434a31a93098087401', 203, 'edward.ryan', '00000000000000000000000000000000', 'Edward', 'Ryan', 'jukumari@processmaker.com', '2020-10-23', '2019-10-23 02:00:20', '2019-10-23 02:00:20', 'ACTIVE', 'TH', '', '', '', '', '', '', '', '', '', '', '2019-10-23', 'PROCESSMAKER_OPERATOR', '', '', 'NORMAL', '0.00', '', '', NULL, 'America/New_York', '', NULL, 1),
('2554175045cdfc77f406325086501673', 21, '', 'af2bdbe1aa9b6ec1e2ade1d694f41fc71a831d0268e9891562113d8a62add1bf', 'Jane', 'Doe', 'jukumari@processmaker.com', '2019-05-30', '2019-05-18 08:51:11', '2019-05-18 08:51:11', 'CLOSED', '', '', '', '', '', '', '', '', '', '', '', '2019-05-18', 'PROCESSMAKER_OPERATOR', '', '', 'NORMAL', '0.00', '', '', NULL, '', '', NULL, 1),
('2601324285da67a6a730e37035210046', 123, 'shailesh.pathak', '00000000000000000000000000000000', 'Shailesh', 'Pathak', 'jukumari@processmaker.com', '2020-10-16', '2019-10-16 02:03:22', '2019-10-16 02:03:22', 'ACTIVE', 'AU', 'VI', 'ATO', '', '', '', '', '', '', '', '', '2019-10-16', 'PROCESSMAKER_OPERATOR', '', '', 'NORMAL', '0.00', '', '', NULL, 'America/New_York', 'en', NULL, 1),
('2637705185dafb02e203bd9088893305', 188, 'somporn.noikaew', '00000000000000000000000000000000', 'Somporn', 'Noikaew', 'jukumari@processmaker.com', '2020-10-23', '2019-10-23 01:43:10', '2019-10-23 01:43:10', 'ACTIVE', 'TH', '', '', '', '', '', '', '', '', '', '', '2019-10-23', 'PROCESSMAKER_OPERATOR', '', '', 'NORMAL', '0.00', '', '', NULL, 'America/New_York', '', NULL, 1),
('2693417175d3fb0feda35e7039543989', 32, 'paul.buller', '00000000000000000000000000000000', 'Paul', 'Buller', 'jukumari@processmaker.com', '2020-07-30', '2019-07-30 02:52:46', '2019-07-30 02:52:46', 'ACTIVE', 'PH', '', '', '', '', '', '', '', '', '', '', '2019-07-30', 'PROCESSMAKER_OPERATOR', '', '', 'NORMAL', '0.00', '', '', NULL, 'Asia/Manila', 'en', NULL, 1),
('2771927115da67c5f2d03b2019228248', 130, 'jose.motato', '00000000000000000000000000000000', 'Jose', 'Motato Londono', 'jukumari@processmaker.com', '2020-10-16', '2019-10-16 02:11:43', '2019-10-16 02:11:43', 'ACTIVE', 'AU', 'QL', 'BDB', '', '', '', '', '', '', '', '', '2019-10-16', 'PROCESSMAKER_OPERATOR', '', '', 'NORMAL', '0.00', '', '', NULL, 'America/New_York', 'en', NULL, 1),
('2803150955da67fb36f88d3083119520', 151, 'mo.chahal', '00000000000000000000000000000000', 'Mo', 'Chahal', 'jukumari@processmaker.com', '2020-10-16', '2019-10-16 02:25:55', '2019-10-16 02:25:55', 'ACTIVE', '', '', '', '', '', '', '', '', '', '', '', '2019-10-16', 'PROCESSMAKER_OPERATOR', '', '', 'NORMAL', '0.00', '', '', NULL, 'America/New_York', 'en', NULL, 1),
('2855639345d56627e3f8489036206655', 67, 'ahmad.jasul', '5e8ff9bf55ba3508199d22e984129be6', 'Ahmad', 'jasul', 'jukumari@processmaker.com', '2020-08-16', '2019-08-16 07:59:58', '2019-08-16 07:59:58', 'ACTIVE', 'ID', '', '', '', '', '', '', '', '', '', '', '2019-08-16', 'PROCESSMAKER_OPERATOR', '', '', 'NORMAL', '0.00', '', '', NULL, 'Asia/Jakarta', 'en', NULL, 1),
('2856390745c792ba8eb0359090875314', 6, 'dev2pm', 'af2bdbe1aa9b6ec1e2ade1d694f41fc71a831d0268e9891562113d8a62add1bf', 'Developer2', 'ProcessMaker', 'jukumari@processmaker.com', '2020-03-01', '2019-03-01 12:55:04', '2019-08-16 09:26:40', 'ACTIVE', '', '', '', 'edgardo@processmaker.com', '', '', '', '', '', '', '', '2019-03-01', 'PROCESSMAKER_ADMIN', '', '', 'NORMAL', '0.00', '', '', NULL, 'Antarctica/Davis', 'en', '2019-08-16 09:26:40', 1),
('3065051765d5365636020f4090660944', 57, 'sandy.basuki', 'fb7144c2389c2c0742ddf492b589fd045a0920595db7145ae4641035929d994d', 'Sandy', 'Basuki', 'jukumari@processmaker.com', '2020-08-14', '2019-08-14 01:35:31', '2019-08-16 07:24:02', 'ACTIVE', 'ID', '', '', '', '', '', '', '', '', '', '', '2019-08-14', 'PROCESSMAKER_MANAGER', '', '', 'NORMAL', '0.00', '', '', NULL, 'Asia/Jakarta', 'en', '2019-08-14 07:06:00', 1),
('3173011715d8c1e9e123911076914764', 98, 'liu.tong', '00000000000000000000000000000000', 'Liu', 'Tong', 'jukumari@processmaker.com', '2020-09-26', '2019-09-26 02:12:46', '2019-09-26 02:12:46', 'ACTIVE', 'CN', '', '', '', '', '', '', '', '', '', '', '2019-09-26', 'PROCESSMAKER_OPERATOR', '', '', 'NORMAL', '0.00', '', '', NULL, 'Asia/Shanghai', 'en', NULL, 1),
('3271758435d3fb41606e330094073909', 44, 'rachel.aldovino', '00000000000000000000000000000000', 'Rachel', 'Aldovino', 'jukumari@processmaker.com', '2020-07-30', '2019-07-30 03:05:58', '2019-07-30 03:05:58', 'ACTIVE', 'PH', '', '', '', '', '', '', '', '', '', '', '2019-07-30', 'PROCESSMAKER_OPERATOR', '', '', 'NORMAL', '0.00', '', '', NULL, 'Asia/Manila', 'en', NULL, 1),
('3331645055da681b837ef29023967870', 163, 'joe.mori', '00000000000000000000000000000000', 'Joe', 'Mori', 'jukumari@processmaker.com', '2020-10-16', '2019-10-16 02:34:32', '2019-10-16 02:34:32', 'ACTIVE', 'AU', 'QL', 'BLG', '', '', '', '', '', '', '', '', '2019-10-16', 'PROCESSMAKER_OPERATOR', '', '', 'NORMAL', '0.00', '', '', NULL, 'America/New_York', 'en', NULL, 1),
('3379723005d3fb1974f8161050059451', 33, 'jeffrey.rodenas', '7f0300240d0aee1716f258f2e92b7f408e813c89992996647d814c348de11018', 'Jeffrey', 'Rodenas', 'jukumari@processmaker.com', '2020-07-30', '2019-07-30 02:55:19', '2019-08-01 05:12:04', 'ACTIVE', 'PH', '', '', '', '', '', '', '', '', '', '', '2019-07-30', 'PROCESSMAKER_OPERATOR', '', '', 'NORMAL', '0.00', '', '', NULL, 'Asia/Manila', 'en', '2019-08-01 05:25:10', 1),
('3419054305d3fb00f664051020317401', 29, 'exuper.manalo', '9714e2ca440f915e247d94d814f60e8ac4726e4109139c671aa362011708c590', 'Exuper Cleth', 'Manalo', 'jukumari@processmaker.com', '2020-07-30', '2019-07-30 02:48:47', '2019-08-01 05:12:15', 'ACTIVE', 'PH', '', '', '', '', '', '', '', '', '', '', '2019-07-30', 'PROCESSMAKER_OPERATOR', '', '', 'NORMAL', '0.00', '', '', NULL, 'Asia/Manila', 'en', '2019-08-01 06:45:25', 1),
('3524852725d565e0a0239b0007445348', 63, 'yoice.perdanayanti', '00000000000000000000000000000000', 'Yoice', 'Perdanayanti', 'jukumari@processmaker.com', '2020-08-16', '2019-08-16 07:40:58', '2019-08-16 07:40:58', 'ACTIVE', 'ID', '', '', '', '', '', '', '', '', '', '', '2019-08-16', 'PROCESSMAKER_OPERATOR', '', '', 'NORMAL', '0.00', '', '', NULL, 'Asia/Jakarta', 'en', NULL, 1),
('3553682275d8c30caa5c0c1099848350', 102, 'yin.xu', '00000000000000000000000000000000', 'Yin', 'Xu', 'jukumari@processmaker.com', '2020-09-26', '2019-09-26 03:30:18', '2019-10-23 05:44:11', 'ACTIVE', 'CN', '', '', '', '', '', '', '', '', '', '', '2019-09-26', 'PROCESSMAKER_OPERATOR', '', '', 'NORMAL', '0.00', '', '', NULL, 'Asia/Shanghai', 'zh', NULL, 1),
('3578277445da67c41e92b23066508588', 129, 'silvia.lima', '00000000000000000000000000000000', 'Silvia', 'Lima', 'jukumari@processmaker.com', '2020-10-16', '2019-10-16 02:11:13', '2019-10-16 02:11:13', 'ACTIVE', 'AU', 'QL', 'BDB', '', '', '', '', '', '', '', '', '2019-10-16', 'PROCESSMAKER_OPERATOR', '', '', 'NORMAL', '0.00', '', '', NULL, 'America/New_York', 'en', NULL, 1),
('3578509695c8f4e2423a989058192977', 15, 'les.triffet', '00000000000000000000000000000000', 'Les', 'Triffet', 'jukumari@processmaker.com', '2020-03-18', '2019-03-18 07:52:04', '2019-07-25 21:29:40', 'INACTIVE', '', '', '', 'jayke.anderson@knauf.com.au', '', '', '', '', '', '', '', '2019-03-18', 'PROCESSMAKER_OPERATOR', '', '', 'NORMAL', '0.00', '', '', NULL, 'America/Anguilla', 'en', '2019-05-30 22:48:22', 1),
('3598706955d3fae80be9790014842879', 25, 'aristeo.baloja', '00000000000000000000000000000000', 'Aristeo', 'Baloja', 'jukumari@processmaker.com', '2020-07-30', '2019-07-30 02:42:08', '2019-07-30 02:53:22', 'ACTIVE', 'PH', '', '', '', '', '', '', '', '', '', '', '2019-07-30', 'PROCESSMAKER_OPERATOR', '', '', 'NORMAL', '0.00', '', '', NULL, 'Asia/Manila', 'en', NULL, 1),
('3673074545d5663a94f3141037191568', 71, 'nikmatulloh.Rifai', '00000000000000000000000000000000', 'Nikmatulloh', 'Rifai', 'jukumari@processmaker.com', '2020-08-16', '2019-08-16 08:04:57', '2019-08-16 08:04:57', 'ACTIVE', 'ID', '', '', '', '', '', '', '', '', '', '', '2019-08-16', 'PROCESSMAKER_OPERATOR', '', '', 'NORMAL', '0.00', '', '', NULL, 'Asia/Jakarta', 'en', NULL, 1),
('3685603045c8f4dcb1ef9d9059890202', 12, 'kathryn.walker', '00000000000000000000000000000000', 'Kathryn', 'Walker', 'jukumari@processmaker.com', '2020-03-18', '2019-03-18 07:50:35', '2019-07-25 21:29:50', 'ACTIVE', '', '', '', 'jayke.anderson@knauf.com.au', '', '', '', '', '', '', '', '2019-03-18', 'PROCESSMAKER_MANAGER', '', '', 'NORMAL', '0.00', '', '', NULL, 'Australia/Sydney', 'en', '2019-07-04 03:01:54', 1),
('3745184045d3fb23a2f2454076865364', 36, 'rolando.dullavin', '00000000000000000000000000000000', 'Rolando', 'Dullavin', 'jukumari@processmaker.com', '2020-07-30', '2019-07-30 02:58:02', '2019-07-30 02:58:02', 'ACTIVE', 'PH', '', '', '', '', '', '', '', '', '', '', '2019-07-30', 'PROCESSMAKER_OPERATOR', '', '', 'NORMAL', '0.00', '', '', NULL, 'Asia/Manila', 'en', NULL, 1),
('3762451575daf9060f38901009688967', 177, 'quan.tran', 'e02364ab4d7d50d150db766f60153f9a35c98bdc16fbbd65d46cc5f2a9f4a445', 'Quân', 'Trần Hồng', 'jukumari@processmaker.com', '2020-10-23', '2019-10-22 23:27:28', '2019-10-25 02:36:29', 'ACTIVE', '', '', '', '', '', '', '', '', '', '', '', '2019-10-22', 'PROCESSMAKER_OPERATOR', '', '', 'NORMAL', '0.00', '', '', NULL, 'Asia/Ho_Chi_Minh', '', '2019-10-24 07:44:47', 1),
('3824924435da681fab0b2e6095393904', 165, 'michael.thomas', '00000000000000000000000000000000', 'Michael', 'Thomas', 'jukumari@processmaker.com', '2020-10-16', '2019-10-16 02:35:38', '2019-10-16 02:35:38', 'ACTIVE', 'AU', 'QL', 'BLG', '', '', '', '', '', '', '', '', '2019-10-16', 'PROCESSMAKER_OPERATOR', '', '', 'NORMAL', '0.00', '', '', NULL, 'America/New_York', 'en', NULL, 1),
('3836525225d89d77abced44087377857', 96, 'qiang.wang', '00000000000000000000000000000000', 'Qiang', 'Wang', 'jukumari@processmaker.com', '2020-09-24', '2019-09-24 08:44:42', '2019-10-23 05:41:53', 'ACTIVE', 'CN', '', '', '', '', '', '', '', '', '', '', '2019-09-24', 'PROCESSMAKER_OPERATOR', '', '', 'NORMAL', '0.00', '', '', NULL, 'Asia/Shanghai', 'zh', NULL, 1),
('3893636685dafb406f2b0a0069131386', 202, 'thanaphon.sunthratharathon', '00000000000000000000000000000000', 'Thanaphon', 'Sunthratharathon', 'jukumari@processmaker.com', '2020-10-23', '2019-10-23 01:59:34', '2019-10-23 01:59:34', 'ACTIVE', 'TH', '', '', '', '', '', '', '', '', '', '', '2019-10-23', 'PROCESSMAKER_OPERATOR', '', '', 'NORMAL', '0.00', '', '', NULL, 'America/New_York', '', NULL, 1),
('3930912035d3faf59b09902089462932', 27, 'jocelyn.pinay', 'af2bdbe1aa9b6ec1e2ade1d694f41fc71a831d0268e9891562113d8a62add1bf', 'Jocelyn', 'Pinay', 'jukumari@processmaker.com', '2020-07-30', '2019-07-30 02:45:45', '2019-08-16 15:04:08', 'ACTIVE', 'PH', '', '', '', '', '', '', '', '', '', '', '2019-07-30', 'PROCESSMAKER_OPERATOR', '', '', 'NORMAL', '0.00', '', '', NULL, 'America/Anguilla', 'en', '2019-08-16 15:04:08', 1),
('3944011005d88cd51913149014356219', 78, '', '00000000000000000000000000000000', 'Xiao', 'Zhang', 'jukumari@processmaker.com', '2020-09-23', '2019-09-23 13:49:05', '2019-09-23 13:49:05', 'CLOSED', 'CN', '', '', '', '', '', '', '', '', '', '', '2019-09-23', 'PROCESSMAKER_OPERATOR', '', '', 'NORMAL', '0.00', '', '', NULL, 'Asia/Hong_Kong', 'en', NULL, 1),
('3957166655da67d1a69f7b6027736960', 135, 'neil.carlish', '00000000000000000000000000000000', 'Neil', 'Carlish', 'jukumari@processmaker.com', '2020-10-16', '2019-10-16 02:14:50', '2019-10-16 02:14:50', 'ACTIVE', 'AU', 'QL', 'BLG', '', '', '', '', '', '', '', '', '2019-10-16', 'PROCESSMAKER_OPERATOR', '', '', 'NORMAL', '0.00', '', '', NULL, 'America/New_York', 'en', NULL, 1),
('3984508615dafb4984aee35043764889', 206, 'fredrik.hellberg', '00000000000000000000000000000000', 'Fredrik', 'Hellberg', 'jukumari@processmaker.com', '2020-10-23', '2019-10-23 02:02:00', '2019-10-23 02:02:00', 'ACTIVE', 'TH', '', '', '', '', '', '', '', '', '', '', '2019-10-23', 'PROCESSMAKER_OPERATOR', '', '', 'NORMAL', '0.00', '', '', NULL, 'America/New_York', '', NULL, 1),
('3987780125d89955fa385e3001148799', 83, 'yong.chen', '8d969eef6ecad3c29a3a629280e686cf0c3f5d5a86aff3ca12020c923adc6c92', 'Yong', 'Chen', 'jukumari@processmaker.com', '2020-09-24', '2019-09-24 04:02:39', '2019-10-23 05:44:38', 'ACTIVE', 'CN', '', '', '', '', '', '', '', '', '', '', '2019-09-24', 'PROCESSMAKER_OPERATOR', '', '', 'NORMAL', '0.00', '', '', NULL, 'Asia/Shanghai', 'zh', '2019-09-27 01:25:59', 1),
('4056534755da6803f0eb862018477646', 155, 'andrew.young', '00000000000000000000000000000000', 'Andrew', 'Young', 'jukumari@processmaker.com', '2020-10-16', '2019-10-16 02:28:15', '2019-10-16 02:28:15', 'ACTIVE', 'AU', '', '', '', '', '', '', '', '', '', '', '2019-10-16', 'PROCESSMAKER_OPERATOR', '', '', 'NORMAL', '0.00', '', '', NULL, 'America/New_York', 'en', NULL, 1),
('4069563405d8c37d43453a5016485401', 114, 'ziqiao.ye', '00000000000000000000000000000000', 'Ziqiao', 'Ye', 'jukumari@processmaker.com', '2020-09-26', '2019-09-26 04:00:20', '2019-10-23 05:46:17', 'ACTIVE', 'CN', '', '', '', '', '', '', '', '', '', '', '2019-09-26', 'PROCESSMAKER_OPERATOR', '', '', 'NORMAL', '0.00', '', '', NULL, 'Asia/Shanghai', 'zh', NULL, 1),
('4242841965d896ed7f24a04017033985', 80, 'hongan.ren', '7fe470043b318dba7e07b86d0a910f180ad806bd23dd3ace9b9910c36f0cfb8a', 'Hongan', 'Ren', 'jukumari@processmaker.com', '2020-09-24', '2019-09-24 01:18:15', '2019-10-23 05:39:09', 'ACTIVE', 'CN', '', '', '', '', '', '', '', '', '', '', '2019-09-24', 'PROCESSMAKER_OPERATOR', '', '', 'NORMAL', '0.00', '', '', NULL, 'Asia/Shanghai', 'zh', '2019-10-09 02:40:10', 1),
('4260826805d3fb5389edd83076285094', 50, 'aleksei.mikhailov', 'af2bdbe1aa9b6ec1e2ade1d694f41fc71a831d0268e9891562113d8a62add1bf', 'Aleksei', 'Mikhailov', 'jukumari@processmaker.com', '2020-07-30', '2019-07-30 03:10:48', '2019-10-29 00:08:28', 'ACTIVE', 'PH', '', '', '', '', '', '', '', '', '', '', '2019-07-30', 'PROCESSMAKER_OPERATOR', '', '', 'NORMAL', '0.00', '', '', NULL, 'Asia/Manila', 'en', '2019-08-01 05:25:12', 1),
('4263232775da67b0bea0001091259927', 124, 'katrina.bale', '00000000000000000000000000000000', 'Katrina', 'Bale', 'jukumari@processmaker.com', '2020-10-16', '2019-10-16 02:06:03', '2019-10-16 02:06:03', 'ACTIVE', 'AU', 'QL', 'BDB', '', '', '', '', '', '', '', '', '2019-10-16', 'PROCESSMAKER_OPERATOR', '', '', 'NORMAL', '0.00', '', '', NULL, 'America/New_York', 'en', NULL, 1),
('4276230505dafb2e0b77c58062235398', 198, 'pakin.sirilak', '00000000000000000000000000000000', 'Pakin', 'Sirilak', 'jukumari@processmaker.com', '2020-10-23', '2019-10-23 01:54:40', '2019-10-23 01:54:40', 'ACTIVE', 'TH', '', '', '', '', '', '', '', '', '', '', '2019-10-23', 'PROCESSMAKER_OPERATOR', '', '', 'NORMAL', '0.00', '', '', NULL, 'America/New_York', '', NULL, 1),
('4326164425d3fb1c56edc24051306598', 34, 'crissia.alonzo', '00000000000000000000000000000000', 'Crissia', 'Alonzo', 'jukumari@processmaker.com', '2020-07-30', '2019-07-30 02:56:05', '2019-07-30 02:56:05', 'ACTIVE', 'PH', '', '', '', '', '', '', '', '', '', '', '2019-07-30', 'PROCESSMAKER_OPERATOR', '', '', 'NORMAL', '0.00', '', '', NULL, 'Asia/Manila', 'en', NULL, 1),
('4329610375d5662bdadebd4057853127', 68, 'yusup.ruckman', '00000000000000000000000000000000', 'Yusup', 'Ruckman', 'jukumari@processmaker.com', '2020-08-16', '2019-08-16 08:01:01', '2019-08-16 08:01:01', 'ACTIVE', 'ID', '', '', '', '', '', '', '', '', '', '', '2019-08-16', 'PROCESSMAKER_OPERATOR', '', '', 'NORMAL', '0.00', '', '', NULL, 'Asia/Jakarta', 'en', NULL, 1),
('4335124725da67e028a8c08040348247', 140, 'sharon.brailey', '00000000000000000000000000000000', 'Sharon', 'Brailey', 'jukumari@processmaker.com', '2020-10-16', '2019-10-16 02:18:42', '2019-10-16 02:18:42', 'ACTIVE', 'AU', 'QL', '', '', '', '', '', '', '', '', '', '2019-10-16', 'PROCESSMAKER_OPERATOR', '', '', 'NORMAL', '0.00', '', '', NULL, 'America/New_York', 'en', NULL, 1),
('4419754665da6821f65f300080642637', 166, 'michael.holding', '00000000000000000000000000000000', 'Michael', 'Holding', 'jukumari@processmaker.com', '2020-10-16', '2019-10-16 02:36:15', '2019-10-16 02:36:15', 'ACTIVE', 'AU', 'QL', 'CNS', '', '', '', '', '', '', '', '', '2019-10-16', 'PROCESSMAKER_OPERATOR', '', '', 'NORMAL', '0.00', '', '', NULL, 'America/New_York', 'en', NULL, 1),
('4450615135da67f6c951ac0072299981', 149, 'george.moawad', '00000000000000000000000000000000', 'George', 'Moawad', 'jukumari@processmaker.com', '2020-10-16', '2019-10-16 02:24:44', '2019-10-16 02:24:44', 'ACTIVE', '', '', '', '', '', '', '', '', '', '', '', '2019-10-16', 'PROCESSMAKER_OPERATOR', '', '', 'NORMAL', '0.00', '', '', NULL, 'America/New_York', 'en', NULL, 1),
('4457502375daf8f5734e465033124273', 173, 'hung.pham', '00000000000000000000000000000000', 'Hưng', 'Phạm Quang', 'jukumari@processmaker.com', '2020-10-23', '2019-10-22 23:23:03', '2019-10-22 23:23:03', 'ACTIVE', '', '', '', '', '', '', '', '', '', '', '', '2019-10-22', 'PROCESSMAKER_OPERATOR', '', '', 'NORMAL', '0.00', '', '', NULL, 'America/New_York', 'zh', NULL, 1),
('4461233155dafb0ff9ba026019380055', 191, 'apiphoo.chootan', '00000000000000000000000000000000', 'Apiphoo', 'Chootan', 'jukumari@processmaker.com', '2020-10-23', '2019-10-23 01:46:39', '2019-10-23 01:46:39', 'ACTIVE', '', '', '', '', '', '', '', '', '', '', '', '2019-10-23', 'PROCESSMAKER_OPERATOR', '', '', 'NORMAL', '0.00', '', '', NULL, 'America/New_York', 'zh', NULL, 1),
('4539935365daf909294a5b6002686570', 178, 'TuanAnh.Nguyen', '00000000000000000000000000000000', 'Tuấn Anh', 'Nguyễn', 'jukumari@processmaker.com', '2020-10-23', '2019-10-22 23:28:18', '2019-10-22 23:28:18', 'ACTIVE', 'VN', '', '', '', '', '', '', '', '', '', '', '2019-10-22', 'PROCESSMAKER_OPERATOR', '', '', 'NORMAL', '0.00', '', '', NULL, 'America/New_York', 'zh', NULL, 1),
('4590248685da67ff688b276026450711', 153, 'dean.piper', '00000000000000000000000000000000', 'Dean', 'Piper', 'jukumari@processmaker.com', '2020-10-16', '2019-10-16 02:27:02', '2019-10-16 02:27:02', 'ACTIVE', 'AU', '', '', '', '', '', '', '', '', '', '', '2019-10-16', 'PROCESSMAKER_OPERATOR', '', '', 'NORMAL', '0.00', '', '', NULL, 'America/New_York', 'en', NULL, 1),
('4709776055da68196293250000821510', 162, 'george.mamic', '00000000000000000000000000000000', 'George', 'Mamic', 'jukumari@processmaker.com', '2020-10-16', '2019-10-16 02:33:58', '2019-10-16 02:33:58', 'ACTIVE', 'AU', 'QL', 'BLG', '', '', '', '', '', '', '', '', '2019-10-16', 'PROCESSMAKER_OPERATOR', '', '', 'NORMAL', '0.00', '', '', NULL, 'America/New_York', 'en', NULL, 1),
('4761488705d3fb35a113365098753209', 40, 'aldrian.mendoza', 'af2bdbe1aa9b6ec1e2ade1d694f41fc71a831d0268e9891562113d8a62add1bf', 'Aldrian', 'Mendoza', 'jukumari@processmaker.com', '2020-07-30', '2019-07-30 03:02:50', '2019-10-28 23:52:41', 'ACTIVE', 'PH', '', '', '', '', '', '', '', '', '', '', '2019-07-30', 'PROCESSMAKER_OPERATOR', '', '', 'NORMAL', '0.00', '', '', NULL, 'America/Anguilla', 'en', '2019-10-28 23:52:41', 1),
('4779217155d89d65006bad3086274590', 92, 'jianqiang.wang', '00000000000000000000000000000000', 'Jianqiang', 'Wang', 'jukumari@processmaker.com', '2020-09-24', '2019-09-24 08:39:44', '2019-10-23 05:39:57', 'ACTIVE', 'CN', '', '', '', '', '', '', '', '', '', '', '2019-09-24', 'PROCESSMAKER_OPERATOR', '', '', 'NORMAL', '0.00', '', '', NULL, 'Asia/Shanghai', 'zh', NULL, 1),
('4814003185d8c2fd310c5b2001484733', 101, 'xiangyu.luo', '00000000000000000000000000000000', 'Xiangyu', 'Luo', 'jukumari@processmaker.com', '2020-09-26', '2019-09-26 03:26:11', '2019-10-23 05:43:21', 'ACTIVE', 'CN', '', '', '', '', '', '', '', '', '', '', '2019-09-26', 'PROCESSMAKER_OPERATOR', '', '', 'NORMAL', '0.00', '', '', NULL, 'Asia/Shanghai', 'zh', NULL, 1),
('4848956625d5664cb1ded96045552819', 73, 'suhartono.salim', '00000000000000000000000000000000', 'Suhartono', 'Salim', 'jukumari@processmaker.com', '2020-08-16', '2019-08-16 08:09:47', '2019-08-16 08:09:47', 'ACTIVE', 'ID', '', '', '', '', '', '', '', '', '', '', '2019-08-16', 'PROCESSMAKER_OPERATOR', '', '', 'NORMAL', '0.00', '', '', NULL, 'Asia/Jakarta', 'en', NULL, 1),
('4873072015dafb39fb91384097457608', 199, 'wichai.kannalongkorn', '00000000000000000000000000000000', 'Wichai', 'Kannalongkorn', 'jukumari@processmaker.com', '2020-10-23', '2019-10-23 01:57:51', '2019-10-23 01:57:51', 'ACTIVE', 'TH', '', '', '', '', '', '', '', '', '', '', '2019-10-23', 'PROCESSMAKER_OPERATOR', '', '', 'NORMAL', '0.00', '', '', NULL, 'America/New_York', '', NULL, 1),
('4926586585dafb296be7163042964376', 196, 'saowanee.disathien', '00000000000000000000000000000000', 'Saowanee', 'Disathien', 'jukumari@processmaker.com', '2020-10-23', '2019-10-23 01:53:26', '2019-10-23 01:53:26', 'ACTIVE', 'TH', '', '', '', '', '', '', '', '', '', '', '2019-10-23', 'PROCESSMAKER_OPERATOR', '', '', 'NORMAL', '0.00', '', '', NULL, 'America/New_York', '', NULL, 1),
('4940026015daf90eeb7db36058030290', 180, 'dung.ngo', '00000000000000000000000000000000', 'Dũng', 'Ngô Tiến', 'jukumari@processmaker.com', '2020-10-23', '2019-10-22 23:29:50', '2019-10-22 23:29:50', 'ACTIVE', 'VN', '', '', '', '', '', '', '', '', '', '', '2019-10-22', 'PROCESSMAKER_OPERATOR', '', '', 'NORMAL', '0.00', '', '', NULL, 'America/New_York', '', NULL, 1),
('4947513325d8c376d6b3dd6059801750', 113, 'jingyu.wang', '00000000000000000000000000000000', 'Jingyu', 'Wang', 'jukumari@processmaker.com', '2020-09-26', '2019-09-26 03:58:37', '2019-10-23 05:40:42', 'ACTIVE', 'CN', '', '', '', '', '', '', '', '', '', '', '2019-09-26', 'PROCESSMAKER_OPERATOR', '', '', 'NORMAL', '0.00', '', '', NULL, 'Asia/Shanghai', 'zh', NULL, 1),
('4952935735da67ec5eb0410083504192', 145, 'chris.williams', '00000000000000000000000000000000', 'Chris', 'Williams', 'jukumari@processmaker.com', '2020-10-16', '2019-10-16 02:21:57', '2019-10-16 02:21:57', 'ACTIVE', 'AU', '', '', '', '', '', '', '', '', '', '', '2019-10-16', 'PROCESSMAKER_OPERATOR', '', '', 'NORMAL', '0.00', '', '', NULL, 'America/New_York', 'en', NULL, 1),
('5031433015d89d507f16c16065285438', 88, 'zhengfeng.sun', '00000000000000000000000000000000', 'Zhengfeng', 'Sun', 'jukumari@processmaker.com', '2020-09-24', '2019-09-24 08:34:15', '2019-10-23 05:45:29', 'ACTIVE', 'CN', '', '', '', '', '', '', '', '', '', '', '2019-09-24', 'PROCESSMAKER_OPERATOR', '', '', 'NORMAL', '0.00', '', '', NULL, 'Asia/Shanghai', 'zh', NULL, 1),
('5054254075c866080af6348028578652', 7, 'steve.bean', 'af2bdbe1aa9b6ec1e2ade1d694f41fc71a831d0268e9891562113d8a62add1bf', 'Steve', 'Bean', 'jukumari@processmaker.com', '2020-03-11', '2019-03-11 13:20:00', '2019-07-25 21:29:58', 'ACTIVE', '', '', '', 'jayke.anderson@knauf.com.au', '', '', '', '', '', '', '', '2019-03-11', 'PROCESSMAKER_MANAGER', '', '', 'NORMAL', '0.00', '', '', NULL, 'America/Anguilla', 'en', '2019-07-24 03:38:16', 1),
('5113640855d3fb444579492076828036', 45, 'kathleen.sagutin', '310fe4caf555c82a9202095c54c7e6ec52b835e9b189d810b8ae2f1a052e26f1', 'Kathleen', 'Sagutin', 'jukumari@processmaker.com', '2020-07-30', '2019-07-30 03:06:44', '2019-08-01 05:11:57', 'ACTIVE', 'PH', '', '', '', '', '', '', '', '', '', '', '2019-07-30', 'PROCESSMAKER_OPERATOR', '', '', 'NORMAL', '0.00', '', '', NULL, 'Asia/Manila', 'en', '2019-08-01 05:21:22', 1),
('5139881255d8c317d757932057263503', 104, 'jiangen.hu', '00000000000000000000000000000000', 'Jiangen', 'Hu', 'jukumari@processmaker.com', '2020-09-26', '2019-09-26 03:33:17', '2019-10-23 05:39:28', 'ACTIVE', 'CN', '', '', '', '', '', '', '', '', '', '', '2019-09-26', 'PROCESSMAKER_OPERATOR', '', '', 'NORMAL', '0.00', '', '', NULL, 'Asia/Shanghai', 'zh', NULL, 1),
('5229478695dafb47de3f585051437756', 205, 'roland.prosenbauer', '00000000000000000000000000000000', 'Roland', 'Prosenbauer', 'jukumari@processmaker.com', '2020-10-23', '2019-10-23 02:01:33', '2019-10-23 02:01:33', 'ACTIVE', 'TH', '', '', '', '', '', '', '', '', '', '', '2019-10-23', 'PROCESSMAKER_OPERATOR', '', '', 'NORMAL', '0.00', '', '', NULL, 'America/New_York', '', NULL, 1),
('5247310445daf915817ebe1008491759', 182, 'long.nguyen', '00000000000000000000000000000000', 'Long', 'Nguyễn Hoàng', 'jukumari@processmaker.com', '2020-10-23', '2019-10-22 23:31:36', '2019-10-22 23:31:36', 'ACTIVE', 'VN', '', '', '', '', '', '', '', '', '', '', '2019-10-22', 'PROCESSMAKER_OPERATOR', '', '', 'NORMAL', '0.00', '', '', NULL, 'America/New_York', '', NULL, 1),
('5346289105d8c36d8387457088887490', 111, 'jingjun.zhang', '00000000000000000000000000000000', 'Jingjun', 'Zhang', 'jukumari@processmaker.com', '2020-09-26', '2019-09-26 03:56:08', '2019-10-23 05:40:29', 'ACTIVE', 'CN', '', '', '', '', '', '', '', '', '', '', '2019-09-26', 'PROCESSMAKER_OPERATOR', '', '', 'NORMAL', '0.00', '', '', NULL, 'Asia/Shanghai', 'zh', NULL, 1),
('5396985835daf91a615cec8057900258', 184, 'ha.chu', '00000000000000000000000000000000', 'Hà', 'Chu Thị Ngọc', 'jukumari@processmaker.com', '2020-10-23', '2019-10-22 23:32:54', '2019-10-24 05:48:34', 'ACTIVE', 'VN', '', '', '', '', '', '', '', '', '', '', '2019-10-22', 'PROCESSMAKER_OPERATOR', '', '', 'NORMAL', '0.00', '', '', NULL, 'America/New_York', '', NULL, 1),
('5456659515da67ee69c18b8068991402', 146, 'steve.james', '00000000000000000000000000000000', 'Steve', 'James', 'jukumari@processmaker.com', '2020-10-16', '2019-10-16 02:22:30', '2019-10-16 02:22:30', 'ACTIVE', 'AU', '', '', '', '', '', '', '', '', '', '', '2019-10-16', 'PROCESSMAKER_OPERATOR', '', '', 'NORMAL', '0.00', '', '', NULL, 'America/New_York', 'en', NULL, 1),
('5500384265d896e69d56754013129235', 79, 'jiaoyue.wu', '8d969eef6ecad3c29a3a629280e686cf0c3f5d5a86aff3ca12020c923adc6c92', 'Jiaoyue', 'Wu', 'jukumari@processmaker.com', '2020-09-24', '2019-09-24 01:16:25', '2019-10-23 05:39:44', 'ACTIVE', 'CN', '', '', '', '', '', '', '', '', '', '', '2019-09-24', 'PROCESSMAKER_OPERATOR', '', '', 'NORMAL', '0.00', '', '', NULL, 'Asia/Shanghai', 'zh', '2019-09-27 01:18:43', 1),
('5562730065cdfc4c5588610026429241', 20, '', 'af2bdbe1aa9b6ec1e2ade1d694f41fc71a831d0268e9891562113d8a62add1bf', 'Jane', 'Doe', 'jukumari@processmaker.com', '2019-05-30', '2019-05-18 08:39:33', '2019-05-18 08:39:33', 'CLOSED', '', '', '', '', '', '', '', '', '', '', '', '2019-05-18', 'PROCESSMAKER_OPERATOR', '', '', 'NORMAL', '0.00', '', '', NULL, '', '', NULL, 1),
('5599593145d565dc26b0416091527599', 62, 'endang.wigiarti', '00000000000000000000000000000000', 'Endang', 'Wigiarti', 'jukumari@processmaker.com', '2020-08-16', '2019-08-16 07:39:46', '2019-08-16 07:39:46', 'ACTIVE', 'ID', '', '', '', '', '', '', '', '', '', '', '2019-08-16', 'PROCESSMAKER_OPERATOR', '', '', 'NORMAL', '0.00', '', '', NULL, 'Asia/Jakarta', 'en', NULL, 1),
('5630526805da67b63b08b73056239136', 126, 'kristin.gibbs', '00000000000000000000000000000000', 'Kristin', 'Gibbs', 'jukumari@processmaker.com', '2020-10-16', '2019-10-16 02:07:31', '2019-10-16 02:07:31', 'ACTIVE', 'AU', 'QL', 'BDB', '', '', '', '', '', '', '', '', '2019-10-16', 'PROCESSMAKER_OPERATOR', '', '', 'NORMAL', '0.00', '', '', NULL, 'America/New_York', 'en', NULL, 1),
('5640199155d3fdb2985ef85050357369', 52, 'kevin.vanaerle', '00000000000000000000000000000000', 'Kevin', 'VanAerle', 'jukumari@processmaker.com', '2020-07-30', '2019-07-30 05:52:41', '2019-07-30 05:52:41', 'ACTIVE', 'TH', '', '', '', '', '', '', '', '', '', '', '2019-07-30', 'PROCESSMAKER_OPERATOR', '', '', 'NORMAL', '0.00', '', '', NULL, 'Asia/Bangkok', 'en', NULL, 1),
('5644609785dafb12e6fd874092089219', 192, 'ponlabhat.chotikram', '00000000000000000000000000000000', 'Ponlabhat', 'Chotikram', 'jukumari@processmaker.com', '2020-10-23', '2019-10-23 01:47:26', '2019-10-23 01:47:26', 'ACTIVE', 'TH', '', '', '', '', '', '', '', '', '', '', '2019-10-23', 'PROCESSMAKER_OPERATOR', '', '', 'NORMAL', '0.00', '', '', NULL, 'America/New_York', '', NULL, 1),
('5650984815d8c369150ca96032709671', 110, 'changjun.bi', '00000000000000000000000000000000', 'Changjun', 'Bi', 'jukumari@processmaker.com', '2020-09-26', '2019-09-26 03:54:57', '2019-10-23 05:37:49', 'ACTIVE', 'CN', '', '', '', '', '', '', '', '', '', '', '2019-09-26', 'PROCESSMAKER_OPERATOR', '', '', 'NORMAL', '0.00', '', '', NULL, 'Asia/Shanghai', 'zh', NULL, 1),
('5684630845daf8f2b6ddce3016677706', 172, 'yen.pham', '00000000000000000000000000000000', 'Bảo Yến', 'Phạm Thị Bảo', 'jukumari@processmaker.com', '2020-10-23', '2019-10-22 23:22:19', '2019-10-22 23:22:19', 'ACTIVE', 'VN', '', '', '', '', '', '', '', '', '', '', '2019-10-22', 'PROCESSMAKER_OPERATOR', '', '', 'NORMAL', '0.00', '', '', NULL, 'America/New_York', 'zh', NULL, 1),
('5703597405db13f454e4a78035282206', 208, 'giang.nguyen', '113b8be54118771cc1a683c5729ecca416ab40c42d46702a628694e1084ec71e', 'Giang', 'Nguyễn Thị Hương', 'jukumari@processmaker.com', '2020-10-24', '2019-10-24 06:05:57', '2019-10-24 06:14:51', 'ACTIVE', 'VN', '', '', '', '', '', '', '', '', '', '', '2019-10-24', 'PROCESSMAKER_OPERATOR', '', '', 'NORMAL', '0.00', '', '', NULL, 'Antarctica/Davis', 'zh', '2019-10-24 06:14:51', 1),
('5728128025d899509707c12011854138', 82, 'xiaochao.gong', '8d969eef6ecad3c29a3a629280e686cf0c3f5d5a86aff3ca12020c923adc6c92', 'Xiaochao', 'Gong', 'jukumari@processmaker.com', '2020-09-24', '2019-09-24 04:01:13', '2019-10-23 05:43:54', 'ACTIVE', 'CN', '', '', '', '', '', '', '', '', '', '', '2019-09-24', 'PROCESSMAKER_OPERATOR', '', '', 'NORMAL', '0.00', '', '', NULL, 'Asia/Shanghai', 'zh', '2019-09-27 01:22:21', 1),
('5777808965ca51f4d3b85c7017355707', 19, '', '00000000000000000000000000000000', 'Pedro', 'Silva', 'jukumari@processmaker.com', '2020-04-03', '2019-04-03 21:02:05', '2019-04-03 21:02:05', 'CLOSED', '', '', '', '', '', '', '', '', '', '', '', '2019-04-03', 'PROCESSMAKER_OPERATOR', '', '', 'NORMAL', '0.00', '', '', NULL, 'America/New_York', 'en', NULL, 1),
('5906980245da68286204636054977111', 169, 'anna.bayder', '00000000000000000000000000000000', 'Anna', 'Bayder', 'jukumari@processmaker.com', '2020-10-16', '2019-10-16 02:37:58', '2019-10-16 02:37:58', 'ACTIVE', 'AU', '', '', '', '', '', '', '', '', '', '', '2019-10-16', 'PROCESSMAKER_OPERATOR', '', '', 'NORMAL', '0.00', '', '', NULL, 'America/New_York', 'en', NULL, 1),
('5920847225d3fb1f855c6b7050293073', 35, 'lenie.morte', '00000000000000000000000000000000', 'Lenie Rose', 'Morte', 'jukumari@processmaker.com', '2020-07-30', '2019-07-30 02:56:56', '2019-07-30 02:56:56', 'ACTIVE', 'PH', '', '', '', '', '', '', '', '', '', '', '2019-07-30', 'PROCESSMAKER_OPERATOR', '', '', 'NORMAL', '0.00', '', '', NULL, 'Asia/Manila', 'en', NULL, 1),
('5941327905d53663653cb83031459207', 58, 'dwi.lestari', '871dc6af697b436aae9313963651e09b8d47bd6e05f952ce80ff32e37d9e4c3e', 'Dwi', 'Lestari', 'jukumari@processmaker.com', '2020-08-14', '2019-08-14 01:39:02', '2019-08-16 07:24:48', 'ACTIVE', 'ID', '', '', '', '', '', '', '', '', '', '', '2019-08-14', 'PROCESSMAKER_MANAGER', '', '', 'NORMAL', '0.00', '', '', NULL, 'Asia/Jakarta', 'en', '2019-08-14 08:09:14', 1),
('6007216615d89d436cf8357099994899', 86, 'mi.tian', '31af83445fbbdc730cca704f96db0f85ff8d8a899042ce4131e11a054596e351', 'Mi', 'Tian', 'jukumari@processmaker.com', '2020-09-24', '2019-09-24 08:30:46', '2019-10-23 05:41:12', 'ACTIVE', 'CN', '', '', '', '', '', '', '', '', '', '', '2019-09-24', 'PROCESSMAKER_OPERATOR', '', '', 'NORMAL', '0.00', '', '', NULL, 'Asia/Shanghai', 'zh', '2019-09-25 04:47:12', 1),
('6066674725d89d5bb28f126033248393', 90, 'jun.liang', 'ef797c8118f02dfb649607dd5d3f8c7623048c9c063d532cc95c5ed7a898a64f', 'Jun', 'Liang', 'jukumari@processmaker.com', '2020-09-24', '2019-09-24 08:37:15', '2019-10-23 05:40:53', 'ACTIVE', 'CN', '', '', '', '', '', '', '', '', '', '', '2019-09-24', 'PROCESSMAKER_OPERATOR', '', '', 'NORMAL', '0.00', '', '', NULL, 'Asia/Shanghai', 'zh', '2019-09-27 01:19:43', 1),
('6098984245d896f5da61a74007328013', 81, 'zhongqiu.lu', '7b4ccf4849d0c71c51dade3c7a6afca55d72e9cd7b4d207df3770f300e3addad', 'Zhongqiu', 'Lu', 'jukumari@processmaker.com', '2020-09-24', '2019-09-24 01:20:29', '2019-10-23 05:45:53', 'ACTIVE', 'CN', '', '', '', '', '', '', '', '', '', '', '2019-09-24', 'PROCESSMAKER_OPERATOR', '', '', 'NORMAL', '0.00', '', '', NULL, 'Asia/Shanghai', 'zh', '2019-09-25 04:05:11', 1),
('6146450595d3fb0479da195014124954', 30, 'ronald.lacsamana', '017be0cbe0d440c7b40c39152c41b51cf10d8fcb6f2a8cebbbd0cea273a69a1a', 'Ronald', 'Lacsamana', 'jukumari@processmaker.com', '2020-07-30', '2019-07-30 02:49:43', '2019-08-01 05:12:25', 'ACTIVE', 'PH', '', '', '', '', '', '', '', '', '', '', '2019-07-30', 'PROCESSMAKER_OPERATOR', '', '', 'NORMAL', '0.00', '', '', NULL, 'Asia/Manila', 'en', '2019-08-01 06:45:38', 1),
('6261178115d3fe250ab9443085058305', 55, 'io.sarmiento', 'af2bdbe1aa9b6ec1e2ade1d694f41fc71a831d0268e9891562113d8a62add1bf\r\n', 'Io', 'Sarmiento', 'jukumari@processmaker.com', '2020-07-30', '2019-07-30 06:23:12', '2019-08-16 15:14:59', 'ACTIVE', 'PH', '', '', '', '', '', '', '', '', '', '', '2019-07-30', 'PROCESSMAKER_OPERATOR', '', '', 'NORMAL', '0.00', '', '', NULL, 'America/Anguilla', 'en', '2019-08-16 15:14:59', 1),
('6275750785d3fdb62451f08022724475', 53, 'leo.alarcon', 'af2bdbe1aa9b6ec1e2ade1d694f41fc71a831d0268e9891562113d8a62add1bf', 'Leonel', 'Alarcon', 'jukumari@processmaker.com', '2020-07-30', '2019-07-30 05:53:38', '2019-08-02 07:45:18', 'ACTIVE', 'TH', '', '', '', '', '', '', '', '', '', '', '2019-07-30', 'PROCESSMAKER_MANAGER', '', '', 'NORMAL', '0.00', '', '', NULL, 'Asia/Bangkok', 'en', NULL, 1),
('6285160935dafb1cc7d6402015197250', 194, 'rung.kaewtabtim', '00000000000000000000000000000000', 'Rung', 'Kaewtabtim', 'jukumari@processmaker.com', '2020-10-23', '2019-10-23 01:50:04', '2019-10-23 01:50:04', 'ACTIVE', 'TH', '', '', '', '', '', '', '', '', '', '', '2019-10-23', 'PROCESSMAKER_OPERATOR', '', '', 'NORMAL', '0.00', '', '', NULL, 'America/New_York', '', NULL, 1),
('6299694975dafb0ce3f3651040307471', 190, 'suthep.khampiranon', '00000000000000000000000000000000', 'Suthep', 'Khampiranon', 'jukumari@processmaker.com', '2020-10-23', '2019-10-23 01:45:50', '2019-10-23 01:45:50', 'ACTIVE', 'TH', '', '', '', '', '', '', '', '', '', '', '2019-10-23', 'PROCESSMAKER_OPERATOR', '', '', 'NORMAL', '0.00', '', '', NULL, 'America/New_York', '', NULL, 1);
INSERT INTO `USERS` (`USR_UID`, `USR_ID`, `USR_USERNAME`, `USR_PASSWORD`, `USR_FIRSTNAME`, `USR_LASTNAME`, `USR_EMAIL`, `USR_DUE_DATE`, `USR_CREATE_DATE`, `USR_UPDATE_DATE`, `USR_STATUS`, `USR_COUNTRY`, `USR_CITY`, `USR_LOCATION`, `USR_ADDRESS`, `USR_PHONE`, `USR_FAX`, `USR_CELLULAR`, `USR_ZIP_CODE`, `DEP_UID`, `USR_POSITION`, `USR_RESUME`, `USR_BIRTHDAY`, `USR_ROLE`, `USR_REPORTS_TO`, `USR_REPLACED_BY`, `USR_UX`, `USR_COST_BY_HOUR`, `USR_UNIT_COST`, `USR_PMDRIVE_FOLDER_UID`, `USR_BOOKMARK_START_CASES`, `USR_TIME_ZONE`, `USR_DEFAULT_LANG`, `USR_LAST_LOGIN`, `USR_STATUS_ID`) VALUES
('6336081655d89d6de6e1bd6001256112', 94, 'ying.chen', '00000000000000000000000000000000', 'Ying', 'Chen', 'jukumari@processmaker.com', '2020-09-24', '2019-09-24 08:42:06', '2019-10-23 05:44:24', 'ACTIVE', 'CN', '', '', '', '', '', '', '', '', '', '', '2019-09-24', 'PROCESSMAKER_OPERATOR', '', '', 'NORMAL', '0.00', '', '', NULL, 'Asia/Shanghai', 'zh', NULL, 1),
('6344301225d3fe2181619a9065735923', 54, 'mich.delarosa', '00000000000000000000000000000000', 'Mich', 'Dela Rosa', 'jukumari@processmaker.com', '2020-07-30', '2019-07-30 06:22:16', '2019-07-30 06:22:16', 'ACTIVE', 'PH', '', '', '', '', '', '', '', '', '', '', '2019-07-30', 'PROCESSMAKER_OPERATOR', '', '', 'NORMAL', '0.00', '', '', NULL, 'Asia/Manila', 'en', NULL, 1),
('6369199765d8995c974e238032585434', 84, 'xiao.zhang', '00000000000000000000000000000000', 'Xiao', 'Zhang', 'jukumari@processmaker.com', '2020-09-24', '2019-09-24 04:04:25', '2019-10-23 05:43:40', 'ACTIVE', 'CN', '', '', '', '', '', '', '', '', '', '', '2019-09-24', 'PROCESSMAKER_OPERATOR', '', '', 'NORMAL', '0.00', '', '', NULL, 'Asia/Shanghai', 'zh', NULL, 1),
('6404556735db235ec4e10d8006260126', 210, 'zhoro.iliev', '00000000000000000000000000000000', 'Zhoro Vaskov', 'Iliev', 'jukumari@processmaker.com', '2020-10-25', '2019-10-24 23:38:20', '2019-10-24 23:38:20', 'ACTIVE', 'TH', '', '', '', '', '', '', '', '', '', '', '2019-10-24', 'PROCESSMAKER_OPERATOR', '', '', 'NORMAL', '0.00', '', '', NULL, 'America/New_York', '', NULL, 1),
('6476663655da679d2de0821067225213', 120, 'matthew.hirst', '00000000000000000000000000000000', 'Matthew', 'Hirst', 'jukumari@processmaker.com', '2020-10-16', '2019-10-16 02:00:50', '2019-10-16 02:00:50', 'ACTIVE', 'AU', 'VI', 'ATO', '', '', '', '', '', '', '', '', '2019-10-16', 'PROCESSMAKER_OPERATOR', '', '', 'NORMAL', '0.00', '', '', NULL, 'America/New_York', 'en', NULL, 1),
('6608302035d56610eeca133097238228', 64, 'guzali.bambang', '00000000000000000000000000000000', 'Khoe Guzali', 'Bambang', 'jukumari@processmaker.com', '2020-08-16', '2019-08-16 07:53:50', '2019-08-16 08:33:34', 'ACTIVE', 'ID', '', '', '', '', '', '', '', '', '', '', '2019-08-16', 'PROCESSMAKER_OPERATOR', '', '', 'NORMAL', '0.00', '', '', NULL, 'Asia/Jakarta', 'en', NULL, 1),
('6621945965da681d6a233a8044370209', 164, 'stephanie.olsen', '00000000000000000000000000000000', 'Stephanie', 'Olsen', 'jukumari@processmaker.com', '2020-10-16', '2019-10-16 02:35:02', '2019-10-16 02:35:02', 'ACTIVE', 'AU', 'QL', 'BLG', '', '', '', '', '', '', '', '', '2019-10-16', 'PROCESSMAKER_OPERATOR', '', '', 'NORMAL', '0.00', '', '', NULL, 'America/New_York', 'en', NULL, 1),
('6734909165c8660b18cef85071846108', 8, 'gavin.burton', 'af2bdbe1aa9b6ec1e2ade1d694f41fc71a831d0268e9891562113d8a62add1bf', 'Gavin', 'Burton', 'jukumari@processmaker.com', '2020-03-11', '2019-03-11 13:20:49', '2019-10-29 16:08:15', 'ACTIVE', '', '', '', 'jayke.anderson@knauf.com.au', '', '', '', '', '', '', '', '2019-03-11', 'PROCESSMAKER_MANAGER', '', '', 'NORMAL', '0.00', '', '', NULL, 'America/Anguilla', 'en', '2019-10-29 16:08:15', 1),
('6841470775da680abc42670032775599', 157, 'ken.holdstock', '00000000000000000000000000000000', 'Ken', 'Holdstock', 'jukumari@processmaker.com', '2020-10-16', '2019-10-16 02:30:03', '2019-10-16 02:30:03', 'ACTIVE', 'AU', 'QL', 'BLG', '', '', '', '', '', '', '', '', '2019-10-16', 'PROCESSMAKER_OPERATOR', '', '', 'NORMAL', '0.00', '', '', NULL, 'America/New_York', 'en', NULL, 1),
('6881775295da678df701ae1003692186', 116, 'alan.skicko', '00000000000000000000000000000000', 'Alan', 'Skicko', 'jukumari@processmaker.com', '2020-10-16', '2019-10-16 01:56:47', '2019-10-16 01:56:47', 'ACTIVE', 'AU', 'VI', 'ATO', '', '', '', '', '', '', '', '', '2019-10-16', 'PROCESSMAKER_OPERATOR', '', '', 'NORMAL', '0.00', '', '', NULL, 'America/New_York', 'en', NULL, 1),
('6963819625daf8ff25a2001074763751', 175, 'duc.dang', '90dfdd3cb72ddd2a962c0ebb6494b6a4612781582a8623ec6dcab6126137bec3', 'Đức', 'Đặng Văn', 'jukumari@processmaker.com', '2020-10-23', '2019-10-22 23:25:38', '2019-10-28 02:11:54', 'ACTIVE', 'VN', '', '', '', '', '', '', '', '', '', '', '2019-10-22', 'PROCESSMAKER_OPERATOR', '', '', 'NORMAL', '0.00', '', '', NULL, 'Asia/Ho_Chi_Minh', '', '2019-10-28 02:11:54', 1),
('6990077575d3fb38a8a9393087566831', 41, 'emmy.bejo', '00000000000000000000000000000000', 'Emmy', 'Bejo', 'jukumari@processmaker.com', '2020-07-30', '2019-07-30 03:03:38', '2019-07-30 03:03:38', 'ACTIVE', 'PH', '', '', '', '', '', '', '', '', '', '', '2019-07-30', 'PROCESSMAKER_OPERATOR', '', '', 'NORMAL', '0.00', '', '', NULL, 'Asia/Manila', 'en', NULL, 1),
('7039927345d5661b5e21f84023639041', 65, 'ratna.yuli', '00000000000000000000000000000000', 'Ratna Yuli', 'Ariyani', 'jukumari@processmaker.com', '2020-08-16', '2019-08-16 07:56:37', '2019-08-16 07:56:37', 'ACTIVE', 'ID', '', '', '', '', '', '', '', '', '', '', '2019-08-16', 'PROCESSMAKER_OPERATOR', '', '', 'NORMAL', '0.00', '', '', NULL, 'Asia/Jakarta', 'en', NULL, 1),
('7053762775d5375935c6c46037431490', 60, 'rama.krishnan', 'b96a287d713495da74ad11351ababe973442ed79130801f679a7d5838be82816', 'Rama', 'Krishnan', 'jukumari@processmaker.com', '2020-08-14', '2019-08-14 02:44:35', '2019-08-16 07:24:19', 'ACTIVE', 'ID', '', '', '', '', '', '', '', '', '', '', '2019-08-14', 'PROCESSMAKER_MANAGER', '', '', 'NORMAL', '0.00', '', '', NULL, 'Antarctica/Davis', 'en', '2019-08-14 06:25:45', 1),
('7076284835d56647ac4cfe7066681939', 72, 'boedhi.santoso', '00000000000000000000000000000000', 'Boedhi', 'Santoso', 'jukumari@processmaker.com', '2020-08-16', '2019-08-16 08:08:26', '2019-08-16 08:08:26', 'ACTIVE', 'ID', '', '', '', '', '', '', '', '', '', '', '2019-08-16', 'PROCESSMAKER_OPERATOR', '', '', 'NORMAL', '0.00', '', '', NULL, 'Asia/Jakarta', 'en', NULL, 1),
('7158000975d8c37219e1820032014524', 112, 'qinzheng.chen', '00000000000000000000000000000000', 'Qinzheng', 'Chen', 'jukumari@processmaker.com', '2020-09-26', '2019-09-26 03:57:21', '2019-10-23 05:42:13', 'ACTIVE', 'CN', '', '', '', '', '', '', '', '', '', '', '2019-09-26', 'PROCESSMAKER_OPERATOR', '', '', 'NORMAL', '0.00', '', '', NULL, 'Asia/Shanghai', 'zh', NULL, 1),
('7159891755d3fae51668710043461935', 24, 'joanna.castillo', '00000000000000000000000000000000', 'Joanna Mary', 'Castillo', 'jukumari@processmaker.com', '2020-07-30', '2019-07-30 02:41:21', '2019-07-30 02:53:58', 'ACTIVE', 'PH', '', '', '', '', '', '', '', '', '', '', '2019-07-30', 'PROCESSMAKER_OPERATOR', '', '', 'NORMAL', '0.00', '', '', NULL, 'Asia/Manila', 'en', NULL, 1),
('7175403755d89d72e3ef028062642819', 95, 'pengcheng.yue', '00000000000000000000000000000000', 'Pengcheng', 'Yue', 'jukumari@processmaker.com', '2020-09-24', '2019-09-24 08:43:26', '2019-10-23 05:41:38', 'ACTIVE', 'CN', '', '', '', '', '', '', '', '', '', '', '2019-09-24', 'PROCESSMAKER_OPERATOR', '', '', 'NORMAL', '0.00', '', '', NULL, 'Asia/Shanghai', 'zh', NULL, 1),
('7180008005d43dea5ae51a4096201329', 56, 'oliver.moral', '00000000000000000000000000000000', 'Oliver', 'Moral', 'jukumari@processmaker.com', '2020-08-02', '2019-08-02 06:56:37', '2019-08-02 06:57:31', 'ACTIVE', 'PH', '', '', '', '', '', '', '', '', '', '', '2019-08-02', 'PROCESSMAKER_OPERATOR', '', '', 'NORMAL', '0.00', '', '', NULL, 'Asia/Manila', 'en', NULL, 1),
('7199125345da67947256f93093511663', 118, 'mark.warren', '00000000000000000000000000000000', 'Mark', 'Warren', 'jukumari@processmaker.com', '2020-10-16', '2019-10-16 01:58:31', '2019-10-16 01:58:31', 'ACTIVE', 'AU', 'VI', 'ATO', '', '', '', '', '', '', '', '', '2019-10-16', 'PROCESSMAKER_OPERATOR', '', '', 'NORMAL', '0.00', '', '', NULL, 'America/New_York', 'en', NULL, 1),
('7201430585c928822686af3071843170', 17, 'john.smith', '00000000000000000000000000000000', 'John', 'Smith', 'jukumari@processmaker.com', '2020-03-20', '2019-03-20 18:36:18', '2019-03-28 19:39:16', 'INACTIVE', '', '', '', '', '', '', '', '', '', '', '', '2019-03-20', 'PROCESSMAKER_OPERATOR', '', '', 'NORMAL', '0.00', '', '', NULL, 'America/New_York', 'en', NULL, 1),
('7293126885d3fb47c5227b1050208725', 46, 'ivy.leobonchiong', '00000000000000000000000000000000', 'Ivy Grace', 'Leobonchiong', 'jukumari@processmaker.com', '2020-07-30', '2019-07-30 03:07:40', '2019-07-30 03:07:40', 'ACTIVE', 'PH', '', '', '', '', '', '', '', '', '', '', '2019-07-30', 'PROCESSMAKER_OPERATOR', '', '', 'NORMAL', '0.00', '', '', NULL, 'Asia/Manila', 'en', NULL, 1),
('7420323795db154c2311d27004135003', 209, 'vu.nguyen', '00000000000000000000000000000000', 'Vu', 'Nguyen Thanh', 'jukumari@processmaker.com', '2020-10-24', '2019-10-24 07:37:38', '2019-10-24 07:37:38', 'ACTIVE', 'VN', '', '', '', '', '', '', '', '', '', '', '2019-10-24', 'PROCESSMAKER_OPERATOR', '', '', 'NORMAL', '0.00', '', '', NULL, 'America/New_York', 'zh', NULL, 1),
('7474175465c8f4dac447234050977038', 11, 'martin.obrien', '00000000000000000000000000000000', 'Martin', 'O\'Brien', 'jukumari@processmaker.com', '2020-03-18', '2019-03-18 07:50:04', '2019-07-25 21:30:20', 'ACTIVE', '', '', '', 'jayke.anderson@knauf.com.au', '', '', '', '', '', '', '', '2019-03-18', 'PROCESSMAKER_MANAGER', '', '', 'NORMAL', '0.00', '', '', NULL, 'Australia/Brisbane', 'en', '2019-08-07 01:06:31', 1),
('7475349035c8660efaf47f5052308797', 9, 'andy.rylance', 'af2bdbe1aa9b6ec1e2ade1d694f41fc71a831d0268e9891562113d8a62add1bf', 'Andy', 'Rylance', 'jukumari@processmaker.com', '2020-03-11', '2019-03-11 13:21:51', '2019-11-06 16:16:27', 'ACTIVE', '', '', '', 'jayke.anderson@knauf.com.au', '', '', '', '', '', '', '', '2019-03-11', 'PROCESSMAKER_MANAGER', '', '', 'NORMAL', '0.00', '', '', NULL, 'America/Anguilla', 'en', '2019-11-06 16:16:27', 1),
('7524971505dafb3c52eddd2036109191', 200, 'krit.sutthipan', '00000000000000000000000000000000', 'Krit', 'Sutthipan', 'jukumari@processmaker.com', '2020-10-23', '2019-10-23 01:58:29', '2019-10-23 01:58:29', 'ACTIVE', 'TH', '', '', '', '', '', '', '', '', '', '', '2019-10-23', 'PROCESSMAKER_OPERATOR', '', '', 'NORMAL', '0.00', '', '', NULL, 'America/New_York', '', NULL, 1),
('7610292385c86612287c860012103391', 10, 'murray.read', 'af2bdbe1aa9b6ec1e2ade1d694f41fc71a831d0268e9891562113d8a62add1bf', 'Murray', 'Read', 'jukumari@processmaker.com', '2020-03-11', '2019-03-11 13:22:42', '2019-07-31 00:55:37', 'ACTIVE', '', '', '', 'jayke.anderson@knauf.com.au', '', '', '', '', '', '', '', '2019-03-11', 'PROCESSMAKER_OPERATOR', '', '', 'NORMAL', '0.00', '', '', NULL, 'America/Anguilla', 'en', '2019-07-24 03:36:29', 1),
('7765270725d565d518fe1a6018454218', 61, 'endah.padmiwiyati', '00000000000000000000000000000000', 'Endah', 'Padmiwiyati', 'jukumari@processmaker.com', '2020-08-16', '2019-08-16 07:37:53', '2019-08-16 07:37:53', 'ACTIVE', 'ID', '', '', '', '', '', '', '', '', '', '', '2019-08-16', 'PROCESSMAKER_OPERATOR', '', '', 'NORMAL', '0.00', '', '', NULL, 'Asia/Jakarta', 'en', NULL, 1),
('7818070505daf91361d9f28032753638', 181, 'viet.luong', '00000000000000000000000000000000', 'Việt', 'Lương Văn', 'jukumari@processmaker.com', '2020-10-23', '2019-10-22 23:31:02', '2019-10-22 23:31:02', 'ACTIVE', 'VN', '', '', '', '', '', '', '', '', '', '', '2019-10-22', 'PROCESSMAKER_OPERATOR', '', '', 'NORMAL', '0.00', '', '', NULL, 'America/New_York', '', NULL, 1),
('7830086555dafaee3d96a24078572668', 185, 'maneerath.pinijcredit', '00000000000000000000000000000000', 'Maneerath', 'Pinijcredit', 'jukumari@processmaker.com', '2020-10-23', '2019-10-23 01:37:39', '2019-10-23 01:37:39', 'ACTIVE', 'TH', '', '', '', '', '', '', '', '', '', '', '2019-10-23', 'PROCESSMAKER_OPERATOR', '', '', 'NORMAL', '0.00', '', '', NULL, 'America/New_York', '', NULL, 1),
('8029862875da67b9b8f6305095172599', 127, 'matthew.hughes', '00000000000000000000000000000000', 'Matthew', 'Hughes', 'jukumari@processmaker.com', '2020-10-16', '2019-10-16 02:08:27', '2019-10-16 02:08:27', 'ACTIVE', 'AU', 'QL', 'BDB', '', '', '', '', '', '', '', '', '2019-10-16', 'PROCESSMAKER_OPERATOR', '', '', 'NORMAL', '0.00', '', '', NULL, 'America/New_York', 'en', NULL, 1),
('8065305425da67a078f34a9043354939', 121, 'phil.james', '00000000000000000000000000000000', 'Phil', 'James', 'jukumari@processmaker.com', '2020-10-16', '2019-10-16 02:01:43', '2019-10-16 02:01:43', 'ACTIVE', 'AU', 'VI', 'ATO', '', '', '', '', '', '', '', '', '2019-10-16', 'PROCESSMAKER_OPERATOR', '', '', 'NORMAL', '0.00', '', '', NULL, 'America/New_York', 'en', NULL, 1),
('8154080485da6806fddbd66071222267', 156, 'andrew.carbines', '00000000000000000000000000000000', 'Andrew', 'Carbines', 'jukumari@processmaker.com', '2020-10-16', '2019-10-16 02:29:03', '2019-10-16 02:29:03', 'ACTIVE', 'AU', 'QL', 'BLG', '', '', '', '', '', '', '', '', '2019-10-16', 'PROCESSMAKER_OPERATOR', '', '', 'NORMAL', '0.00', '', '', NULL, 'America/New_York', 'en', NULL, 1),
('8171364315d8c329d7a9d16079013163', 105, 'yongqing.zheng', '00000000000000000000000000000000', 'Yongqing', 'Zheng', 'jukumari@processmaker.com', '2020-09-26', '2019-09-26 03:38:05', '2019-10-23 05:44:53', 'ACTIVE', 'CN', '', '', '', '', '', '', '', '', '', '', '2019-09-26', 'PROCESSMAKER_OPERATOR', '', '', 'NORMAL', '0.00', '', '', NULL, 'Asia/Shanghai', 'zh', NULL, 1),
('8197082355c8f4e086fff47015880419', 14, 'greg.bartlett', 'af2bdbe1aa9b6ec1e2ade1d694f41fc71a831d0268e9891562113d8a62add1bf', 'Greg', 'Bartlett', 'jukumari@processmaker.com', '2020-03-18', '2019-03-18 07:51:36', '2019-11-06 20:36:51', 'ACTIVE', '', '', '', 'jayke.anderson@knauf.com.au', '', '', '', '', '', '', '', '2019-03-18', 'PROCESSMAKER_OPERATOR', '', '', 'NORMAL', '0.00', '', '', NULL, 'America/Anguilla', 'en', '2019-05-30 22:12:40', 1),
('8214574475daf8f002923e2091696768', 171, 'khoa.do', 'af2bdbe1aa9b6ec1e2ade1d694f41fc71a831d0268e9891562113d8a62add1bf', 'Đăng Khoa', 'Đỗ', 'jukumari@processmaker.com', '2020-10-23', '2019-10-22 23:21:36', '2019-10-24 06:16:06', 'ACTIVE', 'VN', '', '', '', '', '', '', '', '', '', '', '2019-10-22', 'PROCESSMAKER_OPERATOR', '', '', 'NORMAL', '0.00', '', '', NULL, 'Asia/Ho_Chi_Minh', '', '2019-10-24 06:16:05', 1),
('8328875875d8c1e392af352027907764', 97, 'fangdi.yao', '00000000000000000000000000000000', 'Fangdi', 'Yao', 'jukumari@processmaker.com', '2020-09-26', '2019-09-26 02:11:05', '2019-10-23 05:38:41', 'ACTIVE', 'CN', '', '', '', '', '', '', '', '', '', '', '2019-09-26', 'PROCESSMAKER_OPERATOR', '', '', 'NORMAL', '0.00', '', '', NULL, 'Asia/Shanghai', 'zh', NULL, 1),
('8340544975da68012201db4019301236', 154, 'julian.roborgh', '00000000000000000000000000000000', 'Julian', 'Roborgh', 'jukumari@processmaker.com', '2020-10-16', '2019-10-16 02:27:30', '2019-10-16 02:27:30', 'ACTIVE', '', '', '', '', '', '', '', '', '', '', '', '2019-10-16', 'PROCESSMAKER_OPERATOR', '', '', 'NORMAL', '0.00', '', '', NULL, 'America/New_York', 'en', NULL, 1),
('8416593055da67db6d5b5b7048512264', 138, 'lance.mclaren', '00000000000000000000000000000000', 'Lance', 'Mclaren', 'jukumari@processmaker.com', '2020-10-16', '2019-10-16 02:17:26', '2019-10-16 02:17:26', 'ACTIVE', 'AU', 'NS', '', '', '', '', '', '', '', '', '', '2019-10-16', 'PROCESSMAKER_OPERATOR', '', '', 'NORMAL', '0.00', '', '', NULL, 'America/New_York', 'en', NULL, 1),
('8443160395daf90b557db08032514667', 179, 'luong.nguyen', 'c3eeda098959c1c1c2a114babb33d4d6fdc255eb4df8ed3d2cb84986699af72a', 'Lượng', 'Nguyễn Văn', 'jukumari@processmaker.com', '2020-10-23', '2019-10-22 23:28:53', '2019-10-25 02:37:58', 'ACTIVE', 'VN', '', '', '', '', '', '', '', '', '', '', '2019-10-22', 'PROCESSMAKER_OPERATOR', '', '', 'NORMAL', '0.00', '', '', NULL, 'Antarctica/Davis', '', '2019-10-24 07:34:16', 1),
('8505999125d8c363cf1b498046911445', 109, 'shixi.hu', '00000000000000000000000000000000', 'Shixi', 'Hu', 'jukumari@processmaker.com', '2020-09-26', '2019-09-26 03:53:32', '2019-10-23 05:42:44', 'ACTIVE', 'CN', '', '', '', '', '', '', '', '', '', '', '2019-09-26', 'PROCESSMAKER_OPERATOR', '', '', 'NORMAL', '0.00', '', '', NULL, 'Asia/Shanghai', 'zh', NULL, 1),
('8531349125d3fb4b1b00465087302011', 47, 'charlene.bonalos', '00000000000000000000000000000000', 'Charlene Adele', 'Bonalos', 'jukumari@processmaker.com', '2020-07-30', '2019-07-30 03:08:33', '2019-07-30 03:08:33', 'ACTIVE', 'PH', '', '', '', '', '', '', '', '', '', '', '2019-07-30', 'PROCESSMAKER_OPERATOR', '', '', 'NORMAL', '0.00', '', '', NULL, 'Asia/Manila', 'en', NULL, 1),
('8590576455da67fcea62da9061705484', 152, 'trevor.denson', '00000000000000000000000000000000', 'Trevor', 'Denson', 'jukumari@processmaker.com', '2020-10-16', '2019-10-16 02:26:22', '2019-10-16 02:26:22', 'ACTIVE', 'AU', '', '', '', '', '', '', '', '', '', '', '2019-10-16', 'PROCESSMAKER_OPERATOR', '', '', 'NORMAL', '0.00', '', '', NULL, 'America/New_York', 'en', NULL, 1),
('8746855515c8f4dee1b4988096196525', 13, 'adrian.kleitz', '00000000000000000000000000000000', 'Adrian', 'Kleitz', 'jukumari@processmaker.com', '2020-03-18', '2019-03-18 07:51:10', '2019-11-06 20:31:54', 'ACTIVE', '', '', '', 'jayke.anderson@knauf.com.au', '', '', '', '', '', '', '', '2019-03-18', 'PROCESSMAKER_MANAGER', '', '', 'NORMAL', '0.00', '', '', NULL, 'Antarctica/DumontDUrville', 'en', '2019-07-19 04:18:56', 1),
('8792452955da67e49b17296036519968', 142, 'derek.dorward', '00000000000000000000000000000000', 'Derek', 'Dorward', 'jukumari@processmaker.com', '2020-10-16', '2019-10-16 02:19:53', '2019-10-16 02:19:53', 'ACTIVE', 'AU', 'WA', 'WEL', '', '', '', '', '', '', '', '', '2019-10-16', 'PROCESSMAKER_OPERATOR', '', '', 'NORMAL', '0.00', '', '', NULL, 'America/New_York', 'en', NULL, 1),
('8795794585d3fb2eb5fafc4022757526', 38, 'levi.mortel', '00000000000000000000000000000000', 'Levi', 'Mortel', 'jukumari@processmaker.com', '2020-07-30', '2019-07-30 03:00:59', '2019-07-30 03:00:59', 'ACTIVE', 'PH', '', '', '', '', '', '', '', '', '', '', '2019-07-30', 'PROCESSMAKER_OPERATOR', '', '', 'NORMAL', '0.00', '', '', NULL, 'Asia/Manila', 'en', NULL, 1),
('8864665895d566648a93fb0088442728', 76, 'denny.chrysmianto', '00000000000000000000000000000000', 'denny', 'Chrysmianto', 'jukumari@processmaker.com', '2020-08-16', '2019-08-16 08:16:08', '2019-08-16 08:16:08', 'ACTIVE', 'ID', '', '', '', '', '', '', '', '', '', '', '2019-08-16', 'PROCESSMAKER_OPERATOR', '', '', 'NORMAL', '0.00', '', '', NULL, 'Asia/Jakarta', 'en', NULL, 1),
('8865389865da6826cad8b42002476195', 168, 'nigel.mckenna', '00000000000000000000000000000000', 'Nigel', 'Mckenna', 'jukumari@processmaker.com', '2020-10-16', '2019-10-16 02:37:32', '2019-10-16 02:37:32', 'ACTIVE', 'AU', 'NS', '', '', '', '', '', '', '', '', '', '2019-10-16', 'PROCESSMAKER_OPERATOR', '', '', 'NORMAL', '0.00', '', '', NULL, 'America/New_York', 'en', NULL, 1),
('8942076125d89d5657401d8092479205', 89, 'jiefeng.zou', '00000000000000000000000000000000', 'Jiefeng', 'Zou', 'jukumari@processmaker.com', '2020-09-24', '2019-09-24 08:35:49', '2019-10-23 05:40:10', 'ACTIVE', 'CN', '', '', '', '', '', '', '', '', '', '', '2019-09-24', 'PROCESSMAKER_OPERATOR', '', '', 'NORMAL', '0.00', '', '', NULL, 'Asia/Shanghai', 'zh', NULL, 1),
('8946535195d5662faf011e6090166947', 69, 'iip.rohima', '00000000000000000000000000000000', 'IIp', 'Rohima', 'jukumari@processmaker.com', '2020-08-16', '2019-08-16 08:02:02', '2019-08-16 08:02:02', 'ACTIVE', 'ID', '', '', '', '', '', '', '', '', '', '', '2019-08-16', 'PROCESSMAKER_OPERATOR', '', '', 'NORMAL', '0.00', '', '', NULL, 'Asia/Jakarta', 'en', NULL, 1),
('8961555635da67d3d6e21c5065931492', 136, 'tanya.everding', '00000000000000000000000000000000', 'Tanya', 'Everding', 'jukumari@processmaker.com', '2020-10-16', '2019-10-16 02:15:25', '2019-10-16 02:15:25', 'ACTIVE', 'AU', 'QL', 'BLG', '', '', '', '', '', '', '', '', '2019-10-16', 'PROCESSMAKER_OPERATOR', '', '', 'NORMAL', '0.00', '', '', NULL, 'America/New_York', 'en', NULL, 1),
('8997789975d3fb079f12be9078658180', 31, 'joey.cabadin', 'c6c1f0e4b44ff6e8d05b1e43205507a4e5216bcb16b987d063810989056bf983', 'Joey', 'Cabadin', 'jukumari@processmaker.com', '2020-07-30', '2019-07-30 02:50:33', '2019-08-01 05:12:40', 'ACTIVE', 'PH', '', '', '', '', '', '', '', '', '', '', '2019-07-30', 'PROCESSMAKER_OPERATOR', '', '', 'NORMAL', '0.00', '', '', NULL, 'Asia/Manila', 'en', '2019-08-01 05:25:37', 1),
('9000221765da67e85c5fa94067275865', 143, 'nhi.pham', '00000000000000000000000000000000', 'Nhi', 'Pham', 'jukumari@processmaker.com', '2020-10-16', '2019-10-16 02:20:53', '2019-10-16 02:20:53', 'ACTIVE', 'AU', 'NS', '', '', '', '', '', '', '', '', '', '2019-10-16', 'PROCESSMAKER_OPERATOR', '', '', 'NORMAL', '0.00', '', '', NULL, 'America/New_York', 'en', NULL, 1),
('9016073965d89d698934963082937670', 93, 'zhongsheng.chai', '00000000000000000000000000000000', 'Zhongsheng', 'Chai', 'jukumari@processmaker.com', '2020-09-24', '2019-09-24 08:40:56', '2019-10-23 05:46:05', 'ACTIVE', 'CN', '', '', '', '', '', '', '', '', '', '', '2019-09-24', 'PROCESSMAKER_OPERATOR', '', '', 'NORMAL', '0.00', '', '', NULL, 'Asia/Shanghai', 'zh', NULL, 1),
('9025096755d8c2ee51dc718037210041', 99, 'chengzhong.zhan', '00000000000000000000000000000000', 'Chengzhong', 'Zhan', 'jukumari@processmaker.com', '2020-09-26', '2019-09-26 03:22:13', '2019-10-23 05:38:09', 'ACTIVE', 'CN', '', '', '', '', '', '', '', '', '', '', '2019-09-26', 'PROCESSMAKER_OPERATOR', '', '', 'NORMAL', '0.00', '', '', NULL, 'Asia/Shanghai', 'zh', NULL, 1),
('9025465935da67913e21e12035563892', 117, 'arthur.sliwinski', '00000000000000000000000000000000', 'Arthur', 'Sliwinski', 'jukumari@processmaker.com', '2020-10-16', '2019-10-16 01:57:39', '2019-10-16 01:57:39', 'ACTIVE', 'AU', 'VI', 'ATO', '', '', '', '', '', '', '', '', '2019-10-16', 'PROCESSMAKER_OPERATOR', '', '', 'NORMAL', '0.00', '', '', NULL, 'America/New_York', 'en', NULL, 1),
('9070695965d3faf9b2cc299002226454', 28, 'daryll.castro', '00000000000000000000000000000000', 'Daryll', 'Castro', 'jukumari@processmaker.com', '2020-07-30', '2019-07-30 02:46:51', '2019-07-30 02:54:24', 'ACTIVE', 'PH', '', '', '', '', '', '', '', '', '', '', '2019-07-30', 'PROCESSMAKER_OPERATOR', '', '', 'NORMAL', '0.00', '', '', NULL, 'Asia/Manila', 'en', NULL, 1),
('9122158895d3fb3e813e6c8050519838', 43, 'henry.flores', 'd9e6cc045e45c60d35ba31b74ea55ef7a92cda26b73a06ad081df33f880d39fb', 'Henry', 'Flores', 'jukumari@processmaker.com', '2020-07-30', '2019-07-30 03:05:12', '2019-08-05 01:10:08', 'ACTIVE', 'PH', '', '', '', '', '', '', '', '', '', '', '2019-07-30', 'PROCESSMAKER_OPERATOR', '', '', 'NORMAL', '0.00', '', '', NULL, 'Asia/Manila', 'en', NULL, 1),
('9157419215da67d8631b034036378092', 137, 'andrew.balding', '00000000000000000000000000000000', 'Andrew', 'Balding', 'jukumari@processmaker.com', '2020-10-16', '2019-10-16 02:16:38', '2019-10-16 02:16:38', 'ACTIVE', 'AU', 'SA', 'ADL', '', '', '', '', '', '', '', '', '2019-10-16', 'PROCESSMAKER_OPERATOR', '', '', 'NORMAL', '0.00', '', '', NULL, 'America/New_York', 'en', NULL, 1),
('9170733825daf902fb04af1051363018', 176, 'tien.hoang', '00000000000000000000000000000000', 'Tiền', 'Hoàng Văn', 'jukumari@processmaker.com', '2020-10-23', '2019-10-22 23:26:39', '2019-10-22 23:26:39', 'ACTIVE', 'VN', '', '', '', '', '', '', '', '', '', '', '2019-10-22', 'PROCESSMAKER_OPERATOR', '', '', 'NORMAL', '0.00', '', '', NULL, 'America/New_York', '', NULL, 1),
('9258697065da68161c54456026951941', 161, 'alireza.bataghva', '00000000000000000000000000000000', 'Alireza', 'Bataghva', 'jukumari@processmaker.com', '2020-10-16', '2019-10-16 02:33:05', '2019-10-16 02:33:05', 'ACTIVE', 'AU', 'QL', 'BLG', '', '', '', '', '', '', '', '', '2019-10-16', 'PROCESSMAKER_OPERATOR', '', '', 'NORMAL', '0.00', '', '', NULL, 'America/New_York', 'en', NULL, 1),
('9272044965d8c2f661a23a4024574885', 100, 'baoru.qiu', '28efb68dcba507ecd182bead31e4e2d159b0f9185861d1ebfe60a12dfb310300', 'Baoru', 'Qiu', 'jukumari@processmaker.com', '2020-09-26', '2019-09-26 03:24:22', '2019-10-23 04:16:13', 'ACTIVE', 'CN', '', '', '', '', '', '', '', '', '', '', '2019-09-26', 'PROCESSMAKER_OPERATOR', '', '', 'NORMAL', '0.00', '', '', NULL, 'Antarctica/DumontDUrville', 'zh', '2019-10-23 04:16:13', 1),
('9294424245dafb3e82456a1047262932', 201, 'songtham.wongthammanuphap', '00000000000000000000000000000000', 'Songtham', 'Wongthammanuphap', 'jukumari@processmaker.com', '2020-10-23', '2019-10-23 01:59:04', '2019-10-23 01:59:04', 'ACTIVE', 'TH', '', '', '', '', '', '', '', '', '', '', '2019-10-23', 'PROCESSMAKER_OPERATOR', '', '', 'NORMAL', '0.00', '', '', NULL, 'America/New_York', '', NULL, 1),
('9329725595da67bd4c81857043935341', 128, 'alex.johnson', '00000000000000000000000000000000', 'Alex', 'Johnson', 'jukumari@processmaker.com', '2020-10-16', '2019-10-16 02:09:24', '2019-10-16 02:09:24', 'ACTIVE', 'AU', 'QL', 'BDB', '', '', '', '', '', '', '', '', '2019-10-16', 'PROCESSMAKER_OPERATOR', '', '', 'NORMAL', '0.00', '', '', NULL, 'America/New_York', 'en', NULL, 1),
('9342741515d56660ab93ae9033986900', 75, 'samuel.hutabarat', '00000000000000000000000000000000', 'Samuel', 'Hutabarat', 'jukumari@processmaker.com', '2020-08-16', '2019-08-16 08:15:06', '2019-08-16 08:15:06', 'ACTIVE', 'ID', '', '', '', '', '', '', '', '', '', '', '2019-08-16', 'PROCESSMAKER_OPERATOR', '', '', 'NORMAL', '0.00', '', '', NULL, 'Asia/Jakarta', 'en', NULL, 1),
('9364610835dafb1a68919d7004683424', 193, 'seksan.wangdee', '00000000000000000000000000000000', 'Seksan', 'Wangdee', 'jukumari@processmaker.com', '2020-10-23', '2019-10-23 01:49:26', '2019-10-23 01:49:26', 'ACTIVE', 'TH', '', '', '', '', '', '', '', '', '', '', '2019-10-23', 'PROCESSMAKER_OPERATOR', '', '', 'NORMAL', '0.00', '', '', NULL, 'America/New_York', '', NULL, 1),
('9365292815c792b9072fda3097556850', 5, 'dev1pm', '00000000000000000000000000000000', 'Developer1', 'ProcessMaker', 'jukumari@processmaker.com', '2020-03-01', '2019-03-01 12:54:40', '2019-11-06 20:16:40', 'ACTIVE', '', '', '', 'edgardo@processmaker.com', '', '', '', '', '', '', '', '2019-03-01', 'PROCESSMAKER_ADMIN', '', '', 'NORMAL', '0.00', '', '', NULL, 'America/Anguilla', 'en', '2019-11-06 20:16:40', 1),
('9372259765d3fb29e806798081160447', 37, 'leovino.alvarez', '00000000000000000000000000000000', 'Leovino', 'Alvarez', 'jukumari@processmaker.com', '2020-07-30', '2019-07-30 02:59:42', '2019-07-30 02:59:42', 'ACTIVE', 'PH', '', '', '', '', '', '', '', '', '', '', '2019-07-30', 'PROCESSMAKER_OPERATOR', '', '', 'NORMAL', '0.00', '', '', NULL, 'Asia/Manila', 'en', NULL, 1),
('9532802645da680cec04a50056308282', 158, 'martin.o\'brien', '00000000000000000000000000000000', 'Martin', 'O\'Brien', 'jukumari@processmaker.com', '2020-10-16', '2019-10-16 02:30:38', '2019-10-16 04:22:02', 'ACTIVE', 'AU', 'QL', 'BLG', '', '', '', '', '', '', '', '', '2019-10-16', 'PROCESSMAKER_MANAGER', '', '', 'NORMAL', '0.00', '', '', NULL, 'America/New_York', 'en', NULL, 1),
('9547519345ca4b60b08cd27063022816', 18, 'test', '00000000000000000000000000000000', 'test', 'test', 'jukumari@processmaker.com', '2020-04-03', '2019-04-03 13:32:59', '2019-04-03 17:43:34', 'INACTIVE', '', '', '', '', '', '', '', '', '', '', '', '2019-04-03', 'PROCESSMAKER_OPERATOR', '', '', 'NORMAL', '0.00', '', '', NULL, 'America/New_York', 'en', '2019-04-03 17:37:12', 1),
('9564667245da681317ec022015945563', 160, 'charles.barakat', '00000000000000000000000000000000', 'Charles', 'Barakat', 'jukumari@processmaker.com', '2020-10-16', '2019-10-16 02:32:17', '2019-10-16 02:32:17', 'ACTIVE', 'AU', 'VI', 'ATO', '', '', '', '', '', '', '', '', '2019-10-16', 'PROCESSMAKER_OPERATOR', '', '', 'NORMAL', '0.00', '', '', NULL, 'America/New_York', 'en', NULL, 1),
('9593112755da67de14330d4040899894', 139, 'margaret.thorpe', '00000000000000000000000000000000', 'Margaret', 'Thorpe', 'jukumari@processmaker.com', '2020-10-16', '2019-10-16 02:18:09', '2019-10-16 02:18:09', 'ACTIVE', 'AU', 'NS', '', '', '', '', '', '', '', '', '', '2019-10-16', 'PROCESSMAKER_OPERATOR', '', '', 'NORMAL', '0.00', '', '', NULL, 'America/New_York', 'en', NULL, 1),
('9622487665da67876e23f19066471657', 115, 'stewart.cooke', '00000000000000000000000000000000', 'Stewart', 'Cooke', 'jukumari@processmaker.com', '2020-10-16', '2019-10-16 01:55:02', '2019-10-16 01:55:02', 'ACTIVE', 'AU', 'VI', 'ATO', '', '', '', '', '', '', '', '', '2019-10-16', 'PROCESSMAKER_OPERATOR', '', '', 'NORMAL', '0.00', '', '', NULL, 'America/New_York', 'en', NULL, 1),
('9670424635d3fb5125b9952098291574', 49, 'marco.liwanag', '1786e2b8bfc370b179b2f01f094a08fb7602910b7b677fadb59ce6d968ae67ea', 'Marco Polo', 'Liwanag', 'jukumari@processmaker.com', '2020-07-30', '2019-07-30 03:10:10', '2019-08-01 05:12:04', 'ACTIVE', 'PH', '', '', '', '', '', '', '', '', '', '', '2019-07-30', 'PROCESSMAKER_OPERATOR', '', '', 'NORMAL', '0.00', '', '', NULL, 'Asia/Manila', 'en', '2019-08-02 05:52:49', 1),
('9688651985c9287fd6dd871096977822', 16, 'crystal.wendel', '00000000000000000000000000000000', 'Crystal', 'Wendel', 'jukumari@processmaker.com', '2020-03-20', '2019-03-20 18:35:41', '2019-07-25 21:30:39', 'INACTIVE', '', '', '', 'jayke.anderson@knauf.com.au', '', '', '', '', '', '', '', '2019-03-20', 'PROCESSMAKER_OPERATOR', '', '', 'NORMAL', '0.00', '', '', NULL, 'America/New_York', 'en', NULL, 1),
('9718428045d89d5ff633628034005749', 91, 'densen.zu', '00000000000000000000000000000000', 'Densen', 'Zu', 'jukumari@processmaker.com', '2020-09-24', '2019-09-24 08:38:23', '2019-10-23 05:38:26', 'ACTIVE', 'CN', '', '', '', '', '', '', '', '', '', '', '2019-09-24', 'PROCESSMAKER_OPERATOR', '', '', 'NORMAL', '0.00', '', '', NULL, 'Asia/Shanghai', 'zh', NULL, 1),
('9733734955bda5957591b88026488524', 4, 'jayke.anderson', 'af2bdbe1aa9b6ec1e2ade1d694f41fc71a831d0268e9891562113d8a62add1bf', 'Jayke', 'Anderson', 'jukumari@processmaker.com', '2029-11-01', '2018-11-01 01:39:35', '2019-11-06 06:25:49', 'ACTIVE', 'AU', 'QL', 'BNE', 'jayke.anderson@knauf.com.au', '', '', '', '', '', '', '', '2018-11-01', 'PROCESSMAKER_ADMIN', '', '', 'NORMAL', '0.00', '', '', NULL, 'Antarctica/DumontDUrville', 'en', '2019-11-06 06:25:49', 1),
('9750851565da67f93a138d6092722198', 150, 'pim.calkhoven', '00000000000000000000000000000000', 'Pim', 'Calkhoven', 'jukumari@processmaker.com', '2020-10-16', '2019-10-16 02:25:23', '2019-10-16 02:25:23', 'ACTIVE', 'AU', '', '', '', '', '', '', '', '', '', '', '2019-10-16', 'PROCESSMAKER_OPERATOR', '', '', 'NORMAL', '0.00', '', '', NULL, 'America/New_York', 'en', NULL, 1),
('9797748935da67cb12dcc75039479432', 132, 'annette.bisinella', '00000000000000000000000000000000', 'Annette', 'Bisinella', 'jukumari@processmaker.com', '2020-10-16', '2019-10-16 02:13:05', '2019-10-16 02:13:05', 'ACTIVE', 'AU', 'VI', 'ATO', '', '', '', '', '', '', '', '', '2019-10-16', 'PROCESSMAKER_OPERATOR', '', '', 'NORMAL', '0.00', '', '', NULL, 'America/New_York', 'en', NULL, 1),
('9803445305d89d47bc64b09062203223', 87, 'yu.liu', '00000000000000000000000000000000', 'Yu', 'Liu', 'jukumari@processmaker.com', '2020-09-24', '2019-09-24 08:31:55', '2019-10-23 05:45:10', 'ACTIVE', 'CN', '', '', '', '', '', '', '', '', '', '', '2019-09-24', 'PROCESSMAKER_OPERATOR', '', '', 'NORMAL', '0.00', '', '', NULL, 'Asia/Shanghai', 'zh', NULL, 1),
('9819647065daf8f8571ccc1048701617', 174, 'huong.duong', '00000000000000000000000000000000', 'Hương', 'Dương Thị Thu', 'jukumari@processmaker.com', '2020-10-23', '2019-10-22 23:23:49', '2019-10-22 23:23:49', 'ACTIVE', 'VN', '', '', '', '', '', '', '', '', '', '', '2019-10-22', 'PROCESSMAKER_OPERATOR', '', '', 'NORMAL', '0.00', '', '', NULL, 'America/New_York', '', NULL, 1),
('9946648105d5661fe376241087092671', 66, 'ahmad.soleh', 'af2bdbe1aa9b6ec1e2ade1d694f41fc71a831d0268e9891562113d8a62add1bf', 'Ahmad', 'Soleh', 'jukumari@processmaker.com', '2020-08-16', '2019-08-16 07:57:50', '2019-10-29 21:53:48', 'ACTIVE', 'ID', '', '', '', '', '', '', '', '', '', '', '2019-08-16', 'PROCESSMAKER_OPERATOR', '', '', 'NORMAL', '0.00', '', '', NULL, 'America/Anguilla', 'en', '2019-10-29 21:53:48', 1);

-- --------------------------------------------------------

--
-- Table structure for table `USERS_PROPERTIES`
--

CREATE TABLE `USERS_PROPERTIES` (
  `USR_UID` varchar(32) NOT NULL DEFAULT '',
  `USR_LAST_UPDATE_DATE` datetime DEFAULT NULL,
  `USR_LOGGED_NEXT_TIME` int(11) DEFAULT '0',
  `USR_PASSWORD_HISTORY` mediumtext,
  `USR_SETTING_DESIGNER` mediumtext,
  `PMDYNAFORM_FIRST_TIME` char(1) DEFAULT '0'
) ENGINE=InnoDB DEFAULT CHARSET=utf8;

--
-- Dumping data for table `USERS_PROPERTIES`
--

INSERT INTO `USERS_PROPERTIES` (`USR_UID`, `USR_LAST_UPDATE_DATE`, `USR_LOGGED_NEXT_TIME`, `USR_PASSWORD_HISTORY`, `USR_SETTING_DESIGNER`, `PMDYNAFORM_FIRST_TIME`) VALUES
('00000000000000000000000000000001', '2019-10-28 23:22:19', 0, 'a:1:{i:0;s:32:\"b3876f4597d40adcfec685e428fcdad8\";}', '{\"enabled_grid\":false}', '1'),
('1146057945d3faedb2e7c21078059895', '2019-07-30 02:43:39', 1, 'a:1:{i:0;s:64:\"84e0c0eafaa95a34c293f278ac52e45ce537bab5e752a00e6959a13ae103b65a\";}', NULL, '0'),
('1161881335dafb096b032b1018837150', '2019-10-23 01:44:54', 1, 'a:1:{i:0;s:64:\"84e0c0eafaa95a34c293f278ac52e45ce537bab5e752a00e6959a13ae103b65a\";}', NULL, '0'),
('1182703045d537516478f87046246804', '2019-08-14 04:28:42', 0, 'a:1:{i:0;s:64:\"84e0c0eafaa95a34c293f278ac52e45ce537bab5e752a00e6959a13ae103b65a\";}', NULL, '0'),
('1195111405da67b3f6a9dd3016852310', '2019-10-16 02:06:55', 1, 'a:1:{i:0;s:64:\"84e0c0eafaa95a34c293f278ac52e45ce537bab5e752a00e6959a13ae103b65a\";}', NULL, '0'),
('1230295305dafb2bc3d6ea3023226945', '2019-10-23 01:54:04', 1, 'a:1:{i:0;s:64:\"84e0c0eafaa95a34c293f278ac52e45ce537bab5e752a00e6959a13ae103b65a\";}', NULL, '0'),
('1231390205d3fb4e01f04f6087878040', '2019-07-30 03:09:20', 1, 'a:1:{i:0;s:64:\"84e0c0eafaa95a34c293f278ac52e45ce537bab5e752a00e6959a13ae103b65a\";}', NULL, '0'),
('1340473655d5665b8c88264082816832', '2019-08-16 08:13:44', 1, 'a:1:{i:0;s:64:\"84e0c0eafaa95a34c293f278ac52e45ce537bab5e752a00e6959a13ae103b65a\";}', NULL, '0'),
('1386773495da679a2dc6982014573595', '2019-10-16 02:00:02', 1, 'a:1:{i:0;s:64:\"84e0c0eafaa95a34c293f278ac52e45ce537bab5e752a00e6959a13ae103b65a\";}', NULL, '0'),
('1443287315dafaf5fc7a628097240533', '2019-10-23 01:39:43', 1, 'a:1:{i:0;s:64:\"84e0c0eafaa95a34c293f278ac52e45ce537bab5e752a00e6959a13ae103b65a\";}', NULL, '0'),
('1460308585da67ea5309936097772495', '2019-11-06 20:08:23', 1, 'a:1:{i:0;s:64:\"84e0c0eafaa95a34c293f278ac52e45ce537bab5e752a00e6959a13ae103b65a\";}', NULL, '0'),
('1520478115da67cfb133725001755698', '2019-10-16 02:14:19', 1, 'a:1:{i:0;s:64:\"84e0c0eafaa95a34c293f278ac52e45ce537bab5e752a00e6959a13ae103b65a\";}', NULL, '0'),
('1533589575d8c3397596d60048023472', '2019-09-26 03:42:15', 1, 'a:1:{i:0;s:64:\"84e0c0eafaa95a34c293f278ac52e45ce537bab5e752a00e6959a13ae103b65a\";}', NULL, '0'),
('1540739385da67e252eb1a5041375711', '2019-10-16 02:19:17', 1, 'a:1:{i:0;s:64:\"84e0c0eafaa95a34c293f278ac52e45ce537bab5e752a00e6959a13ae103b65a\";}', NULL, '0'),
('1653357965daf917d710c47033536764', '2019-10-22 23:32:13', 1, 'a:1:{i:0;s:64:\"84e0c0eafaa95a34c293f278ac52e45ce537bab5e752a00e6959a13ae103b65a\";}', NULL, '0'),
('1665864385da68244896b23012883557', '2019-10-16 02:36:52', 1, 'a:1:{i:0;s:64:\"84e0c0eafaa95a34c293f278ac52e45ce537bab5e752a00e6959a13ae103b65a\";}', NULL, '0'),
('1697020705d566366a4fad5087672895', '2019-08-16 08:03:50', 1, 'a:1:{i:0;s:64:\"84e0c0eafaa95a34c293f278ac52e45ce537bab5e752a00e6959a13ae103b65a\";}', NULL, '0'),
('1726009895da67a3b39cdf3044164128', '2019-10-16 02:02:35', 1, 'a:1:{i:0;s:64:\"84e0c0eafaa95a34c293f278ac52e45ce537bab5e752a00e6959a13ae103b65a\";}', NULL, '0'),
('1739965555d3fb3bc0321d3052430620', '2019-08-01 05:23:48', 0, 'a:1:{i:0;s:64:\"84e0c0eafaa95a34c293f278ac52e45ce537bab5e752a00e6959a13ae103b65a\";}', NULL, '0'),
('1791466125da682af8dd018063128845', '2019-10-16 02:38:39', 1, 'a:1:{i:0;s:64:\"84e0c0eafaa95a34c293f278ac52e45ce537bab5e752a00e6959a13ae103b65a\";}', NULL, '0'),
('1796483685da67cd7c463a2039276070', '2019-10-16 02:13:43', 1, 'a:1:{i:0;s:64:\"84e0c0eafaa95a34c293f278ac52e45ce537bab5e752a00e6959a13ae103b65a\";}', NULL, '0'),
('1838388015d8c32e3cf06a3047133942', '2019-09-26 03:39:15', 1, 'a:1:{i:0;s:64:\"84e0c0eafaa95a34c293f278ac52e45ce537bab5e752a00e6959a13ae103b65a\";}', NULL, '0'),
('1989991545bda55b6d10632082797630', '2019-04-26 01:04:16', 0, 'a:1:{i:0;s:64:\"84e0c0eafaa95a34c293f278ac52e45ce537bab5e752a00e6959a13ae103b65a\";}', '{\"enabled_grid\":false}', '0'),
('2049337045d56668f73de37027302004', '2019-08-16 08:17:19', 1, 'a:1:{i:0;s:64:\"84e0c0eafaa95a34c293f278ac52e45ce537bab5e752a00e6959a13ae103b65a\";}', NULL, '0'),
('2074846145d8c312805b846015816119', '2019-09-26 03:31:52', 1, 'a:1:{i:0;s:64:\"84e0c0eafaa95a34c293f278ac52e45ce537bab5e752a00e6959a13ae103b65a\";}', NULL, '0'),
('2085756345d8c33d2b783f6053895586', '2019-09-26 03:43:14', 1, 'a:1:{i:0;s:64:\"84e0c0eafaa95a34c293f278ac52e45ce537bab5e752a00e6959a13ae103b65a\";}', NULL, '0'),
('2093925165d3fb32135f691068948951', '2019-08-01 05:12:15', 0, 'a:1:{i:0;s:64:\"84e0c0eafaa95a34c293f278ac52e45ce537bab5e752a00e6959a13ae103b65a\";}', NULL, '0'),
('2111915495d3fdaa6c7bfd2052497434', '2019-07-31 06:57:07', 1, 'a:1:{i:0;s:64:\"84e0c0eafaa95a34c293f278ac52e45ce537bab5e752a00e6959a13ae103b65a\";}', NULL, '0'),
('2139438985da67f0c7b6e08056718790', '2019-10-16 02:23:08', 1, 'a:1:{i:0;s:64:\"84e0c0eafaa95a34c293f278ac52e45ce537bab5e752a00e6959a13ae103b65a\";}', NULL, '0'),
('2174546835dafb4b1987ab1080791711', '2019-10-23 02:02:25', 1, 'a:1:{i:0;s:64:\"84e0c0eafaa95a34c293f278ac52e45ce537bab5e752a00e6959a13ae103b65a\";}', NULL, '0'),
('2215831685da681087830d4061666754', '2019-10-16 02:31:36', 1, 'a:1:{i:0;s:64:\"84e0c0eafaa95a34c293f278ac52e45ce537bab5e752a00e6959a13ae103b65a\";}', NULL, '0'),
('2316337335da67f4e5ece70022849695', '2019-10-16 02:24:14', 1, 'a:1:{i:0;s:64:\"84e0c0eafaa95a34c293f278ac52e45ce537bab5e752a00e6959a13ae103b65a\";}', NULL, '0'),
('2323737065da67c85a35390083336860', '2019-10-16 02:12:21', 1, 'a:1:{i:0;s:64:\"84e0c0eafaa95a34c293f278ac52e45ce537bab5e752a00e6959a13ae103b65a\";}', NULL, '0'),
('2353418135dafb459865c83022628467', '2019-10-23 02:00:57', 1, 'a:1:{i:0;s:64:\"84e0c0eafaa95a34c293f278ac52e45ce537bab5e752a00e6959a13ae103b65a\";}', NULL, '0'),
('2381908305d899619115686069376368', '2019-09-24 04:05:45', 1, 'a:1:{i:0;s:64:\"84e0c0eafaa95a34c293f278ac52e45ce537bab5e752a00e6959a13ae103b65a\";}', NULL, '0'),
('2428311595dafaf3aeb2c57046282702', '2019-10-23 01:39:06', 1, 'a:1:{i:0;s:64:\"84e0c0eafaa95a34c293f278ac52e45ce537bab5e752a00e6959a13ae103b65a\";}', NULL, '0'),
('2463146745dafb1eeb9c083026475434', '2019-10-23 01:50:38', 1, 'a:1:{i:0;s:64:\"84e0c0eafaa95a34c293f278ac52e45ce537bab5e752a00e6959a13ae103b65a\";}', NULL, '0'),
('2484092705dafb434a31a93098087401', '2019-10-23 02:00:20', 1, 'a:1:{i:0;s:64:\"84e0c0eafaa95a34c293f278ac52e45ce537bab5e752a00e6959a13ae103b65a\";}', NULL, '0'),
('2601324285da67a6a730e37035210046', '2019-10-16 02:03:22', 1, 'a:1:{i:0;s:64:\"84e0c0eafaa95a34c293f278ac52e45ce537bab5e752a00e6959a13ae103b65a\";}', NULL, '0'),
('2637705185dafb02e203bd9088893305', '2019-10-23 01:43:10', 1, 'a:1:{i:0;s:64:\"84e0c0eafaa95a34c293f278ac52e45ce537bab5e752a00e6959a13ae103b65a\";}', NULL, '0'),
('2693417175d3fb0feda35e7039543989', '2019-08-09 21:27:27', 0, 'a:1:{i:0;s:64:\"84e0c0eafaa95a34c293f278ac52e45ce537bab5e752a00e6959a13ae103b65a\";}', NULL, '0'),
('2771927115da67c5f2d03b2019228248', '2019-10-16 02:11:43', 1, 'a:1:{i:0;s:64:\"84e0c0eafaa95a34c293f278ac52e45ce537bab5e752a00e6959a13ae103b65a\";}', NULL, '0'),
('2803150955da67fb36f88d3083119520', '2019-10-16 02:25:55', 1, 'a:1:{i:0;s:64:\"84e0c0eafaa95a34c293f278ac52e45ce537bab5e752a00e6959a13ae103b65a\";}', NULL, '0'),
('2855639345d56627e3f8489036206655', '2019-08-16 07:59:58', 1, 'a:1:{i:0;s:64:\"84e0c0eafaa95a34c293f278ac52e45ce537bab5e752a00e6959a13ae103b65a\";}', NULL, '0'),
('2856390745c792ba8eb0359090875314', '2019-08-16 09:26:15', 0, 'a:1:{i:0;s:64:\"84e0c0eafaa95a34c293f278ac52e45ce537bab5e752a00e6959a13ae103b65a\";}', '{\"enabled_grid\":false}', '0'),
('3065051765d5365636020f4090660944', '2019-08-14 01:41:34', 0, 'a:1:{i:0;s:64:\"84e0c0eafaa95a34c293f278ac52e45ce537bab5e752a00e6959a13ae103b65a\";}', NULL, '0'),
('3173011715d8c1e9e123911076914764', '2019-09-26 02:12:46', 1, 'a:1:{i:0;s:64:\"84e0c0eafaa95a34c293f278ac52e45ce537bab5e752a00e6959a13ae103b65a\";}', NULL, '0'),
('3271758435d3fb41606e330094073909', '2019-07-30 03:05:58', 1, 'a:1:{i:0;s:64:\"84e0c0eafaa95a34c293f278ac52e45ce537bab5e752a00e6959a13ae103b65a\";}', NULL, '0'),
('3331645055da681b837ef29023967870', '2019-10-16 02:34:32', 1, 'a:1:{i:0;s:64:\"84e0c0eafaa95a34c293f278ac52e45ce537bab5e752a00e6959a13ae103b65a\";}', NULL, '0'),
('3379723005d3fb1974f8161050059451', '2019-08-01 05:12:04', 0, 'a:1:{i:0;s:64:\"84e0c0eafaa95a34c293f278ac52e45ce537bab5e752a00e6959a13ae103b65a\";}', NULL, '0'),
('3419054305d3fb00f664051020317401', '2019-08-01 05:12:15', 0, 'a:1:{i:0;s:64:\"84e0c0eafaa95a34c293f278ac52e45ce537bab5e752a00e6959a13ae103b65a\";}', NULL, '0'),
('3524852725d565e0a0239b0007445348', '2019-08-16 07:40:58', 1, 'a:1:{i:0;s:64:\"84e0c0eafaa95a34c293f278ac52e45ce537bab5e752a00e6959a13ae103b65a\";}', NULL, '0'),
('3553682275d8c30caa5c0c1099848350', '2019-09-26 03:30:18', 1, 'a:1:{i:0;s:64:\"84e0c0eafaa95a34c293f278ac52e45ce537bab5e752a00e6959a13ae103b65a\";}', NULL, '0'),
('3578277445da67c41e92b23066508588', '2019-10-16 02:11:13', 1, 'a:1:{i:0;s:64:\"84e0c0eafaa95a34c293f278ac52e45ce537bab5e752a00e6959a13ae103b65a\";}', NULL, '0'),
('3578509695c8f4e2423a989058192977', '2019-03-18 07:52:04', 0, 'a:1:{i:0;s:64:\"84e0c0eafaa95a34c293f278ac52e45ce537bab5e752a00e6959a13ae103b65a\";}', NULL, '0'),
('3598706955d3fae80be9790014842879', '2019-07-30 02:42:08', 1, 'a:1:{i:0;s:64:\"84e0c0eafaa95a34c293f278ac52e45ce537bab5e752a00e6959a13ae103b65a\";}', NULL, '0'),
('3673074545d5663a94f3141037191568', '2019-08-16 08:04:57', 1, 'a:1:{i:0;s:64:\"84e0c0eafaa95a34c293f278ac52e45ce537bab5e752a00e6959a13ae103b65a\";}', NULL, '0'),
('3685603045c8f4dcb1ef9d9059890202', '2019-03-18 07:50:35', 0, 'a:1:{i:0;s:64:\"84e0c0eafaa95a34c293f278ac52e45ce537bab5e752a00e6959a13ae103b65a\";}', NULL, '0'),
('3745184045d3fb23a2f2454076865364', '2019-07-30 02:58:02', 1, 'a:1:{i:0;s:64:\"84e0c0eafaa95a34c293f278ac52e45ce537bab5e752a00e6959a13ae103b65a\";}', NULL, '0'),
('3762451575daf9060f38901009688967', '2019-10-24 06:16:20', 0, 'a:1:{i:0;s:64:\"84e0c0eafaa95a34c293f278ac52e45ce537bab5e752a00e6959a13ae103b65a\";}', NULL, '0'),
('3824924435da681fab0b2e6095393904', '2019-10-16 02:35:38', 1, 'a:1:{i:0;s:64:\"84e0c0eafaa95a34c293f278ac52e45ce537bab5e752a00e6959a13ae103b65a\";}', NULL, '0'),
('3836525225d89d77abced44087377857', '2019-09-24 08:44:42', 1, 'a:1:{i:0;s:64:\"84e0c0eafaa95a34c293f278ac52e45ce537bab5e752a00e6959a13ae103b65a\";}', NULL, '0'),
('3893636685dafb406f2b0a0069131386', '2019-10-23 01:59:35', 1, 'a:1:{i:0;s:64:\"84e0c0eafaa95a34c293f278ac52e45ce537bab5e752a00e6959a13ae103b65a\";}', NULL, '0'),
('3930912035d3faf59b09902089462932', '2019-08-16 15:04:08', 0, 'a:1:{i:0;s:64:\"84e0c0eafaa95a34c293f278ac52e45ce537bab5e752a00e6959a13ae103b65a\";}', NULL, '0'),
('3944011005d88cd51913149014356219', '2019-09-23 13:49:05', 1, 'a:1:{i:0;s:64:\"84e0c0eafaa95a34c293f278ac52e45ce537bab5e752a00e6959a13ae103b65a\";}', NULL, '0'),
('3957166655da67d1a69f7b6027736960', '2019-10-16 02:14:50', 1, 'a:1:{i:0;s:64:\"84e0c0eafaa95a34c293f278ac52e45ce537bab5e752a00e6959a13ae103b65a\";}', NULL, '0'),
('3984508615dafb4984aee35043764889', '2019-10-23 02:02:00', 1, 'a:1:{i:0;s:64:\"84e0c0eafaa95a34c293f278ac52e45ce537bab5e752a00e6959a13ae103b65a\";}', NULL, '0'),
('3987780125d89955fa385e3001148799', '2019-09-25 02:08:50', 0, 'a:1:{i:0;s:64:\"84e0c0eafaa95a34c293f278ac52e45ce537bab5e752a00e6959a13ae103b65a\";}', NULL, '0'),
('4056534755da6803f0eb862018477646', '2019-10-16 02:28:15', 1, 'a:1:{i:0;s:64:\"84e0c0eafaa95a34c293f278ac52e45ce537bab5e752a00e6959a13ae103b65a\";}', NULL, '0'),
('4069563405d8c37d43453a5016485401', '2019-09-26 04:00:20', 1, 'a:1:{i:0;s:64:\"84e0c0eafaa95a34c293f278ac52e45ce537bab5e752a00e6959a13ae103b65a\";}', NULL, '0'),
('4242841965d896ed7f24a04017033985', '2019-09-25 02:07:44', 0, 'a:1:{i:0;s:64:\"84e0c0eafaa95a34c293f278ac52e45ce537bab5e752a00e6959a13ae103b65a\";}', NULL, '0'),
('4260826805d3fb5389edd83076285094', '2019-10-29 00:08:28', 0, 'a:1:{i:0;s:64:\"84e0c0eafaa95a34c293f278ac52e45ce537bab5e752a00e6959a13ae103b65a\";}', NULL, '0'),
('4263232775da67b0bea0001091259927', '2019-10-16 02:06:03', 1, 'a:1:{i:0;s:64:\"84e0c0eafaa95a34c293f278ac52e45ce537bab5e752a00e6959a13ae103b65a\";}', NULL, '0'),
('4276230505dafb2e0b77c58062235398', '2019-10-23 01:54:40', 1, 'a:1:{i:0;s:64:\"84e0c0eafaa95a34c293f278ac52e45ce537bab5e752a00e6959a13ae103b65a\";}', NULL, '0'),
('4326164425d3fb1c56edc24051306598', '2019-07-30 02:56:05', 1, 'a:1:{i:0;s:64:\"84e0c0eafaa95a34c293f278ac52e45ce537bab5e752a00e6959a13ae103b65a\";}', NULL, '0'),
('4329610375d5662bdadebd4057853127', '2019-08-16 08:01:01', 1, 'a:1:{i:0;s:64:\"84e0c0eafaa95a34c293f278ac52e45ce537bab5e752a00e6959a13ae103b65a\";}', NULL, '0'),
('4335124725da67e028a8c08040348247', '2019-10-16 02:18:42', 1, 'a:1:{i:0;s:64:\"84e0c0eafaa95a34c293f278ac52e45ce537bab5e752a00e6959a13ae103b65a\";}', NULL, '0'),
('4419754665da6821f65f300080642637', '2019-10-16 02:36:15', 1, 'a:1:{i:0;s:64:\"84e0c0eafaa95a34c293f278ac52e45ce537bab5e752a00e6959a13ae103b65a\";}', NULL, '0'),
('4450615135da67f6c951ac0072299981', '2019-10-16 02:24:44', 1, 'a:1:{i:0;s:64:\"84e0c0eafaa95a34c293f278ac52e45ce537bab5e752a00e6959a13ae103b65a\";}', NULL, '0'),
('4457502375daf8f5734e465033124273', '2019-10-22 23:23:03', 1, 'a:1:{i:0;s:64:\"84e0c0eafaa95a34c293f278ac52e45ce537bab5e752a00e6959a13ae103b65a\";}', NULL, '0'),
('4461233155dafb0ff9ba026019380055', '2019-10-23 01:46:39', 1, 'a:1:{i:0;s:64:\"84e0c0eafaa95a34c293f278ac52e45ce537bab5e752a00e6959a13ae103b65a\";}', NULL, '0'),
('4539935365daf909294a5b6002686570', '2019-10-22 23:28:18', 1, 'a:1:{i:0;s:64:\"84e0c0eafaa95a34c293f278ac52e45ce537bab5e752a00e6959a13ae103b65a\";}', NULL, '0'),
('4590248685da67ff688b276026450711', '2019-10-16 02:27:02', 1, 'a:1:{i:0;s:64:\"84e0c0eafaa95a34c293f278ac52e45ce537bab5e752a00e6959a13ae103b65a\";}', NULL, '0'),
('4709776055da68196293250000821510', '2019-10-16 02:33:58', 1, 'a:1:{i:0;s:64:\"84e0c0eafaa95a34c293f278ac52e45ce537bab5e752a00e6959a13ae103b65a\";}', NULL, '0'),
('4761488705d3fb35a113365098753209', '2019-10-28 23:52:17', 0, 'a:1:{i:0;s:64:\"84e0c0eafaa95a34c293f278ac52e45ce537bab5e752a00e6959a13ae103b65a\";}', NULL, '0'),
('4779217155d89d65006bad3086274590', '2019-09-24 08:39:44', 1, 'a:1:{i:0;s:64:\"84e0c0eafaa95a34c293f278ac52e45ce537bab5e752a00e6959a13ae103b65a\";}', NULL, '0'),
('4814003185d8c2fd310c5b2001484733', '2019-09-26 03:26:11', 1, 'a:1:{i:0;s:64:\"84e0c0eafaa95a34c293f278ac52e45ce537bab5e752a00e6959a13ae103b65a\";}', NULL, '0'),
('4848956625d5664cb1ded96045552819', '2019-08-16 08:09:47', 1, 'a:1:{i:0;s:64:\"84e0c0eafaa95a34c293f278ac52e45ce537bab5e752a00e6959a13ae103b65a\";}', NULL, '0'),
('4873072015dafb39fb91384097457608', '2019-10-23 01:57:51', 1, 'a:1:{i:0;s:64:\"84e0c0eafaa95a34c293f278ac52e45ce537bab5e752a00e6959a13ae103b65a\";}', NULL, '0'),
('4926586585dafb296be7163042964376', '2019-10-23 01:53:26', 1, 'a:1:{i:0;s:64:\"84e0c0eafaa95a34c293f278ac52e45ce537bab5e752a00e6959a13ae103b65a\";}', NULL, '0'),
('4940026015daf90eeb7db36058030290', '2019-10-22 23:29:50', 1, 'a:1:{i:0;s:64:\"84e0c0eafaa95a34c293f278ac52e45ce537bab5e752a00e6959a13ae103b65a\";}', NULL, '0'),
('4947513325d8c376d6b3dd6059801750', '2019-09-26 03:58:37', 1, 'a:1:{i:0;s:64:\"84e0c0eafaa95a34c293f278ac52e45ce537bab5e752a00e6959a13ae103b65a\";}', NULL, '0'),
('4952935735da67ec5eb0410083504192', '2019-10-16 02:21:57', 1, 'a:1:{i:0;s:64:\"84e0c0eafaa95a34c293f278ac52e45ce537bab5e752a00e6959a13ae103b65a\";}', NULL, '0'),
('5031433015d89d507f16c16065285438', '2019-09-24 08:34:15', 1, 'a:1:{i:0;s:64:\"84e0c0eafaa95a34c293f278ac52e45ce537bab5e752a00e6959a13ae103b65a\";}', NULL, '0'),
('5054254075c866080af6348028578652', '2019-05-30 22:21:15', 0, 'a:1:{i:0;s:64:\"84e0c0eafaa95a34c293f278ac52e45ce537bab5e752a00e6959a13ae103b65a\";}', NULL, '0'),
('5113640855d3fb444579492076828036', '2019-08-01 05:11:57', 0, 'a:1:{i:0;s:64:\"84e0c0eafaa95a34c293f278ac52e45ce537bab5e752a00e6959a13ae103b65a\";}', NULL, '0'),
('5139881255d8c317d757932057263503', '2019-09-26 03:33:17', 1, 'a:1:{i:0;s:64:\"84e0c0eafaa95a34c293f278ac52e45ce537bab5e752a00e6959a13ae103b65a\";}', NULL, '0'),
('5229478695dafb47de3f585051437756', '2019-10-23 02:01:33', 1, 'a:1:{i:0;s:64:\"84e0c0eafaa95a34c293f278ac52e45ce537bab5e752a00e6959a13ae103b65a\";}', NULL, '0'),
('5247310445daf915817ebe1008491759', '2019-10-22 23:31:36', 1, 'a:1:{i:0;s:64:\"84e0c0eafaa95a34c293f278ac52e45ce537bab5e752a00e6959a13ae103b65a\";}', NULL, '0'),
('5346289105d8c36d8387457088887490', '2019-09-26 03:56:08', 1, 'a:1:{i:0;s:64:\"84e0c0eafaa95a34c293f278ac52e45ce537bab5e752a00e6959a13ae103b65a\";}', NULL, '0'),
('5396985835daf91a615cec8057900258', '2019-10-22 23:32:54', 1, 'a:1:{i:0;s:64:\"84e0c0eafaa95a34c293f278ac52e45ce537bab5e752a00e6959a13ae103b65a\";}', NULL, '0'),
('5456659515da67ee69c18b8068991402', '2019-10-16 02:22:30', 1, 'a:1:{i:0;s:64:\"84e0c0eafaa95a34c293f278ac52e45ce537bab5e752a00e6959a13ae103b65a\";}', NULL, '0'),
('5500384265d896e69d56754013129235', '2019-09-25 02:07:59', 0, 'a:1:{i:0;s:64:\"84e0c0eafaa95a34c293f278ac52e45ce537bab5e752a00e6959a13ae103b65a\";}', NULL, '0'),
('5599593145d565dc26b0416091527599', '2019-08-16 07:39:46', 1, 'a:1:{i:0;s:64:\"84e0c0eafaa95a34c293f278ac52e45ce537bab5e752a00e6959a13ae103b65a\";}', NULL, '0'),
('5630526805da67b63b08b73056239136', '2019-10-16 02:07:31', 1, 'a:1:{i:0;s:64:\"84e0c0eafaa95a34c293f278ac52e45ce537bab5e752a00e6959a13ae103b65a\";}', NULL, '0'),
('5640199155d3fdb2985ef85050357369', '2019-07-30 05:52:41', 1, 'a:1:{i:0;s:64:\"84e0c0eafaa95a34c293f278ac52e45ce537bab5e752a00e6959a13ae103b65a\";}', NULL, '0'),
('5644609785dafb12e6fd874092089219', '2019-10-23 01:47:26', 1, 'a:1:{i:0;s:64:\"84e0c0eafaa95a34c293f278ac52e45ce537bab5e752a00e6959a13ae103b65a\";}', NULL, '0'),
('5650984815d8c369150ca96032709671', '2019-09-26 03:54:57', 1, 'a:1:{i:0;s:64:\"84e0c0eafaa95a34c293f278ac52e45ce537bab5e752a00e6959a13ae103b65a\";}', NULL, '0'),
('5684630845daf8f2b6ddce3016677706', '2019-10-22 23:22:19', 1, 'a:1:{i:0;s:64:\"84e0c0eafaa95a34c293f278ac52e45ce537bab5e752a00e6959a13ae103b65a\";}', NULL, '0'),
('5703597405db13f454e4a78035282206', '2019-10-24 06:14:51', 0, 'a:1:{i:0;s:64:\"84e0c0eafaa95a34c293f278ac52e45ce537bab5e752a00e6959a13ae103b65a\";}', NULL, '0'),
('5728128025d899509707c12011854138', '2019-09-25 07:35:25', 0, 'a:1:{i:0;s:64:\"84e0c0eafaa95a34c293f278ac52e45ce537bab5e752a00e6959a13ae103b65a\";}', NULL, '0'),
('5777808965ca51f4d3b85c7017355707', '2019-04-03 21:02:05', 0, 'a:1:{i:0;s:64:\"84e0c0eafaa95a34c293f278ac52e45ce537bab5e752a00e6959a13ae103b65a\";}', NULL, '0'),
('5906980245da68286204636054977111', '2019-10-16 02:37:58', 1, 'a:1:{i:0;s:64:\"84e0c0eafaa95a34c293f278ac52e45ce537bab5e752a00e6959a13ae103b65a\";}', NULL, '0'),
('5920847225d3fb1f855c6b7050293073', '2019-07-30 02:56:56', 1, 'a:1:{i:0;s:64:\"84e0c0eafaa95a34c293f278ac52e45ce537bab5e752a00e6959a13ae103b65a\";}', NULL, '0'),
('5941327905d53663653cb83031459207', '2019-08-14 01:57:28', 0, 'a:1:{i:0;s:64:\"84e0c0eafaa95a34c293f278ac52e45ce537bab5e752a00e6959a13ae103b65a\";}', NULL, '0'),
('6007216615d89d436cf8357099994899', '2019-09-25 02:09:05', 0, 'a:1:{i:0;s:64:\"84e0c0eafaa95a34c293f278ac52e45ce537bab5e752a00e6959a13ae103b65a\";}', NULL, '0'),
('6066674725d89d5bb28f126033248393', '2019-09-25 02:09:17', 0, 'a:1:{i:0;s:64:\"84e0c0eafaa95a34c293f278ac52e45ce537bab5e752a00e6959a13ae103b65a\";}', NULL, '0'),
('6098984245d896f5da61a74007328013', '2019-09-25 02:07:54', 0, 'a:1:{i:0;s:64:\"84e0c0eafaa95a34c293f278ac52e45ce537bab5e752a00e6959a13ae103b65a\";}', NULL, '0'),
('6146450595d3fb0479da195014124954', '2019-08-01 05:12:25', 0, 'a:1:{i:0;s:64:\"84e0c0eafaa95a34c293f278ac52e45ce537bab5e752a00e6959a13ae103b65a\";}', NULL, '0'),
('6261178115d3fe250ab9443085058305', '2019-08-16 15:14:59', 0, 'a:1:{i:0;s:64:\"84e0c0eafaa95a34c293f278ac52e45ce537bab5e752a00e6959a13ae103b65a\";}', NULL, '0'),
('6275750785d3fdb62451f08022724475', '2019-08-02 07:45:18', 1, 'a:1:{i:0;s:64:\"84e0c0eafaa95a34c293f278ac52e45ce537bab5e752a00e6959a13ae103b65a\";}', NULL, '0'),
('6285160935dafb1cc7d6402015197250', '2019-10-23 01:50:04', 1, 'a:1:{i:0;s:64:\"84e0c0eafaa95a34c293f278ac52e45ce537bab5e752a00e6959a13ae103b65a\";}', NULL, '0'),
('6299694975dafb0ce3f3651040307471', '2019-10-23 01:45:50', 1, 'a:1:{i:0;s:64:\"84e0c0eafaa95a34c293f278ac52e45ce537bab5e752a00e6959a13ae103b65a\";}', NULL, '0'),
('6336081655d89d6de6e1bd6001256112', '2019-09-24 08:42:06', 1, 'a:1:{i:0;s:64:\"84e0c0eafaa95a34c293f278ac52e45ce537bab5e752a00e6959a13ae103b65a\";}', NULL, '0'),
('6344301225d3fe2181619a9065735923', '2019-07-30 06:22:16', 1, 'a:1:{i:0;s:64:\"84e0c0eafaa95a34c293f278ac52e45ce537bab5e752a00e6959a13ae103b65a\";}', NULL, '0'),
('6369199765d8995c974e238032585434', '2019-09-24 04:04:25', 1, 'a:1:{i:0;s:64:\"84e0c0eafaa95a34c293f278ac52e45ce537bab5e752a00e6959a13ae103b65a\";}', NULL, '0'),
('6404556735db235ec4e10d8006260126', '2019-10-24 23:38:20', 1, 'a:1:{i:0;s:64:\"84e0c0eafaa95a34c293f278ac52e45ce537bab5e752a00e6959a13ae103b65a\";}', NULL, '0'),
('6476663655da679d2de0821067225213', '2019-10-16 02:00:50', 1, 'a:1:{i:0;s:64:\"84e0c0eafaa95a34c293f278ac52e45ce537bab5e752a00e6959a13ae103b65a\";}', NULL, '0'),
('6608302035d56610eeca133097238228', '2019-08-16 07:53:50', 1, 'a:1:{i:0;s:64:\"84e0c0eafaa95a34c293f278ac52e45ce537bab5e752a00e6959a13ae103b65a\";}', NULL, '0'),
('6621945965da681d6a233a8044370209', '2019-10-16 02:35:02', 1, 'a:1:{i:0;s:64:\"84e0c0eafaa95a34c293f278ac52e45ce537bab5e752a00e6959a13ae103b65a\";}', NULL, '0'),
('6734909165c8660b18cef85071846108', '2019-03-29 00:28:26', 0, 'a:1:{i:0;s:64:\"84e0c0eafaa95a34c293f278ac52e45ce537bab5e752a00e6959a13ae103b65a\";}', NULL, '0'),
('6841470775da680abc42670032775599', '2019-10-16 02:30:03', 1, 'a:1:{i:0;s:64:\"84e0c0eafaa95a34c293f278ac52e45ce537bab5e752a00e6959a13ae103b65a\";}', NULL, '0'),
('6881775295da678df701ae1003692186', '2019-10-16 01:56:47', 1, 'a:1:{i:0;s:64:\"84e0c0eafaa95a34c293f278ac52e45ce537bab5e752a00e6959a13ae103b65a\";}', NULL, '0'),
('6963819625daf8ff25a2001074763751', '2019-10-24 06:16:25', 0, 'a:1:{i:0;s:64:\"84e0c0eafaa95a34c293f278ac52e45ce537bab5e752a00e6959a13ae103b65a\";}', NULL, '0'),
('6990077575d3fb38a8a9393087566831', '2019-08-13 20:47:45', 0, 'a:1:{i:0;s:64:\"84e0c0eafaa95a34c293f278ac52e45ce537bab5e752a00e6959a13ae103b65a\";}', NULL, '0'),
('7039927345d5661b5e21f84023639041', '2019-08-16 07:56:37', 1, 'a:1:{i:0;s:64:\"84e0c0eafaa95a34c293f278ac52e45ce537bab5e752a00e6959a13ae103b65a\";}', NULL, '0'),
('7053762775d5375935c6c46037431490', '2019-08-14 04:28:31', 0, 'a:1:{i:0;s:64:\"84e0c0eafaa95a34c293f278ac52e45ce537bab5e752a00e6959a13ae103b65a\";}', NULL, '0'),
('7076284835d56647ac4cfe7066681939', '2019-08-16 08:08:26', 1, 'a:1:{i:0;s:64:\"84e0c0eafaa95a34c293f278ac52e45ce537bab5e752a00e6959a13ae103b65a\";}', NULL, '0'),
('7158000975d8c37219e1820032014524', '2019-09-26 03:57:21', 1, 'a:1:{i:0;s:64:\"84e0c0eafaa95a34c293f278ac52e45ce537bab5e752a00e6959a13ae103b65a\";}', NULL, '0'),
('7159891755d3fae51668710043461935', '2019-07-30 02:41:21', 1, 'a:1:{i:0;s:64:\"84e0c0eafaa95a34c293f278ac52e45ce537bab5e752a00e6959a13ae103b65a\";}', NULL, '0'),
('7175403755d89d72e3ef028062642819', '2019-09-24 08:43:26', 1, 'a:1:{i:0;s:64:\"84e0c0eafaa95a34c293f278ac52e45ce537bab5e752a00e6959a13ae103b65a\";}', NULL, '0'),
('7180008005d43dea5ae51a4096201329', '2019-08-02 06:56:37', 1, 'a:1:{i:0;s:64:\"84e0c0eafaa95a34c293f278ac52e45ce537bab5e752a00e6959a13ae103b65a\";}', NULL, '0'),
('7199125345da67947256f93093511663', '2019-10-16 01:58:31', 1, 'a:1:{i:0;s:64:\"84e0c0eafaa95a34c293f278ac52e45ce537bab5e752a00e6959a13ae103b65a\";}', NULL, '0'),
('7201430585c928822686af3071843170', '2019-03-20 18:36:18', 0, 'a:1:{i:0;s:64:\"84e0c0eafaa95a34c293f278ac52e45ce537bab5e752a00e6959a13ae103b65a\";}', NULL, '0'),
('7293126885d3fb47c5227b1050208725', '2019-07-30 03:07:40', 1, 'a:1:{i:0;s:64:\"84e0c0eafaa95a34c293f278ac52e45ce537bab5e752a00e6959a13ae103b65a\";}', NULL, '0'),
('7420323795db154c2311d27004135003', '2019-10-24 07:37:38', 1, 'a:1:{i:0;s:64:\"84e0c0eafaa95a34c293f278ac52e45ce537bab5e752a00e6959a13ae103b65a\";}', NULL, '0'),
('7474175465c8f4dac447234050977038', '2019-03-18 07:50:04', 0, 'a:1:{i:0;s:64:\"84e0c0eafaa95a34c293f278ac52e45ce537bab5e752a00e6959a13ae103b65a\";}', NULL, '0'),
('7475349035c8660efaf47f5052308797', '2019-05-31 20:56:58', 0, 'a:1:{i:0;s:64:\"84e0c0eafaa95a34c293f278ac52e45ce537bab5e752a00e6959a13ae103b65a\";}', NULL, '0'),
('7524971505dafb3c52eddd2036109191', '2019-10-23 01:58:29', 1, 'a:1:{i:0;s:64:\"84e0c0eafaa95a34c293f278ac52e45ce537bab5e752a00e6959a13ae103b65a\";}', NULL, '0'),
('7610292385c86612287c860012103391', '2019-03-21 00:48:01', 0, 'a:1:{i:0;s:64:\"84e0c0eafaa95a34c293f278ac52e45ce537bab5e752a00e6959a13ae103b65a\";}', NULL, '0'),
('7765270725d565d518fe1a6018454218', '2019-08-16 07:37:53', 1, 'a:1:{i:0;s:64:\"84e0c0eafaa95a34c293f278ac52e45ce537bab5e752a00e6959a13ae103b65a\";}', NULL, '0'),
('7818070505daf91361d9f28032753638', '2019-10-22 23:31:02', 1, 'a:1:{i:0;s:64:\"84e0c0eafaa95a34c293f278ac52e45ce537bab5e752a00e6959a13ae103b65a\";}', NULL, '0'),
('7830086555dafaee3d96a24078572668', '2019-10-23 01:37:39', 1, 'a:1:{i:0;s:64:\"84e0c0eafaa95a34c293f278ac52e45ce537bab5e752a00e6959a13ae103b65a\";}', NULL, '0'),
('8029862875da67b9b8f6305095172599', '2019-10-16 02:08:27', 1, 'a:1:{i:0;s:64:\"84e0c0eafaa95a34c293f278ac52e45ce537bab5e752a00e6959a13ae103b65a\";}', NULL, '0'),
('8065305425da67a078f34a9043354939', '2019-10-16 02:01:43', 1, 'a:1:{i:0;s:64:\"84e0c0eafaa95a34c293f278ac52e45ce537bab5e752a00e6959a13ae103b65a\";}', NULL, '0'),
('8154080485da6806fddbd66071222267', '2019-10-16 02:29:03', 1, 'a:1:{i:0;s:64:\"84e0c0eafaa95a34c293f278ac52e45ce537bab5e752a00e6959a13ae103b65a\";}', NULL, '0'),
('8171364315d8c329d7a9d16079013163', '2019-09-26 03:38:05', 1, 'a:1:{i:0;s:64:\"84e0c0eafaa95a34c293f278ac52e45ce537bab5e752a00e6959a13ae103b65a\";}', NULL, '0'),
('8197082355c8f4e086fff47015880419', '2019-11-06 20:36:51', 0, 'a:1:{i:0;s:64:\"84e0c0eafaa95a34c293f278ac52e45ce537bab5e752a00e6959a13ae103b65a\";}', NULL, '0'),
('8214574475daf8f002923e2091696768', '2019-10-24 06:16:05', 0, 'a:1:{i:0;s:64:\"84e0c0eafaa95a34c293f278ac52e45ce537bab5e752a00e6959a13ae103b65a\";}', NULL, '0'),
('8328875875d8c1e392af352027907764', '2019-09-26 02:11:05', 1, 'a:1:{i:0;s:64:\"84e0c0eafaa95a34c293f278ac52e45ce537bab5e752a00e6959a13ae103b65a\";}', NULL, '0'),
('8340544975da68012201db4019301236', '2019-10-16 02:27:30', 1, 'a:1:{i:0;s:64:\"84e0c0eafaa95a34c293f278ac52e45ce537bab5e752a00e6959a13ae103b65a\";}', NULL, '0'),
('8416593055da67db6d5b5b7048512264', '2019-10-16 02:17:26', 1, 'a:1:{i:0;s:64:\"84e0c0eafaa95a34c293f278ac52e45ce537bab5e752a00e6959a13ae103b65a\";}', NULL, '0'),
('8443160395daf90b557db08032514667', '2019-10-24 06:18:51', 0, 'a:1:{i:0;s:64:\"84e0c0eafaa95a34c293f278ac52e45ce537bab5e752a00e6959a13ae103b65a\";}', NULL, '0'),
('8505999125d8c363cf1b498046911445', '2019-09-26 03:53:32', 1, 'a:1:{i:0;s:64:\"84e0c0eafaa95a34c293f278ac52e45ce537bab5e752a00e6959a13ae103b65a\";}', NULL, '0'),
('8531349125d3fb4b1b00465087302011', '2019-08-08 22:03:05', 0, 'a:1:{i:0;s:64:\"84e0c0eafaa95a34c293f278ac52e45ce537bab5e752a00e6959a13ae103b65a\";}', NULL, '0'),
('8590576455da67fcea62da9061705484', '2019-10-16 02:26:22', 1, 'a:1:{i:0;s:64:\"84e0c0eafaa95a34c293f278ac52e45ce537bab5e752a00e6959a13ae103b65a\";}', NULL, '0'),
('8746855515c8f4dee1b4988096196525', '2019-03-18 07:51:10', 0, 'a:1:{i:0;s:64:\"84e0c0eafaa95a34c293f278ac52e45ce537bab5e752a00e6959a13ae103b65a\";}', NULL, '0'),
('8792452955da67e49b17296036519968', '2019-10-16 02:19:53', 1, 'a:1:{i:0;s:64:\"84e0c0eafaa95a34c293f278ac52e45ce537bab5e752a00e6959a13ae103b65a\";}', NULL, '0'),
('8795794585d3fb2eb5fafc4022757526', '2019-07-30 03:00:59', 1, 'a:1:{i:0;s:64:\"84e0c0eafaa95a34c293f278ac52e45ce537bab5e752a00e6959a13ae103b65a\";}', NULL, '0'),
('8864665895d566648a93fb0088442728', '2019-08-16 08:16:08', 1, 'a:1:{i:0;s:64:\"84e0c0eafaa95a34c293f278ac52e45ce537bab5e752a00e6959a13ae103b65a\";}', NULL, '0'),
('8865389865da6826cad8b42002476195', '2019-10-16 02:37:32', 0, 'a:1:{i:0;s:64:\"84e0c0eafaa95a34c293f278ac52e45ce537bab5e752a00e6959a13ae103b65a\";}', NULL, '0'),
('8942076125d89d5657401d8092479205', '2019-09-24 08:35:49', 1, 'a:1:{i:0;s:64:\"84e0c0eafaa95a34c293f278ac52e45ce537bab5e752a00e6959a13ae103b65a\";}', NULL, '0'),
('8946535195d5662faf011e6090166947', '2019-08-16 08:02:02', 1, 'a:1:{i:0;s:64:\"84e0c0eafaa95a34c293f278ac52e45ce537bab5e752a00e6959a13ae103b65a\";}', NULL, '0'),
('8961555635da67d3d6e21c5065931492', '2019-10-16 02:15:25', 1, 'a:1:{i:0;s:64:\"84e0c0eafaa95a34c293f278ac52e45ce537bab5e752a00e6959a13ae103b65a\";}', NULL, '0'),
('8997789975d3fb079f12be9078658180', '2019-08-01 05:12:40', 0, 'a:1:{i:0;s:64:\"84e0c0eafaa95a34c293f278ac52e45ce537bab5e752a00e6959a13ae103b65a\";}', NULL, '0'),
('9000221765da67e85c5fa94067275865', '2019-10-16 02:20:53', 1, 'a:1:{i:0;s:64:\"84e0c0eafaa95a34c293f278ac52e45ce537bab5e752a00e6959a13ae103b65a\";}', NULL, '0'),
('9016073965d89d698934963082937670', '2019-09-24 08:40:56', 1, 'a:1:{i:0;s:64:\"84e0c0eafaa95a34c293f278ac52e45ce537bab5e752a00e6959a13ae103b65a\";}', NULL, '0'),
('9025096755d8c2ee51dc718037210041', '2019-09-26 03:22:13', 1, 'a:1:{i:0;s:64:\"84e0c0eafaa95a34c293f278ac52e45ce537bab5e752a00e6959a13ae103b65a\";}', NULL, '0'),
('9025465935da67913e21e12035563892', '2019-10-16 01:57:39', 1, 'a:1:{i:0;s:64:\"84e0c0eafaa95a34c293f278ac52e45ce537bab5e752a00e6959a13ae103b65a\";}', NULL, '0'),
('9070695965d3faf9b2cc299002226454', '2019-07-30 02:46:51', 1, 'a:1:{i:0;s:64:\"84e0c0eafaa95a34c293f278ac52e45ce537bab5e752a00e6959a13ae103b65a\";}', NULL, '0'),
('9122158895d3fb3e813e6c8050519838', '2019-08-05 01:10:08', 0, 'a:1:{i:0;s:64:\"84e0c0eafaa95a34c293f278ac52e45ce537bab5e752a00e6959a13ae103b65a\";}', NULL, '0'),
('9157419215da67d8631b034036378092', '2019-10-16 02:16:38', 1, 'a:1:{i:0;s:64:\"84e0c0eafaa95a34c293f278ac52e45ce537bab5e752a00e6959a13ae103b65a\";}', NULL, '0'),
('9170733825daf902fb04af1051363018', '2019-10-22 23:26:39', 1, 'a:1:{i:0;s:64:\"84e0c0eafaa95a34c293f278ac52e45ce537bab5e752a00e6959a13ae103b65a\";}', NULL, '0'),
('9258697065da68161c54456026951941', '2019-10-16 02:33:05', 1, 'a:1:{i:0;s:64:\"84e0c0eafaa95a34c293f278ac52e45ce537bab5e752a00e6959a13ae103b65a\";}', NULL, '0'),
('9272044965d8c2f661a23a4024574885', '2019-10-23 04:15:31', 0, 'a:1:{i:0;s:64:\"84e0c0eafaa95a34c293f278ac52e45ce537bab5e752a00e6959a13ae103b65a\";}', NULL, '0'),
('9294424245dafb3e82456a1047262932', '2019-10-23 01:59:04', 1, 'a:1:{i:0;s:64:\"84e0c0eafaa95a34c293f278ac52e45ce537bab5e752a00e6959a13ae103b65a\";}', NULL, '0'),
('9329725595da67bd4c81857043935341', '2019-10-16 02:09:24', 1, 'a:1:{i:0;s:64:\"84e0c0eafaa95a34c293f278ac52e45ce537bab5e752a00e6959a13ae103b65a\";}', NULL, '0'),
('9342741515d56660ab93ae9033986900', '2019-08-16 08:15:06', 1, 'a:1:{i:0;s:64:\"84e0c0eafaa95a34c293f278ac52e45ce537bab5e752a00e6959a13ae103b65a\";}', NULL, '0'),
('9364610835dafb1a68919d7004683424', '2019-10-23 01:49:26', 1, 'a:1:{i:0;s:64:\"84e0c0eafaa95a34c293f278ac52e45ce537bab5e752a00e6959a13ae103b65a\";}', NULL, '0'),
('9365292815c792b9072fda3097556850', '2019-03-01 12:54:40', 0, 'a:1:{i:0;s:64:\"84e0c0eafaa95a34c293f278ac52e45ce537bab5e752a00e6959a13ae103b65a\";}', '{\"enabled_grid\":false}', '1'),
('9372259765d3fb29e806798081160447', '2019-07-30 02:59:42', 1, 'a:1:{i:0;s:64:\"84e0c0eafaa95a34c293f278ac52e45ce537bab5e752a00e6959a13ae103b65a\";}', NULL, '0'),
('9532802645da680cec04a50056308282', '2019-10-16 02:30:38', 1, 'a:1:{i:0;s:64:\"84e0c0eafaa95a34c293f278ac52e45ce537bab5e752a00e6959a13ae103b65a\";}', NULL, '0'),
('9547519345ca4b60b08cd27063022816', '2019-04-03 13:32:59', 0, 'a:1:{i:0;s:64:\"84e0c0eafaa95a34c293f278ac52e45ce537bab5e752a00e6959a13ae103b65a\";}', NULL, '0'),
('9564667245da681317ec022015945563', '2019-10-16 02:32:17', 1, 'a:1:{i:0;s:64:\"84e0c0eafaa95a34c293f278ac52e45ce537bab5e752a00e6959a13ae103b65a\";}', NULL, '0'),
('9593112755da67de14330d4040899894', '2019-10-16 02:18:09', 1, 'a:1:{i:0;s:64:\"84e0c0eafaa95a34c293f278ac52e45ce537bab5e752a00e6959a13ae103b65a\";}', NULL, '0'),
('9622487665da67876e23f19066471657', '2019-10-16 01:55:02', 1, 'a:1:{i:0;s:64:\"84e0c0eafaa95a34c293f278ac52e45ce537bab5e752a00e6959a13ae103b65a\";}', NULL, '0'),
('9670424635d3fb5125b9952098291574', '2019-08-01 05:12:04', 0, 'a:1:{i:0;s:64:\"84e0c0eafaa95a34c293f278ac52e45ce537bab5e752a00e6959a13ae103b65a\";}', NULL, '0'),
('9688651985c9287fd6dd871096977822', '2019-03-20 18:35:41', 0, 'a:1:{i:0;s:64:\"84e0c0eafaa95a34c293f278ac52e45ce537bab5e752a00e6959a13ae103b65a\";}', NULL, '0'),
('9718428045d89d5ff633628034005749', '2019-09-24 08:38:23', 1, 'a:1:{i:0;s:64:\"84e0c0eafaa95a34c293f278ac52e45ce537bab5e752a00e6959a13ae103b65a\";}', NULL, '0'),
('9733734955bda5957591b88026488524', '2019-04-25 19:48:16', 0, 'a:1:{i:0;s:64:\"84e0c0eafaa95a34c293f278ac52e45ce537bab5e752a00e6959a13ae103b65a\";}', '{\"enabled_grid\":false}', '0'),
('9750851565da67f93a138d6092722198', '2019-10-16 02:25:23', 1, 'a:1:{i:0;s:64:\"84e0c0eafaa95a34c293f278ac52e45ce537bab5e752a00e6959a13ae103b65a\";}', NULL, '0'),
('9797748935da67cb12dcc75039479432', '2019-10-16 02:13:05', 1, 'a:1:{i:0;s:64:\"84e0c0eafaa95a34c293f278ac52e45ce537bab5e752a00e6959a13ae103b65a\";}', NULL, '0'),
('9803445305d89d47bc64b09062203223', '2019-09-24 08:31:55', 1, 'a:1:{i:0;s:64:\"84e0c0eafaa95a34c293f278ac52e45ce537bab5e752a00e6959a13ae103b65a\";}', NULL, '0'),
('9819647065daf8f8571ccc1048701617', '2019-10-22 23:23:49', 1, 'a:1:{i:0;s:64:\"84e0c0eafaa95a34c293f278ac52e45ce537bab5e752a00e6959a13ae103b65a\";}', NULL, '0'),
('9946648105d5661fe376241087092671', '2019-10-29 21:53:48', 0, 'a:1:{i:0;s:64:\"84e0c0eafaa95a34c293f278ac52e45ce537bab5e752a00e6959a13ae103b65a\";}', NULL, '0');

--
-- Indexes for dumped tables
--

--
-- Indexes for table `GROUPWF`
--
ALTER TABLE `GROUPWF`
  ADD PRIMARY KEY (`GRP_UID`),
  ADD UNIQUE KEY `GRP_ID` (`GRP_ID`);

--
-- Indexes for table `GROUP_USER`
--
ALTER TABLE `GROUP_USER`
  ADD PRIMARY KEY (`GRP_UID`,`USR_UID`),
  ADD KEY `indexForUsrUid` (`USR_UID`),
  ADD KEY `INDEX_GRP_ID` (`GRP_ID`);

--
-- Indexes for table `RBAC_USERS`
--
ALTER TABLE `RBAC_USERS`
  ADD PRIMARY KEY (`USR_UID`);

--
-- Indexes for table `RBAC_USERS_ROLES`
--
ALTER TABLE `RBAC_USERS_ROLES`
  ADD PRIMARY KEY (`USR_UID`,`ROL_UID`);

--
-- Indexes for table `USERS`
--
ALTER TABLE `USERS`
  ADD PRIMARY KEY (`USR_UID`),
  ADD UNIQUE KEY `INDEX_USR_ID` (`USR_ID`),
  ADD KEY `indexUsrUid` (`USR_UID`),
  ADD KEY `indexUsrStatus` (`USR_STATUS`),
  ADD KEY `indexUsrStatusId` (`USR_STATUS_ID`);

--
-- Indexes for table `USERS_PROPERTIES`
--
ALTER TABLE `USERS_PROPERTIES`
  ADD PRIMARY KEY (`USR_UID`);

--
-- AUTO_INCREMENT for dumped tables
--

--
-- AUTO_INCREMENT for table `GROUPWF`
--
ALTER TABLE `GROUPWF`
  MODIFY `GRP_ID` int(11) NOT NULL AUTO_INCREMENT, AUTO_INCREMENT=18;

--
-- AUTO_INCREMENT for table `USERS`
--
ALTER TABLE `USERS`
  MODIFY `USR_ID` int(11) NOT NULL AUTO_INCREMENT, AUTO_INCREMENT=211;
COMMIT;

/*!40101 SET CHARACTER_SET_CLIENT=@OLD_CHARACTER_SET_CLIENT */;
/*!40101 SET CHARACTER_SET_RESULTS=@OLD_CHARACTER_SET_RESULTS */;
/*!40101 SET COLLATION_CONNECTION=@OLD_COLLATION_CONNECTION */;
