-- phpMyAdmin SQL Dump
-- version 4.9.1
-- https://www.phpmyadmin.net/
--
-- Host: knauf-test-rds-cluster.cluster-cn0eeh36tnx0.ap-southeast-1.rds.amazonaws.com
-- Generation Time: Oct 29, 2019 at 11:13 AM
-- Server version: 5.6.10
-- PHP Version: 7.1.32

SET SQL_MODE = "NO_AUTO_VALUE_ON_ZERO";
SET AUTOCOMMIT = 0;
START TRANSACTION;
SET time_zone = "+00:00";


/*!40101 SET @OLD_CHARACTER_SET_CLIENT=@@CHARACTER_SET_CLIENT */;
/*!40101 SET @OLD_CHARACTER_SET_RESULTS=@@CHARACTER_SET_RESULTS */;
/*!40101 SET @OLD_COLLATION_CONNECTION=@@COLLATION_CONNECTION */;
/*!40101 SET NAMES utf8mb4 */;

--
-- Database: `wf_workflow`
--

-- --------------------------------------------------------

--
-- Table structure for table `GROUPWF`
--

CREATE TABLE `GROUPWF` (
  `GRP_UID` varchar(32) NOT NULL,
  `GRP_TITLE` mediumtext NOT NULL,
  `GRP_STATUS` char(8) NOT NULL DEFAULT 'ACTIVE',
  `GRP_LDAP_DN` varchar(255) NOT NULL DEFAULT '',
  `GRP_UX` varchar(128) DEFAULT 'NORMAL',
  `GRP_ID` int(11) NOT NULL,
  `GRP_STATUS_ID` int(11) DEFAULT '0'
) ENGINE=InnoDB DEFAULT CHARSET=utf8;

--
-- Dumping data for table `GROUPWF`
--

INSERT INTO `GROUPWF` (`GRP_UID`, `GRP_TITLE`, `GRP_STATUS`, `GRP_LDAP_DN`, `GRP_UX`, `GRP_ID`, `GRP_STATUS_ID`) VALUES
('2603819515c89056cbef040052399911', 'APAC', 'ACTIVE', '', 'NORMAL', 1, 0),
('3688942675da7f08de8ca43055488326', 'Global Administrators', 'ACTIVE', '', 'NORMAL', 8, 0),
('45980492056cf9790aca9c2049280993', 'Administration', 'ACTIVE', '', 'NORMAL', 3, 0),
('6001587415d3fb56f60c9c2092663131', 'APAC-PHI', 'ACTIVE', '', 'NORMAL', 2, 0),
('7050067355da7f387885c91007362350', 'APAC-VNM', 'ACTIVE', '', 'NORMAL', 5, 0),
('9470677725d886eac93d038050244466', 'APAC-CHN', 'ACTIVE', '', 'NORMAL', 6, 0),
('9555860125da7f37e36ef85049327902', 'APAC-THA', 'ACTIVE', '', 'NORMAL', 7, 0),
('9809725535d5367f2d8d067036555873', 'APAC-IDN', 'ACTIVE', '', 'NORMAL', 4, 0);

-- --------------------------------------------------------

--
-- Table structure for table `GROUP_USER`
--

CREATE TABLE `GROUP_USER` (
  `GRP_UID` varchar(32) NOT NULL DEFAULT '0',
  `USR_UID` varchar(32) NOT NULL DEFAULT '0',
  `GRP_ID` int(11) DEFAULT '0',
  `USR_ID` int(11) DEFAULT '0'
) ENGINE=InnoDB DEFAULT CHARSET=utf8;

--
-- Dumping data for table `GROUP_USER`
--

INSERT INTO `GROUP_USER` (`GRP_UID`, `USR_UID`, `GRP_ID`, `USR_ID`) VALUES
('2603819515c89056cbef040052399911', '00000000000000000000000000000001', 1, 0),
('2603819515c89056cbef040052399911', '1989991545bda55b6d10632082797630', 1, 0),
('2603819515c89056cbef040052399911', '2093925165d3fb32135f691068948951', 1, 0),
('2603819515c89056cbef040052399911', '2856390745c792ba8eb0359090875314', 1, 0),
('2603819515c89056cbef040052399911', '3578509695c8f4e2423a989058192977', 1, 0),
('2603819515c89056cbef040052399911', '3685603045c8f4dcb1ef9d9059890202', 1, 0),
('2603819515c89056cbef040052399911', '5054254075c866080af6348028578652', 1, 0),
('2603819515c89056cbef040052399911', '6261178115d3fe250ab9443085058305', 1, 0),
('2603819515c89056cbef040052399911', '6734909165c8660b18cef85071846108', 1, 0),
('2603819515c89056cbef040052399911', '7201430585c928822686af3071843170', 1, 0),
('2603819515c89056cbef040052399911', '7293126885d3fb47c5227b1050208725', 1, 0),
('2603819515c89056cbef040052399911', '7474175465c8f4dac447234050977038', 1, 0),
('2603819515c89056cbef040052399911', '7475349035c8660efaf47f5052308797', 1, 0),
('2603819515c89056cbef040052399911', '7610292385c86612287c860012103391', 1, 0),
('2603819515c89056cbef040052399911', '8197082355c8f4e086fff47015880419', 1, 0),
('2603819515c89056cbef040052399911', '8746855515c8f4dee1b4988096196525', 1, 0),
('2603819515c89056cbef040052399911', '9365292815c792b9072fda3097556850', 1, 0),
('2603819515c89056cbef040052399911', '9547519345ca4b60b08cd27063022816', 1, 0),
('2603819515c89056cbef040052399911', '9733734955bda5957591b88026488524', 1, 0),
('6001587415d3fb56f60c9c2092663131', '1146057945d3faedb2e7c21078059895', 2, 0),
('6001587415d3fb56f60c9c2092663131', '1231390205d3fb4e01f04f6087878040', 2, 0),
('6001587415d3fb56f60c9c2092663131', '1739965555d3fb3bc0321d3052430620', 2, 0),
('6001587415d3fb56f60c9c2092663131', '2093925165d3fb32135f691068948951', 2, 0),
('6001587415d3fb56f60c9c2092663131', '2693417175d3fb0feda35e7039543989', 2, 0),
('6001587415d3fb56f60c9c2092663131', '3271758435d3fb41606e330094073909', 2, 0),
('6001587415d3fb56f60c9c2092663131', '3379723005d3fb1974f8161050059451', 2, 0),
('6001587415d3fb56f60c9c2092663131', '3419054305d3fb00f664051020317401', 2, 0),
('6001587415d3fb56f60c9c2092663131', '3598706955d3fae80be9790014842879', 2, 0),
('6001587415d3fb56f60c9c2092663131', '3745184045d3fb23a2f2454076865364', 2, 0),
('6001587415d3fb56f60c9c2092663131', '3930912035d3faf59b09902089462932', 2, 0),
('6001587415d3fb56f60c9c2092663131', '4260826805d3fb5389edd83076285094', 2, 0),
('6001587415d3fb56f60c9c2092663131', '4326164425d3fb1c56edc24051306598', 2, 0),
('6001587415d3fb56f60c9c2092663131', '4761488705d3fb35a113365098753209', 2, 0),
('6001587415d3fb56f60c9c2092663131', '5113640855d3fb444579492076828036', 2, 0),
('6001587415d3fb56f60c9c2092663131', '5920847225d3fb1f855c6b7050293073', 2, 0),
('6001587415d3fb56f60c9c2092663131', '6146450595d3fb0479da195014124954', 2, 0),
('6001587415d3fb56f60c9c2092663131', '6990077575d3fb38a8a9393087566831', 2, 0),
('6001587415d3fb56f60c9c2092663131', '7159891755d3fae51668710043461935', 2, 0),
('6001587415d3fb56f60c9c2092663131', '7293126885d3fb47c5227b1050208725', 2, 0),
('6001587415d3fb56f60c9c2092663131', '8531349125d3fb4b1b00465087302011', 2, 0),
('6001587415d3fb56f60c9c2092663131', '8795794585d3fb2eb5fafc4022757526', 2, 0),
('6001587415d3fb56f60c9c2092663131', '8997789975d3fb079f12be9078658180', 2, 0),
('6001587415d3fb56f60c9c2092663131', '9070695965d3faf9b2cc299002226454', 2, 0),
('6001587415d3fb56f60c9c2092663131', '9122158895d3fb3e813e6c8050519838', 2, 0),
('6001587415d3fb56f60c9c2092663131', '9372259765d3fb29e806798081160447', 2, 0),
('6001587415d3fb56f60c9c2092663131', '9670424635d3fb5125b9952098291574', 2, 0),
('9809725535d5367f2d8d067036555873', '1182703045d537516478f87046246804', 4, 0),
('9809725535d5367f2d8d067036555873', '1340473655d5665b8c88264082816832', 4, 0),
('9809725535d5367f2d8d067036555873', '1989991545bda55b6d10632082797630', 4, 0),
('9809725535d5367f2d8d067036555873', '2049337045d56668f73de37027302004', 4, 0),
('9809725535d5367f2d8d067036555873', '2111915495d3fdaa6c7bfd2052497434', 4, 0),
('9809725535d5367f2d8d067036555873', '2855639345d56627e3f8489036206655', 4, 0),
('9809725535d5367f2d8d067036555873', '3065051765d5365636020f4090660944', 4, 0),
('9809725535d5367f2d8d067036555873', '3524852725d565e0a0239b0007445348', 4, 0),
('9809725535d5367f2d8d067036555873', '3673074545d5663a94f3141037191568', 4, 0),
('9809725535d5367f2d8d067036555873', '4329610375d5662bdadebd4057853127', 4, 0),
('9809725535d5367f2d8d067036555873', '4848956625d5664cb1ded96045552819', 4, 0),
('9809725535d5367f2d8d067036555873', '5599593145d565dc26b0416091527599', 4, 0),
('9809725535d5367f2d8d067036555873', '5941327905d53663653cb83031459207', 4, 0),
('9809725535d5367f2d8d067036555873', '6275750785d3fdb62451f08022724475', 4, 0),
('9809725535d5367f2d8d067036555873', '6608302035d56610eeca133097238228', 4, 0),
('9809725535d5367f2d8d067036555873', '7039927345d5661b5e21f84023639041', 4, 0),
('9809725535d5367f2d8d067036555873', '7053762775d5375935c6c46037431490', 4, 0),
('9809725535d5367f2d8d067036555873', '7076284835d56647ac4cfe7066681939', 4, 0),
('9809725535d5367f2d8d067036555873', '7765270725d565d518fe1a6018454218', 4, 0),
('9809725535d5367f2d8d067036555873', '8864665895d566648a93fb0088442728', 4, 0),
('9809725535d5367f2d8d067036555873', '8946535195d5662faf011e6090166947', 4, 0),
('9809725535d5367f2d8d067036555873', '9342741515d56660ab93ae9033986900', 4, 0),
('9809725535d5367f2d8d067036555873', '9946648105d5661fe376241087092671', 4, 0);

-- --------------------------------------------------------

--
-- Table structure for table `RBAC_USERS`
--

CREATE TABLE `RBAC_USERS` (
  `USR_UID` varchar(32) NOT NULL DEFAULT '',
  `USR_USERNAME` varchar(100) NOT NULL DEFAULT '',
  `USR_PASSWORD` varchar(128) NOT NULL DEFAULT '',
  `USR_FIRSTNAME` varchar(50) NOT NULL DEFAULT '',
  `USR_LASTNAME` varchar(50) NOT NULL DEFAULT '',
  `USR_EMAIL` varchar(100) NOT NULL DEFAULT '',
  `USR_DUE_DATE` date NOT NULL,
  `USR_CREATE_DATE` datetime DEFAULT NULL,
  `USR_UPDATE_DATE` datetime DEFAULT NULL,
  `USR_STATUS` int(11) NOT NULL DEFAULT '1',
  `USR_AUTH_TYPE` varchar(32) NOT NULL DEFAULT '',
  `UID_AUTH_SOURCE` varchar(32) NOT NULL DEFAULT '',
  `USR_AUTH_USER_DN` varchar(255) NOT NULL DEFAULT '',
  `USR_AUTH_SUPERVISOR_DN` varchar(255) NOT NULL DEFAULT ''
) ENGINE=InnoDB DEFAULT CHARSET=utf8 COMMENT='Users';

--
-- Dumping data for table `RBAC_USERS`
--

INSERT INTO `RBAC_USERS` (`USR_UID`, `USR_USERNAME`, `USR_PASSWORD`, `USR_FIRSTNAME`, `USR_LASTNAME`, `USR_EMAIL`, `USR_DUE_DATE`, `USR_CREATE_DATE`, `USR_UPDATE_DATE`, `USR_STATUS`, `USR_AUTH_TYPE`, `UID_AUTH_SOURCE`, `USR_AUTH_USER_DN`, `USR_AUTH_SUPERVISOR_DN`) VALUES
('00000000000000000000000000000001', 'admin', '8c6976e5b5410415bde908bd4dee15dfb167a9c873fc4bb8a81f6f2ab448a918', 'Administrator', 'Admin', 'jukumari@processmaker.com', '2020-01-01', '2007-08-03 12:24:36', '2019-10-28 23:22:19', 1, 'MYSQL', '00000000000000000000000000000000', '', ''),
('00000000000000000000000000000002', 'guest', '674ba9750749d735ec9787d606170d78', 'Guest', '', 'jukumari@processmaker.com', '2030-01-01', '2009-02-01 12:24:36', '2009-02-01 12:24:36', 0, 'MYSQL', '00000000000000000000000000000000', '', ''),
('1146057945d3faedb2e7c21078059895', 'jose.bolo', 'af2bdbe1aa9b6ec1e2ade1d694f41fc71a831d0268e9891562113d8a62add1bf', 'Jose Jr.', 'Bolo', 'jukumari@processmaker.com', '2020-07-30', '2019-07-30 02:43:39', '2019-07-30 02:53:01', 1, '', '', '', ''),
('1182703045d537516478f87046246804', 'apriyansyah', '6c641d45d26ed97e095c0ce92fd408462ec41decd801ada4df5395860b96eec2', 'Apriyansyah', '.', 'jukumari@processmaker.com', '2020-08-14', '2019-08-14 02:42:30', '2019-08-16 08:33:54', 1, '', '', '', ''),
('1227721445cdfca786d89d9090542512', '', 'af2bdbe1aa9b6ec1e2ade1d694f41fc71a831d0268e9891562113d8a62add1bf', 'Jane', 'Doe', 'jukumari@processmaker.com', '2019-05-30', '2019-05-18 09:03:52', '2019-05-18 09:03:52', 0, '', '', '', ''),
('1231390205d3fb4e01f04f6087878040', 'charles.ramos', 'af2bdbe1aa9b6ec1e2ade1d694f41fc71a831d0268e9891562113d8a62add1bf', 'Charles', 'Ramos', 'jukumari@processmaker.com', '2020-07-30', '2019-07-30 03:09:20', '2019-07-30 03:09:20', 1, '', '', '', ''),
('1340473655d5665b8c88264082816832', 'irfa.nugraha', 'af2bdbe1aa9b6ec1e2ade1d694f41fc71a831d0268e9891562113d8a62add1bf', 'Irfa', 'Nugraha', 'jukumari@processmaker.com', '2020-08-16', '2019-08-16 08:13:44', '2019-08-16 08:13:44', 1, '', '', '', ''),
('1697020705d566366a4fad5087672895', 'miftakhul.amin', 'af2bdbe1aa9b6ec1e2ade1d694f41fc71a831d0268e9891562113d8a62add1bf', 'Miftakhul', 'Amin', 'jukumari@processmaker.com', '2020-08-16', '2019-08-16 08:03:50', '2019-08-16 08:03:50', 1, '', '', '', ''),
('1739965555d3fb3bc0321d3052430620', 'ranel.sibugan', '0522a55e2d5f0993a3d66d28864b2862a7218a75ea7968b075333434404485c3', 'Ranel Ceazar', 'Sibugan', 'jukumari@processmaker.com', '2020-07-30', '2019-07-30 03:04:28', '2019-08-01 05:23:48', 1, '', '', '', ''),
('1869611455cdfce632a2279014922776', '', 'af2bdbe1aa9b6ec1e2ade1d694f41fc71a831d0268e9891562113d8a62add1bf', 'Jane', 'Doe', 'jukumari@processmaker.com', '2019-05-30', '2019-05-18 09:20:35', '2019-05-18 09:20:35', 0, '', '', '', ''),
('1989991545bda55b6d10632082797630', 'kevin.armstrong', 'af2bdbe1aa9b6ec1e2ade1d694f41fc71a831d0268e9891562113d8a62add1bf', 'Kevin', 'Armstrong', 'jukumari@processmaker.com', '2019-11-01', '2018-11-01 01:24:06', '2019-07-31 00:52:56', 1, '', '', '', ''),
('2049337045d56668f73de37027302004', 'hendra', 'af2bdbe1aa9b6ec1e2ade1d694f41fc71a831d0268e9891562113d8a62add1bf', 'Hendra', '.', 'jukumari@processmaker.com', '2020-08-16', '2019-08-16 08:17:19', '2019-08-16 08:17:19', 1, '', '', '', ''),
('2093925165d3fb32135f691068948951', 'porfirio.banaag', 'd3f07d88abc61affa1f244b8f6a2bdb1467d55d2303ec605824f836721c8e877', 'Porfirio', 'Banaag', 'jukumari@processmaker.com', '2020-07-30', '2019-07-30 03:01:53', '2019-08-01 05:12:15', 1, '', '', '', ''),
('2111915495d3fdaa6c7bfd2052497434', 'wayne.studdon', 'af2bdbe1aa9b6ec1e2ade1d694f41fc71a831d0268e9891562113d8a62add1bf', 'Wayne', 'Studdon', 'jukumari@processmaker.com', '2020-07-30', '2019-07-30 05:50:30', '2019-07-31 08:08:04', 1, '', '', '', ''),
('2554175045cdfc77f406325086501673', '', 'af2bdbe1aa9b6ec1e2ade1d694f41fc71a831d0268e9891562113d8a62add1bf', 'Jane', 'Doe', 'jukumari@processmaker.com', '2019-05-30', '2019-05-18 08:51:11', '2019-05-18 08:51:11', 0, '', '', '', ''),
('2693417175d3fb0feda35e7039543989', 'paul.buller', 'af2bdbe1aa9b6ec1e2ade1d694f41fc71a831d0268e9891562113d8a62add1bf', 'Paul', 'Buller', 'jukumari@processmaker.com', '2020-07-30', '2019-07-30 02:52:46', '2019-07-30 02:52:46', 1, '', '', '', ''),
('2855639345d56627e3f8489036206655', 'ahmad.jasul', 'af2bdbe1aa9b6ec1e2ade1d694f41fc71a831d0268e9891562113d8a62add1bf', 'Ahmad', 'jasul', 'jukumari@processmaker.com', '2020-08-16', '2019-08-16 07:59:58', '2019-08-16 07:59:58', 1, '', '', '', ''),
('2856390745c792ba8eb0359090875314', 'dev2pm', 'af2bdbe1aa9b6ec1e2ade1d694f41fc71a831d0268e9891562113d8a62add1bf', 'Developer2', 'ProcessMaker', 'jukumari@processmaker.com', '2020-03-01', '2019-03-01 12:55:04', '2019-08-16 09:26:15', 1, '', '', '', ''),
('3065051765d5365636020f4090660944', 'sandy.basuki', 'fb7144c2389c2c0742ddf492b589fd045a0920595db7145ae4641035929d994d', 'Sandy', 'Basuki', 'jukumari@processmaker.com', '2020-08-14', '2019-08-14 01:35:31', '2019-08-16 07:24:02', 1, '', '', '', ''),
('3271758435d3fb41606e330094073909', 'rachel.aldovino', 'af2bdbe1aa9b6ec1e2ade1d694f41fc71a831d0268e9891562113d8a62add1bf', 'Rachel', 'Aldovino', 'jukumari@processmaker.com', '2020-07-30', '2019-07-30 03:05:58', '2019-07-30 03:05:58', 1, '', '', '', ''),
('3379723005d3fb1974f8161050059451', 'jeffrey.rodenas', '7f0300240d0aee1716f258f2e92b7f408e813c89992996647d814c348de11018', 'Jeffrey', 'Rodenas', 'jukumari@processmaker.com', '2020-07-30', '2019-07-30 02:55:19', '2019-08-01 05:12:04', 1, '', '', '', ''),
('3419054305d3fb00f664051020317401', 'exuper.manalo', '9714e2ca440f915e247d94d814f60e8ac4726e4109139c671aa362011708c590', 'Exuper Cleth', 'Manalo', 'jukumari@processmaker.com', '2020-07-30', '2019-07-30 02:48:47', '2019-08-01 05:12:15', 1, '', '', '', ''),
('3524852725d565e0a0239b0007445348', 'yoice.perdanayanti', 'af2bdbe1aa9b6ec1e2ade1d694f41fc71a831d0268e9891562113d8a62add1bf', 'Yoice', 'Perdanayanti', 'jukumari@processmaker.com', '2020-08-16', '2019-08-16 07:40:58', '2019-08-16 07:40:58', 1, '', '', '', ''),
('3578509695c8f4e2423a989058192977', 'les.triffet', 'af2bdbe1aa9b6ec1e2ade1d694f41fc71a831d0268e9891562113d8a62add1bf', 'Les', 'Triffet', 'jukumari@processmaker.com', '2020-03-18', '2019-03-18 07:52:04', '2019-07-25 21:29:40', 0, '', '', '', ''),
('3598706955d3fae80be9790014842879', 'aristeo.baloja', 'af2bdbe1aa9b6ec1e2ade1d694f41fc71a831d0268e9891562113d8a62add1bf', 'Aristeo', 'Baloja', 'jukumari@processmaker.com', '2020-07-30', '2019-07-30 02:42:08', '2019-07-30 02:53:22', 1, '', '', '', ''),
('3673074545d5663a94f3141037191568', 'nikmatulloh.Rifai', 'af2bdbe1aa9b6ec1e2ade1d694f41fc71a831d0268e9891562113d8a62add1bf', 'Nikmatulloh', 'Rifai', 'jukumari@processmaker.com', '2020-08-16', '2019-08-16 08:04:57', '2019-08-16 08:04:57', 1, '', '', '', ''),
('3685603045c8f4dcb1ef9d9059890202', 'kathryn.walker', 'af2bdbe1aa9b6ec1e2ade1d694f41fc71a831d0268e9891562113d8a62add1bf', 'Kathryn', 'Walker', 'jukumari@processmaker.com', '2020-03-18', '2019-03-18 07:50:35', '2019-07-25 21:29:50', 1, '', '', '', ''),
('3745184045d3fb23a2f2454076865364', 'rolando.dullavin', 'af2bdbe1aa9b6ec1e2ade1d694f41fc71a831d0268e9891562113d8a62add1bf', 'Rolando', 'Dullavin', 'jukumari@processmaker.com', '2020-07-30', '2019-07-30 02:58:02', '2019-07-30 02:58:02', 1, '', '', '', ''),
('3930912035d3faf59b09902089462932', 'jocelyn.pinay', 'af2bdbe1aa9b6ec1e2ade1d694f41fc71a831d0268e9891562113d8a62add1bf', 'Jocelyn', 'Pinay', 'jukumari@processmaker.com', '2020-07-30', '2019-07-30 02:45:45', '2019-08-16 15:04:08', 1, '', '', '', ''),
('4260826805d3fb5389edd83076285094', 'aleksei.mikhailov', 'af2bdbe1aa9b6ec1e2ade1d694f41fc71a831d0268e9891562113d8a62add1bf', 'Aleksei', 'Mikhailov', 'jukumari@processmaker.com', '2020-07-30', '2019-07-30 03:10:48', '2019-10-29 00:08:28', 1, '', '', '', ''),
('4326164425d3fb1c56edc24051306598', 'crissia.alonzo', 'af2bdbe1aa9b6ec1e2ade1d694f41fc71a831d0268e9891562113d8a62add1bf', 'Crissia', 'Alonzo', 'jukumari@processmaker.com', '2020-07-30', '2019-07-30 02:56:05', '2019-07-30 02:56:05', 1, '', '', '', ''),
('4329610375d5662bdadebd4057853127', 'yusup.ruckman', 'af2bdbe1aa9b6ec1e2ade1d694f41fc71a831d0268e9891562113d8a62add1bf', 'Yusup', 'Ruckman', 'jukumari@processmaker.com', '2020-08-16', '2019-08-16 08:01:01', '2019-08-16 08:01:01', 1, '', '', '', ''),
('4761488705d3fb35a113365098753209', 'aldrian.mendoza', 'af2bdbe1aa9b6ec1e2ade1d694f41fc71a831d0268e9891562113d8a62add1bf', 'Aldrian', 'Mendoza', 'jukumari@processmaker.com', '2020-07-30', '2019-07-30 03:02:50', '2019-10-28 23:52:17', 1, '', '', '', ''),
('4848956625d5664cb1ded96045552819', 'suhartono.salim', 'af2bdbe1aa9b6ec1e2ade1d694f41fc71a831d0268e9891562113d8a62add1bf', 'Suhartono', 'Salim', 'jukumari@processmaker.com', '2020-08-16', '2019-08-16 08:09:47', '2019-08-16 08:09:47', 1, '', '', '', ''),
('5054254075c866080af6348028578652', 'steve.bean', 'af2bdbe1aa9b6ec1e2ade1d694f41fc71a831d0268e9891562113d8a62add1bf', 'Steve', 'Bean', 'jukumari@processmaker.com', '2020-03-11', '2019-03-11 13:20:00', '2019-07-25 21:29:58', 1, '', '', '', ''),
('5113640855d3fb444579492076828036', 'kathleen.sagutin', '310fe4caf555c82a9202095c54c7e6ec52b835e9b189d810b8ae2f1a052e26f1', 'Kathleen', 'Sagutin', 'jukumari@processmaker.com', '2020-07-30', '2019-07-30 03:06:44', '2019-08-01 05:11:57', 1, '', '', '', ''),
('5562730065cdfc4c5588610026429241', '', 'af2bdbe1aa9b6ec1e2ade1d694f41fc71a831d0268e9891562113d8a62add1bf', 'Jane', 'Doe', 'jukumari@processmaker.com', '2019-05-30', '2019-05-18 08:39:33', '2019-05-18 08:39:33', 0, '', '', '', ''),
('5599593145d565dc26b0416091527599', 'endang.wigiarti', 'af2bdbe1aa9b6ec1e2ade1d694f41fc71a831d0268e9891562113d8a62add1bf', 'Endang', 'Wigiarti', 'jukumari@processmaker.com', '2020-08-16', '2019-08-16 07:39:46', '2019-08-16 07:39:46', 1, '', '', '', ''),
('5640199155d3fdb2985ef85050357369', 'kevin.vanaerle', 'af2bdbe1aa9b6ec1e2ade1d694f41fc71a831d0268e9891562113d8a62add1bf', 'Kevin', 'VanAerle', 'jukumari@processmaker.com', '2020-07-30', '2019-07-30 05:52:41', '2019-07-30 05:52:41', 1, '', '', '', ''),
('5777808965ca51f4d3b85c7017355707', '', '20842a893c04c146dadd7e58f1f8d75705e94e8011ea7aa13f2cae6523a2fd5d', 'Pedro', 'Silva', 'jukumari@processmaker.com', '2020-04-03', '2019-04-03 21:02:05', '2019-04-03 21:02:05', 0, '', '', '', ''),
('5920847225d3fb1f855c6b7050293073', 'lenie.morte', 'af2bdbe1aa9b6ec1e2ade1d694f41fc71a831d0268e9891562113d8a62add1bf', 'Lenie Rose', 'Morte', 'jukumari@processmaker.com', '2020-07-30', '2019-07-30 02:56:56', '2019-07-30 02:56:56', 1, '', '', '', ''),
('5941327905d53663653cb83031459207', 'dwi.lestari', '871dc6af697b436aae9313963651e09b8d47bd6e05f952ce80ff32e37d9e4c3e', 'Dwi', 'Lestari', 'jukumari@processmaker.com', '2020-08-14', '2019-08-14 01:39:02', '2019-08-16 07:24:48', 1, '', '', '', ''),
('6146450595d3fb0479da195014124954', 'ronald.lacsamana', '017be0cbe0d440c7b40c39152c41b51cf10d8fcb6f2a8cebbbd0cea273a69a1a', 'Ronald', 'Lacsamana', 'jukumari@processmaker.com', '2020-07-30', '2019-07-30 02:49:43', '2019-08-01 05:12:25', 1, '', '', '', ''),
('6261178115d3fe250ab9443085058305', 'io.sarmiento', 'af2bdbe1aa9b6ec1e2ade1d694f41fc71a831d0268e9891562113d8a62add1bf', 'Io', 'Sarmiento', 'jukumari@processmaker.com', '2020-07-30', '2019-07-30 06:23:12', '2019-08-16 15:14:59', 1, '', '', '', ''),
('6275750785d3fdb62451f08022724475', 'leo.alarcon', 'af2bdbe1aa9b6ec1e2ade1d694f41fc71a831d0268e9891562113d8a62add1bf', 'Leonel', 'Alarcon', 'jukumari@processmaker.com', '2020-07-30', '2019-07-30 05:53:38', '2019-08-02 07:45:18', 1, '', '', '', ''),
('6344301225d3fe2181619a9065735923', 'mich.delarosa', 'af2bdbe1aa9b6ec1e2ade1d694f41fc71a831d0268e9891562113d8a62add1bf', 'Mich', 'Dela Rosa', 'jukumari@processmaker.com', '2020-07-30', '2019-07-30 06:22:16', '2019-07-30 06:22:16', 1, '', '', '', ''),
('6608302035d56610eeca133097238228', 'guzali.bambang', 'af2bdbe1aa9b6ec1e2ade1d694f41fc71a831d0268e9891562113d8a62add1bf', 'Khoe Guzali', 'Bambang', 'jukumari@processmaker.com', '2020-08-16', '2019-08-16 07:53:50', '2019-08-16 08:33:34', 1, '', '', '', ''),
('6734909165c8660b18cef85071846108', 'gavin.burton', 'af2bdbe1aa9b6ec1e2ade1d694f41fc71a831d0268e9891562113d8a62add1bf', 'Gavin', 'Burton', 'jukumari@processmaker.com', '2020-03-11', '2019-03-11 13:20:49', '2019-07-25 21:30:08', 1, '', '', '', ''),
('6990077575d3fb38a8a9393087566831', 'emmy.bejo', 'af2bdbe1aa9b6ec1e2ade1d694f41fc71a831d0268e9891562113d8a62add1bf', 'Emmy', 'Bejo', 'jukumari@processmaker.com', '2020-07-30', '2019-07-30 03:03:38', '2019-07-30 03:03:38', 1, '', '', '', ''),
('7039927345d5661b5e21f84023639041', 'ratna.yuli', 'af2bdbe1aa9b6ec1e2ade1d694f41fc71a831d0268e9891562113d8a62add1bf', 'Ratna Yuli', 'Ariyani', 'jukumari@processmaker.com', '2020-08-16', '2019-08-16 07:56:37', '2019-08-16 07:56:37', 1, '', '', '', ''),
('7053762775d5375935c6c46037431490', 'rama.krishnan', 'b96a287d713495da74ad11351ababe973442ed79130801f679a7d5838be82816', 'Rama', 'Krishnan', 'jukumari@processmaker.com', '2020-08-14', '2019-08-14 02:44:35', '2019-08-16 07:24:19', 1, '', '', '', ''),
('7076284835d56647ac4cfe7066681939', 'boedhi.santoso', 'af2bdbe1aa9b6ec1e2ade1d694f41fc71a831d0268e9891562113d8a62add1bf', 'Boedhi', 'Santoso', 'jukumari@processmaker.com', '2020-08-16', '2019-08-16 08:08:26', '2019-08-16 08:08:26', 1, '', '', '', ''),
('7159891755d3fae51668710043461935', 'joanna.castillo', 'af2bdbe1aa9b6ec1e2ade1d694f41fc71a831d0268e9891562113d8a62add1bf', 'Joanna Mary', 'Castillo', 'jukumari@processmaker.com', '2020-07-30', '2019-07-30 02:41:21', '2019-07-30 02:53:58', 1, '', '', '', ''),
('7180008005d43dea5ae51a4096201329', 'oliver.moral', 'af2bdbe1aa9b6ec1e2ade1d694f41fc71a831d0268e9891562113d8a62add1bf', 'Oliver', 'Moral', 'jukumari@processmaker.com', '2020-08-02', '2019-08-02 06:56:37', '2019-08-02 06:57:31', 1, '', '', '', ''),
('7201430585c928822686af3071843170', 'john.smith', 'af2bdbe1aa9b6ec1e2ade1d694f41fc71a831d0268e9891562113d8a62add1bf', 'John', 'Smith', 'jukumari@processmaker.com', '2020-03-20', '2019-03-20 18:36:18', '2019-03-28 19:39:16', 0, '', '', '', ''),
('7293126885d3fb47c5227b1050208725', 'ivy.leobonchiong', 'af2bdbe1aa9b6ec1e2ade1d694f41fc71a831d0268e9891562113d8a62add1bf', 'Ivy Grace', 'Leobonchiong', 'jukumari@processmaker.com', '2020-07-30', '2019-07-30 03:07:40', '2019-07-30 03:07:40', 1, '', '', '', ''),
('7474175465c8f4dac447234050977038', 'martin.obrien', 'af2bdbe1aa9b6ec1e2ade1d694f41fc71a831d0268e9891562113d8a62add1bf', 'Martin', 'O\'Brien', 'jukumari@processmaker.com', '2020-03-18', '2019-03-18 07:50:04', '2019-07-25 21:30:20', 1, '', '', '', ''),
('7475349035c8660efaf47f5052308797', 'andy.rylance', 'af2bdbe1aa9b6ec1e2ade1d694f41fc71a831d0268e9891562113d8a62add1bf', 'Andy', 'Rylance', 'jukumari@processmaker.com', '2020-03-11', '2019-03-11 13:21:51', '2019-07-25 21:30:59', 1, '', '', '', ''),
('7610292385c86612287c860012103391', 'murray.read', 'af2bdbe1aa9b6ec1e2ade1d694f41fc71a831d0268e9891562113d8a62add1bf', 'Murray', 'Read', 'jukumari@processmaker.com', '2020-03-11', '2019-03-11 13:22:42', '2019-07-31 00:55:37', 1, '', '', '', ''),
('7765270725d565d518fe1a6018454218', 'endah.padmiwiyati', 'af2bdbe1aa9b6ec1e2ade1d694f41fc71a831d0268e9891562113d8a62add1bf', 'Endah', 'Padmiwiyati', 'jukumari@processmaker.com', '2020-08-16', '2019-08-16 07:37:53', '2019-08-16 07:37:53', 1, '', '', '', ''),
('8197082355c8f4e086fff47015880419', 'greg.bartlett', 'af2bdbe1aa9b6ec1e2ade1d694f41fc71a831d0268e9891562113d8a62add1bf', 'Greg', 'Bartlett', 'jukumari@processmaker.com', '2020-03-18', '2019-03-18 07:51:36', '2019-07-25 21:31:21', 0, '', '', '', ''),
('8531349125d3fb4b1b00465087302011', 'charlene.bonalos', 'af2bdbe1aa9b6ec1e2ade1d694f41fc71a831d0268e9891562113d8a62add1bf', 'Charlene Adele', 'Bonalos', 'jukumari@processmaker.com', '2020-07-30', '2019-07-30 03:08:33', '2019-07-30 03:08:33', 1, '', '', '', ''),
('8746855515c8f4dee1b4988096196525', 'adrian.kleitz', 'af2bdbe1aa9b6ec1e2ade1d694f41fc71a831d0268e9891562113d8a62add1bf', 'Adrian', 'Kleitz', 'jukumari@processmaker.com', '2020-03-18', '2019-03-18 07:51:10', '2019-07-25 21:30:49', 0, '', '', '', ''),
('8795794585d3fb2eb5fafc4022757526', 'levi.mortel', 'af2bdbe1aa9b6ec1e2ade1d694f41fc71a831d0268e9891562113d8a62add1bf', 'Levi', 'Mortel', 'jukumari@processmaker.com', '2020-07-30', '2019-07-30 03:00:59', '2019-07-30 03:00:59', 1, '', '', '', ''),
('8864665895d566648a93fb0088442728', 'denny.chrysmianto', 'af2bdbe1aa9b6ec1e2ade1d694f41fc71a831d0268e9891562113d8a62add1bf', 'denny', 'Chrysmianto', 'jukumari@processmaker.com', '2020-08-16', '2019-08-16 08:16:08', '2019-08-16 08:16:08', 1, '', '', '', ''),
('8946535195d5662faf011e6090166947', 'iip.rohima', 'af2bdbe1aa9b6ec1e2ade1d694f41fc71a831d0268e9891562113d8a62add1bf', 'IIp', 'Rohima', 'jukumari@processmaker.com', '2020-08-16', '2019-08-16 08:02:02', '2019-08-16 08:02:02', 1, '', '', '', ''),
('8997789975d3fb079f12be9078658180', 'joey.cabadin', 'c6c1f0e4b44ff6e8d05b1e43205507a4e5216bcb16b987d063810989056bf983', 'Joey', 'Cabadin', 'jukumari@processmaker.com', '2020-07-30', '2019-07-30 02:50:33', '2019-08-01 05:12:40', 1, '', '', '', ''),
('9070695965d3faf9b2cc299002226454', 'daryll.castro', 'af2bdbe1aa9b6ec1e2ade1d694f41fc71a831d0268e9891562113d8a62add1bf', 'Daryll', 'Castro', 'jukumari@processmaker.com', '2020-07-30', '2019-07-30 02:46:51', '2019-07-30 02:54:24', 1, '', '', '', ''),
('9122158895d3fb3e813e6c8050519838', 'henry.flores', 'd9e6cc045e45c60d35ba31b74ea55ef7a92cda26b73a06ad081df33f880d39fb', 'Henry', 'Flores', 'jukumari@processmaker.com', '2020-07-30', '2019-07-30 03:05:12', '2019-08-05 01:10:08', 1, '', '', '', ''),
('9342741515d56660ab93ae9033986900', 'samuel.hutabarat', 'af2bdbe1aa9b6ec1e2ade1d694f41fc71a831d0268e9891562113d8a62add1bf', 'Samuel', 'Hutabarat', 'jukumari@processmaker.com', '2020-08-16', '2019-08-16 08:15:06', '2019-08-16 08:15:06', 1, '', '', '', ''),
('9365292815c792b9072fda3097556850', 'dev1pm', '1fa83e79f516e13742c2c5fe51d12047b3d87d5526abda97bb853ef9091eb792', 'Developer1', 'ProcessMaker', 'jukumari@processmaker.com', '2020-03-01', '2019-03-01 12:54:40', '2019-03-28 19:43:45', 1, '', '', '', ''),
('9372259765d3fb29e806798081160447', 'leovino.alvarez', 'af2bdbe1aa9b6ec1e2ade1d694f41fc71a831d0268e9891562113d8a62add1bf', 'Leovino', 'Alvarez', 'jukumari@processmaker.com', '2020-07-30', '2019-07-30 02:59:42', '2019-07-30 02:59:42', 1, '', '', '', ''),
('9547519345ca4b60b08cd27063022816', 'test', '8c6976e5b5410415bde908bd4dee15dfb167a9c873fc4bb8a81f6f2ab448a918', 'test', 'test', 'jukumari@processmaker.com', '2020-04-03', '2019-04-03 13:32:59', '2019-04-03 17:43:34', 0, '', '', '', ''),
('9670424635d3fb5125b9952098291574', 'marco.liwanag', '1786e2b8bfc370b179b2f01f094a08fb7602910b7b677fadb59ce6d968ae67ea', 'Marco Polo', 'Liwanag', 'jukumari@processmaker.com', '2020-07-30', '2019-07-30 03:10:10', '2019-08-01 05:12:04', 1, '', '', '', ''),
('9688651985c9287fd6dd871096977822', 'crystal.wendel', 'af2bdbe1aa9b6ec1e2ade1d694f41fc71a831d0268e9891562113d8a62add1bf', 'Crystal', 'Wendel', 'jukumari@processmaker.com', '2020-03-20', '2019-03-20 18:35:41', '2019-07-25 21:30:39', 0, '', '', '', ''),
('9733734955bda5957591b88026488524', 'jayke.anderson', 'af2bdbe1aa9b6ec1e2ade1d694f41fc71a831d0268e9891562113d8a62add1bf', 'Jayke', 'Anderson', 'jukumari@processmaker.com', '2019-11-01', '2018-11-01 01:39:35', '2019-07-31 00:53:26', 1, '', '', '', ''),
('9946648105d5661fe376241087092671', 'ahmad.soleh', 'af2bdbe1aa9b6ec1e2ade1d694f41fc71a831d0268e9891562113d8a62add1bf', 'Ahmad', 'Soleh', 'jukumari@processmaker.com', '2020-08-16', '2019-08-16 07:57:50', '2019-08-16 07:57:50', 1, '', '', '', '');

-- --------------------------------------------------------

--
-- Table structure for table `RBAC_USERS_ROLES`
--

CREATE TABLE `RBAC_USERS_ROLES` (
  `USR_UID` varchar(32) NOT NULL DEFAULT '',
  `ROL_UID` varchar(32) NOT NULL DEFAULT ''
) ENGINE=InnoDB DEFAULT CHARSET=utf8 COMMENT='Roles of the users';

--
-- Dumping data for table `RBAC_USERS_ROLES`
--

INSERT INTO `RBAC_USERS_ROLES` (`USR_UID`, `ROL_UID`) VALUES
('00000000000000000000000000000001', '00000000000000000000000000000002'),
('00000000000000000000000000000002', '00000000000000000000000000000005'),
('1146057945d3faedb2e7c21078059895', '00000000000000000000000000000003'),
('1182703045d537516478f87046246804', '00000000000000000000000000000003'),
('1227721445cdfca786d89d9090542512', '00000000000000000000000000000003'),
('1231390205d3fb4e01f04f6087878040', '00000000000000000000000000000003'),
('1340473655d5665b8c88264082816832', '00000000000000000000000000000003'),
('1697020705d566366a4fad5087672895', '00000000000000000000000000000003'),
('1739965555d3fb3bc0321d3052430620', '00000000000000000000000000000003'),
('1869611455cdfce632a2279014922776', '00000000000000000000000000000003'),
('1989991545bda55b6d10632082797630', '00000000000000000000000000000002'),
('2049337045d56668f73de37027302004', '00000000000000000000000000000003'),
('2093925165d3fb32135f691068948951', '00000000000000000000000000000003'),
('2111915495d3fdaa6c7bfd2052497434', '00000000000000000000000000000004'),
('2554175045cdfc77f406325086501673', '00000000000000000000000000000003'),
('2693417175d3fb0feda35e7039543989', '00000000000000000000000000000003'),
('2855639345d56627e3f8489036206655', '00000000000000000000000000000003'),
('2856390745c792ba8eb0359090875314', '00000000000000000000000000000002'),
('3065051765d5365636020f4090660944', '00000000000000000000000000000004'),
('3271758435d3fb41606e330094073909', '00000000000000000000000000000003'),
('3379723005d3fb1974f8161050059451', '00000000000000000000000000000003'),
('3419054305d3fb00f664051020317401', '00000000000000000000000000000003'),
('3524852725d565e0a0239b0007445348', '00000000000000000000000000000003'),
('3578509695c8f4e2423a989058192977', '00000000000000000000000000000003'),
('3598706955d3fae80be9790014842879', '00000000000000000000000000000003'),
('3673074545d5663a94f3141037191568', '00000000000000000000000000000003'),
('3685603045c8f4dcb1ef9d9059890202', '00000000000000000000000000000004'),
('3745184045d3fb23a2f2454076865364', '00000000000000000000000000000003'),
('3930912035d3faf59b09902089462932', '00000000000000000000000000000003'),
('4260826805d3fb5389edd83076285094', '00000000000000000000000000000003'),
('4326164425d3fb1c56edc24051306598', '00000000000000000000000000000003'),
('4329610375d5662bdadebd4057853127', '00000000000000000000000000000003'),
('4761488705d3fb35a113365098753209', '00000000000000000000000000000003'),
('4848956625d5664cb1ded96045552819', '00000000000000000000000000000003'),
('5054254075c866080af6348028578652', '00000000000000000000000000000004'),
('5113640855d3fb444579492076828036', '00000000000000000000000000000003'),
('5562730065cdfc4c5588610026429241', '00000000000000000000000000000003'),
('5599593145d565dc26b0416091527599', '00000000000000000000000000000003'),
('5640199155d3fdb2985ef85050357369', '00000000000000000000000000000003'),
('5777808965ca51f4d3b85c7017355707', '00000000000000000000000000000003'),
('5920847225d3fb1f855c6b7050293073', '00000000000000000000000000000003'),
('5941327905d53663653cb83031459207', '00000000000000000000000000000004'),
('6146450595d3fb0479da195014124954', '00000000000000000000000000000003'),
('6261178115d3fe250ab9443085058305', '00000000000000000000000000000003'),
('6275750785d3fdb62451f08022724475', '00000000000000000000000000000004'),
('6344301225d3fe2181619a9065735923', '00000000000000000000000000000003'),
('6608302035d56610eeca133097238228', '00000000000000000000000000000003'),
('6734909165c8660b18cef85071846108', '00000000000000000000000000000004'),
('6990077575d3fb38a8a9393087566831', '00000000000000000000000000000003'),
('7039927345d5661b5e21f84023639041', '00000000000000000000000000000003'),
('7053762775d5375935c6c46037431490', '00000000000000000000000000000004'),
('7076284835d56647ac4cfe7066681939', '00000000000000000000000000000003'),
('7159891755d3fae51668710043461935', '00000000000000000000000000000003'),
('7180008005d43dea5ae51a4096201329', '00000000000000000000000000000003'),
('7201430585c928822686af3071843170', '00000000000000000000000000000003'),
('7293126885d3fb47c5227b1050208725', '00000000000000000000000000000003'),
('7474175465c8f4dac447234050977038', '00000000000000000000000000000004'),
('7475349035c8660efaf47f5052308797', '00000000000000000000000000000004'),
('7610292385c86612287c860012103391', '00000000000000000000000000000003'),
('7765270725d565d518fe1a6018454218', '00000000000000000000000000000003'),
('8197082355c8f4e086fff47015880419', '00000000000000000000000000000003'),
('8531349125d3fb4b1b00465087302011', '00000000000000000000000000000003'),
('8746855515c8f4dee1b4988096196525', '00000000000000000000000000000004'),
('8795794585d3fb2eb5fafc4022757526', '00000000000000000000000000000003'),
('8864665895d566648a93fb0088442728', '00000000000000000000000000000003'),
('8946535195d5662faf011e6090166947', '00000000000000000000000000000003'),
('8997789975d3fb079f12be9078658180', '00000000000000000000000000000003'),
('9070695965d3faf9b2cc299002226454', '00000000000000000000000000000003'),
('9122158895d3fb3e813e6c8050519838', '00000000000000000000000000000003'),
('9342741515d56660ab93ae9033986900', '00000000000000000000000000000003'),
('9365292815c792b9072fda3097556850', '00000000000000000000000000000002'),
('9372259765d3fb29e806798081160447', '00000000000000000000000000000003'),
('9547519345ca4b60b08cd27063022816', '00000000000000000000000000000003'),
('9670424635d3fb5125b9952098291574', '00000000000000000000000000000003'),
('9688651985c9287fd6dd871096977822', '00000000000000000000000000000003'),
('9733734955bda5957591b88026488524', '00000000000000000000000000000002'),
('9946648105d5661fe376241087092671', '00000000000000000000000000000003');

-- --------------------------------------------------------

--
-- Table structure for table `USERS`
--

CREATE TABLE `USERS` (
  `USR_UID` varchar(32) NOT NULL DEFAULT '',
  `USR_ID` int(11) NOT NULL,
  `USR_USERNAME` varchar(100) NOT NULL DEFAULT '',
  `USR_PASSWORD` varchar(128) NOT NULL DEFAULT '',
  `USR_FIRSTNAME` varchar(50) NOT NULL DEFAULT '',
  `USR_LASTNAME` varchar(50) NOT NULL DEFAULT '',
  `USR_EMAIL` varchar(100) NOT NULL DEFAULT '',
  `USR_DUE_DATE` date NOT NULL,
  `USR_CREATE_DATE` datetime NOT NULL,
  `USR_UPDATE_DATE` datetime NOT NULL,
  `USR_STATUS` varchar(32) NOT NULL DEFAULT 'ACTIVE',
  `USR_COUNTRY` varchar(3) NOT NULL DEFAULT '',
  `USR_CITY` varchar(3) NOT NULL DEFAULT '',
  `USR_LOCATION` varchar(3) NOT NULL DEFAULT '',
  `USR_ADDRESS` varchar(255) NOT NULL DEFAULT '',
  `USR_PHONE` varchar(24) NOT NULL DEFAULT '',
  `USR_FAX` varchar(24) NOT NULL DEFAULT '',
  `USR_CELLULAR` varchar(24) NOT NULL DEFAULT '',
  `USR_ZIP_CODE` varchar(16) NOT NULL DEFAULT '',
  `DEP_UID` varchar(32) NOT NULL DEFAULT '',
  `USR_POSITION` varchar(100) NOT NULL DEFAULT '',
  `USR_RESUME` varchar(100) NOT NULL DEFAULT '',
  `USR_BIRTHDAY` date DEFAULT NULL,
  `USR_ROLE` varchar(32) DEFAULT 'PROCESSMAKER_ADMIN',
  `USR_REPORTS_TO` varchar(32) DEFAULT '',
  `USR_REPLACED_BY` varchar(32) DEFAULT '',
  `USR_UX` varchar(128) DEFAULT 'NORMAL',
  `USR_COST_BY_HOUR` decimal(7,2) DEFAULT '0.00',
  `USR_UNIT_COST` varchar(50) DEFAULT '',
  `USR_PMDRIVE_FOLDER_UID` varchar(128) DEFAULT '',
  `USR_BOOKMARK_START_CASES` mediumtext,
  `USR_TIME_ZONE` varchar(100) DEFAULT '',
  `USR_DEFAULT_LANG` varchar(10) DEFAULT '',
  `USR_LAST_LOGIN` datetime DEFAULT NULL,
  `USR_STATUS_ID` int(11) DEFAULT '1'
) ENGINE=InnoDB DEFAULT CHARSET=utf8 COMMENT='Users';

--
-- Dumping data for table `USERS`
--

INSERT INTO `USERS` (`USR_UID`, `USR_ID`, `USR_USERNAME`, `USR_PASSWORD`, `USR_FIRSTNAME`, `USR_LASTNAME`, `USR_EMAIL`, `USR_DUE_DATE`, `USR_CREATE_DATE`, `USR_UPDATE_DATE`, `USR_STATUS`, `USR_COUNTRY`, `USR_CITY`, `USR_LOCATION`, `USR_ADDRESS`, `USR_PHONE`, `USR_FAX`, `USR_CELLULAR`, `USR_ZIP_CODE`, `DEP_UID`, `USR_POSITION`, `USR_RESUME`, `USR_BIRTHDAY`, `USR_ROLE`, `USR_REPORTS_TO`, `USR_REPLACED_BY`, `USR_UX`, `USR_COST_BY_HOUR`, `USR_UNIT_COST`, `USR_PMDRIVE_FOLDER_UID`, `USR_BOOKMARK_START_CASES`, `USR_TIME_ZONE`, `USR_DEFAULT_LANG`, `USR_LAST_LOGIN`, `USR_STATUS_ID`) VALUES
('00000000000000000000000000000001', 1, 'admin', '8c6976e5b5410415bde908bd4dee15dfb167a9c873fc4bb8a81f6f2ab448a918', 'Administrator', 'Admin', 'jukumari@processmaker.com', '2020-01-01', '1999-11-30 00:00:00', '2019-10-29 15:00:51', 'ACTIVE', 'AU', 'NS', 'SYD', '', '', '1-305-402-0282', '1-305-675-1400', '', '', 'Administrator', '', '1999-02-25', 'PROCESSMAKER_ADMIN', '', '', 'NORMAL', '0.00', '', '', NULL, 'America/Anguilla', '', '2019-10-29 15:00:51', 1),
('00000000000000000000000000000002', 2, 'guest', '674ba9750749d735ec9787d606170d78', 'Guest', ' ', 'jukumari@processmaker.com', '2030-01-01', '2009-02-01 12:24:36', '2009-02-01 12:24:36', 'INACTIVE', 'US', 'FL', 'MMK', '', '', '1-305-402-0282', '1-305-675-1400', '', '', 'Guest', '', '2009-02-01', 'PROCESSMAKER_GUEST', '', '', 'NORMAL', '0.00', '', '', NULL, '', '', NULL, 1),
('1146057945d3faedb2e7c21078059895', 26, 'jose.bolo', '00000000000000000000000000000000', 'Jose Jr.', 'Bolo', 'jukumari@processmaker.com', '2020-07-30', '2019-07-30 02:43:39', '2019-07-30 02:53:01', 'ACTIVE', 'PH', '', '', '', '', '', '', '', '', '', '', '2019-07-30', 'PROCESSMAKER_OPERATOR', '', '', 'NORMAL', '0.00', '', '', NULL, 'Asia/Manila', 'en', NULL, 1),
('1182703045d537516478f87046246804', 59, 'apriyansyah', '6c641d45d26ed97e095c0ce92fd408462ec41decd801ada4df5395860b96eec2', 'Apriyansyah', '.', 'jukumari@processmaker.com', '2020-08-14', '2019-08-14 02:42:30', '2019-08-16 08:33:54', 'ACTIVE', 'ID', '', '', '', '', '', '', '', '', '', '', '2019-08-14', 'PROCESSMAKER_OPERATOR', '', '', 'NORMAL', '0.00', '', '', NULL, 'Asia/Jakarta', 'en', '2019-08-14 06:04:54', 1),
('1227721445cdfca786d89d9090542512', 22, '', 'af2bdbe1aa9b6ec1e2ade1d694f41fc71a831d0268e9891562113d8a62add1bf', 'Jane', 'Doe', 'jukumari@processmaker.com', '2019-05-30', '2019-05-18 09:03:52', '2019-05-18 09:03:52', 'CLOSED', '', '', '', '', '', '', '', '', '', '', '', '2019-05-18', 'PROCESSMAKER_OPERATOR', '', '', 'NORMAL', '0.00', '', '', NULL, '', '', NULL, 1),
('1231390205d3fb4e01f04f6087878040', 48, 'charles.ramos', '00000000000000000000000000000000', 'Charles', 'Ramos', 'jukumari@processmaker.com', '2020-07-30', '2019-07-30 03:09:20', '2019-07-30 03:09:20', 'ACTIVE', 'PH', '', '', '', '', '', '', '', '', '', '', '2019-07-30', 'PROCESSMAKER_OPERATOR', '', '', 'NORMAL', '0.00', '', '', NULL, 'Asia/Manila', 'en', NULL, 1),
('1340473655d5665b8c88264082816832', 74, 'irfa.nugraha', '00000000000000000000000000000000', 'Irfa', 'Nugraha', 'jukumari@processmaker.com', '2020-08-16', '2019-08-16 08:13:44', '2019-08-16 08:13:44', 'ACTIVE', 'ID', '', '', '', '', '', '', '', '', '', '', '2019-08-16', 'PROCESSMAKER_OPERATOR', '', '', 'NORMAL', '0.00', '', '', NULL, 'Asia/Jakarta', 'en', NULL, 1),
('1697020705d566366a4fad5087672895', 70, 'miftakhul.amin', '00000000000000000000000000000000', 'Miftakhul', 'Amin', 'jukumari@processmaker.com', '2020-08-16', '2019-08-16 08:03:50', '2019-08-16 08:03:50', 'ACTIVE', 'ID', '', '', '', '', '', '', '', '', '', '', '2019-08-16', 'PROCESSMAKER_OPERATOR', '', '', 'NORMAL', '0.00', '', '', NULL, 'Asia/Jakarta', 'en', NULL, 1),
('1739965555d3fb3bc0321d3052430620', 42, 'ranel.sibugan', '0522a55e2d5f0993a3d66d28864b2862a7218a75ea7968b075333434404485c3', 'Ranel Ceazar', 'Sibugan', 'jukumari@processmaker.com', '2020-07-30', '2019-07-30 03:04:28', '2019-08-01 05:23:48', 'ACTIVE', 'PH', '', '', '', '', '', '', '', '', '', '', '2019-07-30', 'PROCESSMAKER_OPERATOR', '', '', 'NORMAL', '0.00', '', '', NULL, 'Asia/Manila', 'en', NULL, 1),
('1869611455cdfce632a2279014922776', 23, '', 'af2bdbe1aa9b6ec1e2ade1d694f41fc71a831d0268e9891562113d8a62add1bf', 'Jane', 'Doe', 'jukumari@processmaker.com', '2019-05-30', '2019-05-18 09:20:35', '2019-05-18 09:20:35', 'CLOSED', '', '', '', '', '', '', '', '', '', '', '', '2019-05-18', 'PROCESSMAKER_OPERATOR', '', '', 'NORMAL', '0.00', '', '', NULL, '', '', NULL, 1),
('1989991545bda55b6d10632082797630', 3, 'kevin.armstrong', 'af2bdbe1aa9b6ec1e2ade1d694f41fc71a831d0268e9891562113d8a62add1bf', 'Kevin', 'Armstrong', 'jukumari@processmaker.com', '2019-11-01', '2018-11-01 01:24:06', '2019-08-16 09:24:51', 'ACTIVE', 'TH', '', 'BKK', 'armstrong.kevin@knauf.co.th', '', '', '', '', '', '', '', '2018-11-01', 'PROCESSMAKER_ADMIN', '', '', 'NORMAL', '0.00', '', '', NULL, 'Asia/Bangkok', 'en', '2019-08-16 09:24:51', 1),
('2049337045d56668f73de37027302004', 77, 'hendra', '00000000000000000000000000000000', 'Hendra', '.', 'jukumari@processmaker.com', '2020-08-16', '2019-08-16 08:17:19', '2019-08-16 08:17:19', 'ACTIVE', 'ID', '', '', '', '', '', '', '', '', '', '', '2019-08-16', 'PROCESSMAKER_OPERATOR', '', '', 'NORMAL', '0.00', '', '', NULL, 'Asia/Jakarta', 'en', NULL, 1),
('2093925165d3fb32135f691068948951', 39, 'porfirio.banaag', 'd3f07d88abc61affa1f244b8f6a2bdb1467d55d2303ec605824f836721c8e877', 'Porfirio', 'Banaag', 'jukumari@processmaker.com', '2020-07-30', '2019-07-30 03:01:53', '2019-08-01 05:12:15', 'ACTIVE', 'PH', '', '', '', '', '', '', '', '', '', '', '2019-07-30', 'PROCESSMAKER_OPERATOR', '', '', 'NORMAL', '0.00', '', '', NULL, 'Asia/Manila', 'en', '2019-08-01 05:27:18', 1),
('2111915495d3fdaa6c7bfd2052497434', 51, 'wayne.studdon', 'af2bdbe1aa9b6ec1e2ade1d694f41fc71a831d0268e9891562113d8a62add1bf', 'Wayne', 'Studdon', 'jukumari@processmaker.com', '2020-07-30', '2019-07-30 05:50:30', '2019-07-31 08:08:04', 'ACTIVE', 'TH', '', '', '', '', '', '', '', '', '', '', '2019-07-30', 'PROCESSMAKER_MANAGER', '', '', 'NORMAL', '0.00', '', '', NULL, 'Asia/Manila', 'en', '2019-07-31 06:58:45', 1),
('2554175045cdfc77f406325086501673', 21, '', 'af2bdbe1aa9b6ec1e2ade1d694f41fc71a831d0268e9891562113d8a62add1bf', 'Jane', 'Doe', 'jukumari@processmaker.com', '2019-05-30', '2019-05-18 08:51:11', '2019-05-18 08:51:11', 'CLOSED', '', '', '', '', '', '', '', '', '', '', '', '2019-05-18', 'PROCESSMAKER_OPERATOR', '', '', 'NORMAL', '0.00', '', '', NULL, '', '', NULL, 1),
('2693417175d3fb0feda35e7039543989', 32, 'paul.buller', '00000000000000000000000000000000', 'Paul', 'Buller', 'jukumari@processmaker.com', '2020-07-30', '2019-07-30 02:52:46', '2019-07-30 02:52:46', 'ACTIVE', 'PH', '', '', '', '', '', '', '', '', '', '', '2019-07-30', 'PROCESSMAKER_OPERATOR', '', '', 'NORMAL', '0.00', '', '', NULL, 'Asia/Manila', 'en', NULL, 1),
('2855639345d56627e3f8489036206655', 67, 'ahmad.jasul', '00000000000000000000000000000000', 'Ahmad', 'jasul', 'jukumari@processmaker.com', '2020-08-16', '2019-08-16 07:59:58', '2019-08-16 07:59:58', 'ACTIVE', 'ID', '', '', '', '', '', '', '', '', '', '', '2019-08-16', 'PROCESSMAKER_OPERATOR', '', '', 'NORMAL', '0.00', '', '', NULL, 'Asia/Jakarta', 'en', NULL, 1),
('2856390745c792ba8eb0359090875314', 6, 'dev2pm', 'af2bdbe1aa9b6ec1e2ade1d694f41fc71a831d0268e9891562113d8a62add1bf', 'Developer2', 'ProcessMaker', 'jukumari@processmaker.com', '2020-03-01', '2019-03-01 12:55:04', '2019-08-16 09:26:40', 'ACTIVE', '', '', '', 'edgardo@processmaker.com', '', '', '', '', '', '', '', '2019-03-01', 'PROCESSMAKER_ADMIN', '', '', 'NORMAL', '0.00', '', '', NULL, 'Antarctica/Davis', 'en', '2019-08-16 09:26:40', 1),
('3065051765d5365636020f4090660944', 57, 'sandy.basuki', 'fb7144c2389c2c0742ddf492b589fd045a0920595db7145ae4641035929d994d', 'Sandy', 'Basuki', 'jukumari@processmaker.com', '2020-08-14', '2019-08-14 01:35:31', '2019-08-16 07:24:02', 'ACTIVE', 'ID', '', '', '', '', '', '', '', '', '', '', '2019-08-14', 'PROCESSMAKER_MANAGER', '', '', 'NORMAL', '0.00', '', '', NULL, 'Asia/Jakarta', 'en', '2019-08-14 07:06:00', 1),
('3271758435d3fb41606e330094073909', 44, 'rachel.aldovino', '00000000000000000000000000000000', 'Rachel', 'Aldovino', 'jukumari@processmaker.com', '2020-07-30', '2019-07-30 03:05:58', '2019-07-30 03:05:58', 'ACTIVE', 'PH', '', '', '', '', '', '', '', '', '', '', '2019-07-30', 'PROCESSMAKER_OPERATOR', '', '', 'NORMAL', '0.00', '', '', NULL, 'Asia/Manila', 'en', NULL, 1),
('3379723005d3fb1974f8161050059451', 33, 'jeffrey.rodenas', '7f0300240d0aee1716f258f2e92b7f408e813c89992996647d814c348de11018', 'Jeffrey', 'Rodenas', 'jukumari@processmaker.com', '2020-07-30', '2019-07-30 02:55:19', '2019-08-01 05:12:04', 'ACTIVE', 'PH', '', '', '', '', '', '', '', '', '', '', '2019-07-30', 'PROCESSMAKER_OPERATOR', '', '', 'NORMAL', '0.00', '', '', NULL, 'Asia/Manila', 'en', '2019-08-01 05:25:10', 1),
('3419054305d3fb00f664051020317401', 29, 'exuper.manalo', '9714e2ca440f915e247d94d814f60e8ac4726e4109139c671aa362011708c590', 'Exuper Cleth', 'Manalo', 'jukumari@processmaker.com', '2020-07-30', '2019-07-30 02:48:47', '2019-08-01 05:12:15', 'ACTIVE', 'PH', '', '', '', '', '', '', '', '', '', '', '2019-07-30', 'PROCESSMAKER_OPERATOR', '', '', 'NORMAL', '0.00', '', '', NULL, 'Asia/Manila', 'en', '2019-08-01 06:45:25', 1),
('3524852725d565e0a0239b0007445348', 63, 'yoice.perdanayanti', '00000000000000000000000000000000', 'Yoice', 'Perdanayanti', 'jukumari@processmaker.com', '2020-08-16', '2019-08-16 07:40:58', '2019-08-16 07:40:58', 'ACTIVE', 'ID', '', '', '', '', '', '', '', '', '', '', '2019-08-16', 'PROCESSMAKER_OPERATOR', '', '', 'NORMAL', '0.00', '', '', NULL, 'Asia/Jakarta', 'en', NULL, 1),
('3578509695c8f4e2423a989058192977', 15, 'les.triffet', '00000000000000000000000000000000', 'Les', 'Triffet', 'jukumari@processmaker.com', '2020-03-18', '2019-03-18 07:52:04', '2019-07-25 21:29:40', 'INACTIVE', '', '', '', 'jayke.anderson@knauf.com.au', '', '', '', '', '', '', '', '2019-03-18', 'PROCESSMAKER_OPERATOR', '', '', 'NORMAL', '0.00', '', '', NULL, 'America/Anguilla', 'en', '2019-05-30 22:48:22', 1),
('3598706955d3fae80be9790014842879', 25, 'aristeo.baloja', '00000000000000000000000000000000', 'Aristeo', 'Baloja', 'jukumari@processmaker.com', '2020-07-30', '2019-07-30 02:42:08', '2019-07-30 02:53:22', 'ACTIVE', 'PH', '', '', '', '', '', '', '', '', '', '', '2019-07-30', 'PROCESSMAKER_OPERATOR', '', '', 'NORMAL', '0.00', '', '', NULL, 'Asia/Manila', 'en', NULL, 1),
('3673074545d5663a94f3141037191568', 71, 'nikmatulloh.Rifai', '00000000000000000000000000000000', 'Nikmatulloh', 'Rifai', 'jukumari@processmaker.com', '2020-08-16', '2019-08-16 08:04:57', '2019-08-16 08:04:57', 'ACTIVE', 'ID', '', '', '', '', '', '', '', '', '', '', '2019-08-16', 'PROCESSMAKER_OPERATOR', '', '', 'NORMAL', '0.00', '', '', NULL, 'Asia/Jakarta', 'en', NULL, 1),
('3685603045c8f4dcb1ef9d9059890202', 12, 'kathryn.walker', '00000000000000000000000000000000', 'Kathryn', 'Walker', 'jukumari@processmaker.com', '2020-03-18', '2019-03-18 07:50:35', '2019-07-25 21:29:50', 'ACTIVE', '', '', '', 'jayke.anderson@knauf.com.au', '', '', '', '', '', '', '', '2019-03-18', 'PROCESSMAKER_MANAGER', '', '', 'NORMAL', '0.00', '', '', NULL, 'Australia/Sydney', 'en', '2019-07-04 03:01:54', 1),
('3745184045d3fb23a2f2454076865364', 36, 'rolando.dullavin', '00000000000000000000000000000000', 'Rolando', 'Dullavin', 'jukumari@processmaker.com', '2020-07-30', '2019-07-30 02:58:02', '2019-07-30 02:58:02', 'ACTIVE', 'PH', '', '', '', '', '', '', '', '', '', '', '2019-07-30', 'PROCESSMAKER_OPERATOR', '', '', 'NORMAL', '0.00', '', '', NULL, 'Asia/Manila', 'en', NULL, 1),
('3930912035d3faf59b09902089462932', 27, 'jocelyn.pinay', 'af2bdbe1aa9b6ec1e2ade1d694f41fc71a831d0268e9891562113d8a62add1bf', 'Jocelyn', 'Pinay', 'jukumari@processmaker.com', '2020-07-30', '2019-07-30 02:45:45', '2019-08-16 15:04:08', 'ACTIVE', 'PH', '', '', '', '', '', '', '', '', '', '', '2019-07-30', 'PROCESSMAKER_OPERATOR', '', '', 'NORMAL', '0.00', '', '', NULL, 'America/Anguilla', 'en', '2019-08-16 15:04:08', 1),
('4260826805d3fb5389edd83076285094', 50, 'aleksei.mikhailov', 'af2bdbe1aa9b6ec1e2ade1d694f41fc71a831d0268e9891562113d8a62add1bf', 'Aleksei', 'Mikhailov', 'jukumari@processmaker.com', '2020-07-30', '2019-07-30 03:10:48', '2019-10-29 00:08:28', 'ACTIVE', 'PH', '', '', '', '', '', '', '', '', '', '', '2019-07-30', 'PROCESSMAKER_OPERATOR', '', '', 'NORMAL', '0.00', '', '', NULL, 'Asia/Manila', 'en', '2019-08-01 05:25:12', 1),
('4326164425d3fb1c56edc24051306598', 34, 'crissia.alonzo', '00000000000000000000000000000000', 'Crissia', 'Alonzo', 'jukumari@processmaker.com', '2020-07-30', '2019-07-30 02:56:05', '2019-07-30 02:56:05', 'ACTIVE', 'PH', '', '', '', '', '', '', '', '', '', '', '2019-07-30', 'PROCESSMAKER_OPERATOR', '', '', 'NORMAL', '0.00', '', '', NULL, 'Asia/Manila', 'en', NULL, 1),
('4329610375d5662bdadebd4057853127', 68, 'yusup.ruckman', '00000000000000000000000000000000', 'Yusup', 'Ruckman', 'jukumari@processmaker.com', '2020-08-16', '2019-08-16 08:01:01', '2019-08-16 08:01:01', 'ACTIVE', 'ID', '', '', '', '', '', '', '', '', '', '', '2019-08-16', 'PROCESSMAKER_OPERATOR', '', '', 'NORMAL', '0.00', '', '', NULL, 'Asia/Jakarta', 'en', NULL, 1),
('4761488705d3fb35a113365098753209', 40, 'aldrian.mendoza', 'af2bdbe1aa9b6ec1e2ade1d694f41fc71a831d0268e9891562113d8a62add1bf', 'Aldrian', 'Mendoza', 'jukumari@processmaker.com', '2020-07-30', '2019-07-30 03:02:50', '2019-10-28 23:52:41', 'ACTIVE', 'PH', '', '', '', '', '', '', '', '', '', '', '2019-07-30', 'PROCESSMAKER_OPERATOR', '', '', 'NORMAL', '0.00', '', '', NULL, 'America/Anguilla', 'en', '2019-10-28 23:52:41', 1),
('4848956625d5664cb1ded96045552819', 73, 'suhartono.salim', '00000000000000000000000000000000', 'Suhartono', 'Salim', 'jukumari@processmaker.com', '2020-08-16', '2019-08-16 08:09:47', '2019-08-16 08:09:47', 'ACTIVE', 'ID', '', '', '', '', '', '', '', '', '', '', '2019-08-16', 'PROCESSMAKER_OPERATOR', '', '', 'NORMAL', '0.00', '', '', NULL, 'Asia/Jakarta', 'en', NULL, 1),
('5054254075c866080af6348028578652', 7, 'steve.bean', 'af2bdbe1aa9b6ec1e2ade1d694f41fc71a831d0268e9891562113d8a62add1bf', 'Steve', 'Bean', 'jukumari@processmaker.com', '2020-03-11', '2019-03-11 13:20:00', '2019-07-25 21:29:58', 'ACTIVE', '', '', '', 'jayke.anderson@knauf.com.au', '', '', '', '', '', '', '', '2019-03-11', 'PROCESSMAKER_MANAGER', '', '', 'NORMAL', '0.00', '', '', NULL, 'America/Anguilla', 'en', '2019-07-24 03:38:16', 1),
('5113640855d3fb444579492076828036', 45, 'kathleen.sagutin', '310fe4caf555c82a9202095c54c7e6ec52b835e9b189d810b8ae2f1a052e26f1', 'Kathleen', 'Sagutin', 'jukumari@processmaker.com', '2020-07-30', '2019-07-30 03:06:44', '2019-08-01 05:11:57', 'ACTIVE', 'PH', '', '', '', '', '', '', '', '', '', '', '2019-07-30', 'PROCESSMAKER_OPERATOR', '', '', 'NORMAL', '0.00', '', '', NULL, 'Asia/Manila', 'en', '2019-08-01 05:21:22', 1),
('5562730065cdfc4c5588610026429241', 20, '', 'af2bdbe1aa9b6ec1e2ade1d694f41fc71a831d0268e9891562113d8a62add1bf', 'Jane', 'Doe', 'jukumari@processmaker.com', '2019-05-30', '2019-05-18 08:39:33', '2019-05-18 08:39:33', 'CLOSED', '', '', '', '', '', '', '', '', '', '', '', '2019-05-18', 'PROCESSMAKER_OPERATOR', '', '', 'NORMAL', '0.00', '', '', NULL, '', '', NULL, 1),
('5599593145d565dc26b0416091527599', 62, 'endang.wigiarti', '00000000000000000000000000000000', 'Endang', 'Wigiarti', 'jukumari@processmaker.com', '2020-08-16', '2019-08-16 07:39:46', '2019-08-16 07:39:46', 'ACTIVE', 'ID', '', '', '', '', '', '', '', '', '', '', '2019-08-16', 'PROCESSMAKER_OPERATOR', '', '', 'NORMAL', '0.00', '', '', NULL, 'Asia/Jakarta', 'en', NULL, 1),
('5640199155d3fdb2985ef85050357369', 52, 'kevin.vanaerle', '00000000000000000000000000000000', 'Kevin', 'VanAerle', 'jukumari@processmaker.com', '2020-07-30', '2019-07-30 05:52:41', '2019-07-30 05:52:41', 'ACTIVE', 'TH', '', '', '', '', '', '', '', '', '', '', '2019-07-30', 'PROCESSMAKER_OPERATOR', '', '', 'NORMAL', '0.00', '', '', NULL, 'Asia/Bangkok', 'en', NULL, 1),
('5777808965ca51f4d3b85c7017355707', 19, '', '00000000000000000000000000000000', 'Pedro', 'Silva', 'jukumari@processmaker.com', '2020-04-03', '2019-04-03 21:02:05', '2019-04-03 21:02:05', 'CLOSED', '', '', '', '', '', '', '', '', '', '', '', '2019-04-03', 'PROCESSMAKER_OPERATOR', '', '', 'NORMAL', '0.00', '', '', NULL, 'America/New_York', 'en', NULL, 1),
('5920847225d3fb1f855c6b7050293073', 35, 'lenie.morte', '00000000000000000000000000000000', 'Lenie Rose', 'Morte', 'jukumari@processmaker.com', '2020-07-30', '2019-07-30 02:56:56', '2019-07-30 02:56:56', 'ACTIVE', 'PH', '', '', '', '', '', '', '', '', '', '', '2019-07-30', 'PROCESSMAKER_OPERATOR', '', '', 'NORMAL', '0.00', '', '', NULL, 'Asia/Manila', 'en', NULL, 1),
('5941327905d53663653cb83031459207', 58, 'dwi.lestari', '871dc6af697b436aae9313963651e09b8d47bd6e05f952ce80ff32e37d9e4c3e', 'Dwi', 'Lestari', 'jukumari@processmaker.com', '2020-08-14', '2019-08-14 01:39:02', '2019-08-16 07:24:48', 'ACTIVE', 'ID', '', '', '', '', '', '', '', '', '', '', '2019-08-14', 'PROCESSMAKER_MANAGER', '', '', 'NORMAL', '0.00', '', '', NULL, 'Asia/Jakarta', 'en', '2019-08-14 08:09:14', 1),
('6146450595d3fb0479da195014124954', 30, 'ronald.lacsamana', '017be0cbe0d440c7b40c39152c41b51cf10d8fcb6f2a8cebbbd0cea273a69a1a', 'Ronald', 'Lacsamana', 'jukumari@processmaker.com', '2020-07-30', '2019-07-30 02:49:43', '2019-08-01 05:12:25', 'ACTIVE', 'PH', '', '', '', '', '', '', '', '', '', '', '2019-07-30', 'PROCESSMAKER_OPERATOR', '', '', 'NORMAL', '0.00', '', '', NULL, 'Asia/Manila', 'en', '2019-08-01 06:45:38', 1),
('6261178115d3fe250ab9443085058305', 55, 'io.sarmiento', 'af2bdbe1aa9b6ec1e2ade1d694f41fc71a831d0268e9891562113d8a62add1bf', 'Io', 'Sarmiento', 'jukumari@processmaker.com', '2020-07-30', '2019-07-30 06:23:12', '2019-08-16 15:14:59', 'ACTIVE', 'PH', '', '', '', '', '', '', '', '', '', '', '2019-07-30', 'PROCESSMAKER_OPERATOR', '', '', 'NORMAL', '0.00', '', '', NULL, 'America/Anguilla', 'en', '2019-08-16 15:14:59', 1),
('6275750785d3fdb62451f08022724475', 53, 'leo.alarcon', 'af2bdbe1aa9b6ec1e2ade1d694f41fc71a831d0268e9891562113d8a62add1bf', 'Leonel', 'Alarcon', 'jukumari@processmaker.com', '2020-07-30', '2019-07-30 05:53:38', '2019-08-02 07:45:18', 'ACTIVE', 'TH', '', '', '', '', '', '', '', '', '', '', '2019-07-30', 'PROCESSMAKER_MANAGER', '', '', 'NORMAL', '0.00', '', '', NULL, 'Asia/Bangkok', 'en', NULL, 1),
('6344301225d3fe2181619a9065735923', 54, 'mich.delarosa', '00000000000000000000000000000000', 'Mich', 'Dela Rosa', 'jukumari@processmaker.com', '2020-07-30', '2019-07-30 06:22:16', '2019-07-30 06:22:16', 'ACTIVE', 'PH', '', '', '', '', '', '', '', '', '', '', '2019-07-30', 'PROCESSMAKER_OPERATOR', '', '', 'NORMAL', '0.00', '', '', NULL, 'Asia/Manila', 'en', NULL, 1),
('6608302035d56610eeca133097238228', 64, 'guzali.bambang', '00000000000000000000000000000000', 'Khoe Guzali', 'Bambang', 'jukumari@processmaker.com', '2020-08-16', '2019-08-16 07:53:50', '2019-08-16 08:33:34', 'ACTIVE', 'ID', '', '', '', '', '', '', '', '', '', '', '2019-08-16', 'PROCESSMAKER_OPERATOR', '', '', 'NORMAL', '0.00', '', '', NULL, 'Asia/Jakarta', 'en', NULL, 1),
('6734909165c8660b18cef85071846108', 8, 'gavin.burton', 'af2bdbe1aa9b6ec1e2ade1d694f41fc71a831d0268e9891562113d8a62add1bf', 'Gavin', 'Burton', 'jukumari@processmaker.com', '2020-03-11', '2019-03-11 13:20:49', '2019-07-25 21:30:08', 'ACTIVE', '', '', '', 'jayke.anderson@knauf.com.au', '', '', '', '', '', '', '', '2019-03-11', 'PROCESSMAKER_MANAGER', '', '', 'NORMAL', '0.00', '', '', NULL, 'America/Anguilla', 'en', '2019-07-10 19:20:46', 1),
('6990077575d3fb38a8a9393087566831', 41, 'emmy.bejo', '00000000000000000000000000000000', 'Emmy', 'Bejo', 'jukumari@processmaker.com', '2020-07-30', '2019-07-30 03:03:38', '2019-07-30 03:03:38', 'ACTIVE', 'PH', '', '', '', '', '', '', '', '', '', '', '2019-07-30', 'PROCESSMAKER_OPERATOR', '', '', 'NORMAL', '0.00', '', '', NULL, 'Asia/Manila', 'en', NULL, 1),
('7039927345d5661b5e21f84023639041', 65, 'ratna.yuli', '00000000000000000000000000000000', 'Ratna Yuli', 'Ariyani', 'jukumari@processmaker.com', '2020-08-16', '2019-08-16 07:56:37', '2019-08-16 07:56:37', 'ACTIVE', 'ID', '', '', '', '', '', '', '', '', '', '', '2019-08-16', 'PROCESSMAKER_OPERATOR', '', '', 'NORMAL', '0.00', '', '', NULL, 'Asia/Jakarta', 'en', NULL, 1),
('7053762775d5375935c6c46037431490', 60, 'rama.krishnan', 'b96a287d713495da74ad11351ababe973442ed79130801f679a7d5838be82816', 'Rama', 'Krishnan', 'jukumari@processmaker.com', '2020-08-14', '2019-08-14 02:44:35', '2019-08-16 07:24:19', 'ACTIVE', 'ID', '', '', '', '', '', '', '', '', '', '', '2019-08-14', 'PROCESSMAKER_MANAGER', '', '', 'NORMAL', '0.00', '', '', NULL, 'Antarctica/Davis', 'en', '2019-08-14 06:25:45', 1),
('7076284835d56647ac4cfe7066681939', 72, 'boedhi.santoso', '00000000000000000000000000000000', 'Boedhi', 'Santoso', 'jukumari@processmaker.com', '2020-08-16', '2019-08-16 08:08:26', '2019-08-16 08:08:26', 'ACTIVE', 'ID', '', '', '', '', '', '', '', '', '', '', '2019-08-16', 'PROCESSMAKER_OPERATOR', '', '', 'NORMAL', '0.00', '', '', NULL, 'Asia/Jakarta', 'en', NULL, 1),
('7159891755d3fae51668710043461935', 24, 'joanna.castillo', '00000000000000000000000000000000', 'Joanna Mary', 'Castillo', 'jukumari@processmaker.com', '2020-07-30', '2019-07-30 02:41:21', '2019-07-30 02:53:58', 'ACTIVE', 'PH', '', '', '', '', '', '', '', '', '', '', '2019-07-30', 'PROCESSMAKER_OPERATOR', '', '', 'NORMAL', '0.00', '', '', NULL, 'Asia/Manila', 'en', NULL, 1),
('7180008005d43dea5ae51a4096201329', 56, 'oliver.moral', '00000000000000000000000000000000', 'Oliver', 'Moral', 'jukumari@processmaker.com', '2020-08-02', '2019-08-02 06:56:37', '2019-08-02 06:57:31', 'ACTIVE', 'PH', '', '', '', '', '', '', '', '', '', '', '2019-08-02', 'PROCESSMAKER_OPERATOR', '', '', 'NORMAL', '0.00', '', '', NULL, 'Asia/Manila', 'en', NULL, 1),
('7201430585c928822686af3071843170', 17, 'john.smith', '00000000000000000000000000000000', 'John', 'Smith', 'jukumari@processmaker.com', '2020-03-20', '2019-03-20 18:36:18', '2019-03-28 19:39:16', 'INACTIVE', '', '', '', '', '', '', '', '', '', '', '', '2019-03-20', 'PROCESSMAKER_OPERATOR', '', '', 'NORMAL', '0.00', '', '', NULL, 'America/New_York', 'en', NULL, 1),
('7293126885d3fb47c5227b1050208725', 46, 'ivy.leobonchiong', '00000000000000000000000000000000', 'Ivy Grace', 'Leobonchiong', 'jukumari@processmaker.com', '2020-07-30', '2019-07-30 03:07:40', '2019-07-30 03:07:40', 'ACTIVE', 'PH', '', '', '', '', '', '', '', '', '', '', '2019-07-30', 'PROCESSMAKER_OPERATOR', '', '', 'NORMAL', '0.00', '', '', NULL, 'Asia/Manila', 'en', NULL, 1),
('7474175465c8f4dac447234050977038', 11, 'martin.obrien', '00000000000000000000000000000000', 'Martin', 'O\'Brien', 'jukumari@processmaker.com', '2020-03-18', '2019-03-18 07:50:04', '2019-07-25 21:30:20', 'ACTIVE', '', '', '', 'jayke.anderson@knauf.com.au', '', '', '', '', '', '', '', '2019-03-18', 'PROCESSMAKER_MANAGER', '', '', 'NORMAL', '0.00', '', '', NULL, 'Australia/Brisbane', 'en', '2019-08-07 01:06:31', 1),
('7475349035c8660efaf47f5052308797', 9, 'andy.rylance', 'af2bdbe1aa9b6ec1e2ade1d694f41fc71a831d0268e9891562113d8a62add1bf', 'Andy', 'Rylance', 'jukumari@processmaker.com', '2020-03-11', '2019-03-11 13:21:51', '2019-10-29 15:13:34', 'ACTIVE', '', '', '', 'jayke.anderson@knauf.com.au', '', '', '', '', '', '', '', '2019-03-11', 'PROCESSMAKER_MANAGER', '', '', 'NORMAL', '0.00', '', '', NULL, 'America/Anguilla', 'en', '2019-10-29 15:13:34', 1),
('7610292385c86612287c860012103391', 10, 'murray.read', 'af2bdbe1aa9b6ec1e2ade1d694f41fc71a831d0268e9891562113d8a62add1bf', 'Murray', 'Read', 'jukumari@processmaker.com', '2020-03-11', '2019-03-11 13:22:42', '2019-07-31 00:55:37', 'ACTIVE', '', '', '', 'jayke.anderson@knauf.com.au', '', '', '', '', '', '', '', '2019-03-11', 'PROCESSMAKER_OPERATOR', '', '', 'NORMAL', '0.00', '', '', NULL, 'America/Anguilla', 'en', '2019-07-24 03:36:29', 1),
('7765270725d565d518fe1a6018454218', 61, 'endah.padmiwiyati', '00000000000000000000000000000000', 'Endah', 'Padmiwiyati', 'jukumari@processmaker.com', '2020-08-16', '2019-08-16 07:37:53', '2019-08-16 07:37:53', 'ACTIVE', 'ID', '', '', '', '', '', '', '', '', '', '', '2019-08-16', 'PROCESSMAKER_OPERATOR', '', '', 'NORMAL', '0.00', '', '', NULL, 'Asia/Jakarta', 'en', NULL, 1),
('8197082355c8f4e086fff47015880419', 14, 'greg.bartlett', '00000000000000000000000000000000', 'Greg', 'Bartlett', 'jukumari@processmaker.com', '2020-03-18', '2019-03-18 07:51:36', '2019-07-25 21:31:21', 'INACTIVE', '', '', '', 'jayke.anderson@knauf.com.au', '', '', '', '', '', '', '', '2019-03-18', 'PROCESSMAKER_OPERATOR', '', '', 'NORMAL', '0.00', '', '', NULL, 'America/Anguilla', 'en', '2019-05-30 22:12:40', 1),
('8531349125d3fb4b1b00465087302011', 47, 'charlene.bonalos', '00000000000000000000000000000000', 'Charlene Adele', 'Bonalos', 'jukumari@processmaker.com', '2020-07-30', '2019-07-30 03:08:33', '2019-07-30 03:08:33', 'ACTIVE', 'PH', '', '', '', '', '', '', '', '', '', '', '2019-07-30', 'PROCESSMAKER_OPERATOR', '', '', 'NORMAL', '0.00', '', '', NULL, 'Asia/Manila', 'en', NULL, 1),
('8746855515c8f4dee1b4988096196525', 13, 'adrian.kleitz', '00000000000000000000000000000000', 'Adrian', 'Kleitz', 'jukumari@processmaker.com', '2020-03-18', '2019-03-18 07:51:10', '2019-07-25 21:30:49', 'INACTIVE', '', '', '', 'jayke.anderson@knauf.com.au', '', '', '', '', '', '', '', '2019-03-18', 'PROCESSMAKER_MANAGER', '', '', 'NORMAL', '0.00', '', '', NULL, 'Antarctica/DumontDUrville', 'en', '2019-07-19 04:18:56', 1),
('8795794585d3fb2eb5fafc4022757526', 38, 'levi.mortel', '00000000000000000000000000000000', 'Levi', 'Mortel', 'jukumari@processmaker.com', '2020-07-30', '2019-07-30 03:00:59', '2019-07-30 03:00:59', 'ACTIVE', 'PH', '', '', '', '', '', '', '', '', '', '', '2019-07-30', 'PROCESSMAKER_OPERATOR', '', '', 'NORMAL', '0.00', '', '', NULL, 'Asia/Manila', 'en', NULL, 1),
('8864665895d566648a93fb0088442728', 76, 'denny.chrysmianto', '00000000000000000000000000000000', 'denny', 'Chrysmianto', 'jukumari@processmaker.com', '2020-08-16', '2019-08-16 08:16:08', '2019-08-16 08:16:08', 'ACTIVE', 'ID', '', '', '', '', '', '', '', '', '', '', '2019-08-16', 'PROCESSMAKER_OPERATOR', '', '', 'NORMAL', '0.00', '', '', NULL, 'Asia/Jakarta', 'en', NULL, 1),
('8946535195d5662faf011e6090166947', 69, 'iip.rohima', '00000000000000000000000000000000', 'IIp', 'Rohima', 'jukumari@processmaker.com', '2020-08-16', '2019-08-16 08:02:02', '2019-08-16 08:02:02', 'ACTIVE', 'ID', '', '', '', '', '', '', '', '', '', '', '2019-08-16', 'PROCESSMAKER_OPERATOR', '', '', 'NORMAL', '0.00', '', '', NULL, 'Asia/Jakarta', 'en', NULL, 1),
('8997789975d3fb079f12be9078658180', 31, 'joey.cabadin', 'c6c1f0e4b44ff6e8d05b1e43205507a4e5216bcb16b987d063810989056bf983', 'Joey', 'Cabadin', 'jukumari@processmaker.com', '2020-07-30', '2019-07-30 02:50:33', '2019-08-01 05:12:40', 'ACTIVE', 'PH', '', '', '', '', '', '', '', '', '', '', '2019-07-30', 'PROCESSMAKER_OPERATOR', '', '', 'NORMAL', '0.00', '', '', NULL, 'Asia/Manila', 'en', '2019-08-01 05:25:37', 1),
('9070695965d3faf9b2cc299002226454', 28, 'daryll.castro', '00000000000000000000000000000000', 'Daryll', 'Castro', 'jukumari@processmaker.com', '2020-07-30', '2019-07-30 02:46:51', '2019-07-30 02:54:24', 'ACTIVE', 'PH', '', '', '', '', '', '', '', '', '', '', '2019-07-30', 'PROCESSMAKER_OPERATOR', '', '', 'NORMAL', '0.00', '', '', NULL, 'Asia/Manila', 'en', NULL, 1),
('9122158895d3fb3e813e6c8050519838', 43, 'henry.flores', 'd9e6cc045e45c60d35ba31b74ea55ef7a92cda26b73a06ad081df33f880d39fb', 'Henry', 'Flores', 'jukumari@processmaker.com', '2020-07-30', '2019-07-30 03:05:12', '2019-08-05 01:10:08', 'ACTIVE', 'PH', '', '', '', '', '', '', '', '', '', '', '2019-07-30', 'PROCESSMAKER_OPERATOR', '', '', 'NORMAL', '0.00', '', '', NULL, 'Asia/Manila', 'en', NULL, 1),
('9342741515d56660ab93ae9033986900', 75, 'samuel.hutabarat', '00000000000000000000000000000000', 'Samuel', 'Hutabarat', 'jukumari@processmaker.com', '2020-08-16', '2019-08-16 08:15:06', '2019-08-16 08:15:06', 'ACTIVE', 'ID', '', '', '', '', '', '', '', '', '', '', '2019-08-16', 'PROCESSMAKER_OPERATOR', '', '', 'NORMAL', '0.00', '', '', NULL, 'Asia/Jakarta', 'en', NULL, 1),
('9365292815c792b9072fda3097556850', 5, 'dev1pm', '00000000000000000000000000000000', 'Developer1', 'ProcessMaker', 'jukumari@processmaker.com', '2020-03-01', '2019-03-01 12:54:40', '2019-10-29 14:40:19', 'ACTIVE', '', '', '', 'edgardo@processmaker.com', '', '', '', '', '', '', '', '2019-03-01', 'PROCESSMAKER_ADMIN', '', '', 'NORMAL', '0.00', '', '', NULL, 'America/Anguilla', 'en', '2019-10-29 14:40:19', 1),
('9372259765d3fb29e806798081160447', 37, 'leovino.alvarez', '00000000000000000000000000000000', 'Leovino', 'Alvarez', 'jukumari@processmaker.com', '2020-07-30', '2019-07-30 02:59:42', '2019-07-30 02:59:42', 'ACTIVE', 'PH', '', '', '', '', '', '', '', '', '', '', '2019-07-30', 'PROCESSMAKER_OPERATOR', '', '', 'NORMAL', '0.00', '', '', NULL, 'Asia/Manila', 'en', NULL, 1),
('9547519345ca4b60b08cd27063022816', 18, 'test', '00000000000000000000000000000000', 'test', 'test', 'jukumari@processmaker.com', '2020-04-03', '2019-04-03 13:32:59', '2019-04-03 17:43:34', 'INACTIVE', '', '', '', '', '', '', '', '', '', '', '', '2019-04-03', 'PROCESSMAKER_OPERATOR', '', '', 'NORMAL', '0.00', '', '', NULL, 'America/New_York', 'en', '2019-04-03 17:37:12', 1),
('9670424635d3fb5125b9952098291574', 49, 'marco.liwanag', '1786e2b8bfc370b179b2f01f094a08fb7602910b7b677fadb59ce6d968ae67ea', 'Marco Polo', 'Liwanag', 'jukumari@processmaker.com', '2020-07-30', '2019-07-30 03:10:10', '2019-08-01 05:12:04', 'ACTIVE', 'PH', '', '', '', '', '', '', '', '', '', '', '2019-07-30', 'PROCESSMAKER_OPERATOR', '', '', 'NORMAL', '0.00', '', '', NULL, 'Asia/Manila', 'en', '2019-08-02 05:52:49', 1),
('9688651985c9287fd6dd871096977822', 16, 'crystal.wendel', '00000000000000000000000000000000', 'Crystal', 'Wendel', 'jukumari@processmaker.com', '2020-03-20', '2019-03-20 18:35:41', '2019-07-25 21:30:39', 'INACTIVE', '', '', '', 'jayke.anderson@knauf.com.au', '', '', '', '', '', '', '', '2019-03-20', 'PROCESSMAKER_OPERATOR', '', '', 'NORMAL', '0.00', '', '', NULL, 'America/New_York', 'en', NULL, 1),
('9733734955bda5957591b88026488524', 4, 'jayke.anderson', 'af2bdbe1aa9b6ec1e2ade1d694f41fc71a831d0268e9891562113d8a62add1bf', 'Jayke', 'Anderson', 'jukumari@processmaker.com', '2019-11-01', '2018-11-01 01:39:35', '2019-10-29 02:49:43', 'ACTIVE', 'AU', 'QL', 'BNE', 'jayke.anderson@knauf.com.au', '', '', '', '', '', '', '', '2018-11-01', 'PROCESSMAKER_ADMIN', '', '', 'NORMAL', '0.00', '', '', NULL, 'Antarctica/DumontDUrville', 'en', '2019-10-29 02:49:43', 1),
('9946648105d5661fe376241087092671', 66, 'ahmad.soleh', '00000000000000000000000000000000', 'Ahmad', 'Soleh', 'jukumari@processmaker.com', '2020-08-16', '2019-08-16 07:57:50', '2019-08-16 07:57:50', 'ACTIVE', 'ID', '', '', '', '', '', '', '', '', '', '', '2019-08-16', 'PROCESSMAKER_OPERATOR', '', '', 'NORMAL', '0.00', '', '', NULL, 'Asia/Jakarta', 'en', NULL, 1);

-- --------------------------------------------------------

--
-- Table structure for table `USERS_PROPERTIES`
--

CREATE TABLE `USERS_PROPERTIES` (
  `USR_UID` varchar(32) NOT NULL DEFAULT '',
  `USR_LAST_UPDATE_DATE` datetime DEFAULT NULL,
  `USR_LOGGED_NEXT_TIME` int(11) DEFAULT '0',
  `USR_PASSWORD_HISTORY` mediumtext,
  `USR_SETTING_DESIGNER` mediumtext,
  `PMDYNAFORM_FIRST_TIME` char(1) DEFAULT '0'
) ENGINE=InnoDB DEFAULT CHARSET=utf8;

--
-- Dumping data for table `USERS_PROPERTIES`
--

INSERT INTO `USERS_PROPERTIES` (`USR_UID`, `USR_LAST_UPDATE_DATE`, `USR_LOGGED_NEXT_TIME`, `USR_PASSWORD_HISTORY`, `USR_SETTING_DESIGNER`, `PMDYNAFORM_FIRST_TIME`) VALUES
('00000000000000000000000000000001', '2019-10-28 23:22:19', 0, 'a:1:{i:0;s:32:\"b3876f4597d40adcfec685e428fcdad8\";}', NULL, '1'),
('1146057945d3faedb2e7c21078059895', '2019-07-30 02:43:39', 1, 'a:1:{i:0;s:64:\"84e0c0eafaa95a34c293f278ac52e45ce537bab5e752a00e6959a13ae103b65a\";}', NULL, '0'),
('1182703045d537516478f87046246804', '2019-08-14 04:28:42', 0, 'a:1:{i:0;s:64:\"84e0c0eafaa95a34c293f278ac52e45ce537bab5e752a00e6959a13ae103b65a\";}', NULL, '0'),
('1231390205d3fb4e01f04f6087878040', '2019-07-30 03:09:20', 1, 'a:1:{i:0;s:64:\"84e0c0eafaa95a34c293f278ac52e45ce537bab5e752a00e6959a13ae103b65a\";}', NULL, '0'),
('1340473655d5665b8c88264082816832', '2019-08-16 08:13:44', 1, 'a:1:{i:0;s:64:\"84e0c0eafaa95a34c293f278ac52e45ce537bab5e752a00e6959a13ae103b65a\";}', NULL, '0'),
('1697020705d566366a4fad5087672895', '2019-08-16 08:03:50', 1, 'a:1:{i:0;s:64:\"84e0c0eafaa95a34c293f278ac52e45ce537bab5e752a00e6959a13ae103b65a\";}', NULL, '0'),
('1739965555d3fb3bc0321d3052430620', '2019-08-01 05:23:48', 0, 'a:1:{i:0;s:64:\"84e0c0eafaa95a34c293f278ac52e45ce537bab5e752a00e6959a13ae103b65a\";}', NULL, '0'),
('1989991545bda55b6d10632082797630', '2019-04-26 01:04:16', 0, 'a:1:{i:0;s:64:\"84e0c0eafaa95a34c293f278ac52e45ce537bab5e752a00e6959a13ae103b65a\";}', '{\"enabled_grid\":false}', '0'),
('2049337045d56668f73de37027302004', '2019-08-16 08:17:19', 1, 'a:1:{i:0;s:64:\"84e0c0eafaa95a34c293f278ac52e45ce537bab5e752a00e6959a13ae103b65a\";}', NULL, '0'),
('2093925165d3fb32135f691068948951', '2019-08-01 05:12:15', 0, 'a:1:{i:0;s:64:\"84e0c0eafaa95a34c293f278ac52e45ce537bab5e752a00e6959a13ae103b65a\";}', NULL, '0'),
('2111915495d3fdaa6c7bfd2052497434', '2019-07-31 06:57:07', 1, 'a:1:{i:0;s:64:\"84e0c0eafaa95a34c293f278ac52e45ce537bab5e752a00e6959a13ae103b65a\";}', NULL, '0'),
('2693417175d3fb0feda35e7039543989', '2019-08-09 21:27:27', 0, 'a:1:{i:0;s:64:\"84e0c0eafaa95a34c293f278ac52e45ce537bab5e752a00e6959a13ae103b65a\";}', NULL, '0'),
('2855639345d56627e3f8489036206655', '2019-08-16 07:59:58', 1, 'a:1:{i:0;s:64:\"84e0c0eafaa95a34c293f278ac52e45ce537bab5e752a00e6959a13ae103b65a\";}', NULL, '0'),
('2856390745c792ba8eb0359090875314', '2019-08-16 09:26:15', 0, 'a:1:{i:0;s:64:\"84e0c0eafaa95a34c293f278ac52e45ce537bab5e752a00e6959a13ae103b65a\";}', '{\"enabled_grid\":false}', '0'),
('3065051765d5365636020f4090660944', '2019-08-14 01:41:34', 0, 'a:1:{i:0;s:64:\"84e0c0eafaa95a34c293f278ac52e45ce537bab5e752a00e6959a13ae103b65a\";}', NULL, '0'),
('3271758435d3fb41606e330094073909', '2019-07-30 03:05:58', 1, 'a:1:{i:0;s:64:\"84e0c0eafaa95a34c293f278ac52e45ce537bab5e752a00e6959a13ae103b65a\";}', NULL, '0'),
('3379723005d3fb1974f8161050059451', '2019-08-01 05:12:04', 0, 'a:1:{i:0;s:64:\"84e0c0eafaa95a34c293f278ac52e45ce537bab5e752a00e6959a13ae103b65a\";}', NULL, '0'),
('3419054305d3fb00f664051020317401', '2019-08-01 05:12:15', 0, 'a:1:{i:0;s:64:\"84e0c0eafaa95a34c293f278ac52e45ce537bab5e752a00e6959a13ae103b65a\";}', NULL, '0'),
('3524852725d565e0a0239b0007445348', '2019-08-16 07:40:58', 1, 'a:1:{i:0;s:64:\"84e0c0eafaa95a34c293f278ac52e45ce537bab5e752a00e6959a13ae103b65a\";}', NULL, '0'),
('3578509695c8f4e2423a989058192977', '2019-03-18 07:52:04', 0, 'a:1:{i:0;s:64:\"84e0c0eafaa95a34c293f278ac52e45ce537bab5e752a00e6959a13ae103b65a\";}', NULL, '0'),
('3598706955d3fae80be9790014842879', '2019-07-30 02:42:08', 1, 'a:1:{i:0;s:64:\"84e0c0eafaa95a34c293f278ac52e45ce537bab5e752a00e6959a13ae103b65a\";}', NULL, '0'),
('3673074545d5663a94f3141037191568', '2019-08-16 08:04:57', 1, 'a:1:{i:0;s:64:\"84e0c0eafaa95a34c293f278ac52e45ce537bab5e752a00e6959a13ae103b65a\";}', NULL, '0'),
('3685603045c8f4dcb1ef9d9059890202', '2019-03-18 07:50:35', 0, 'a:1:{i:0;s:64:\"84e0c0eafaa95a34c293f278ac52e45ce537bab5e752a00e6959a13ae103b65a\";}', NULL, '0'),
('3745184045d3fb23a2f2454076865364', '2019-07-30 02:58:02', 1, 'a:1:{i:0;s:64:\"84e0c0eafaa95a34c293f278ac52e45ce537bab5e752a00e6959a13ae103b65a\";}', NULL, '0'),
('3930912035d3faf59b09902089462932', '2019-08-16 15:04:08', 0, 'a:1:{i:0;s:64:\"84e0c0eafaa95a34c293f278ac52e45ce537bab5e752a00e6959a13ae103b65a\";}', NULL, '0'),
('4260826805d3fb5389edd83076285094', '2019-10-29 00:08:28', 0, 'a:1:{i:0;s:64:\"84e0c0eafaa95a34c293f278ac52e45ce537bab5e752a00e6959a13ae103b65a\";}', NULL, '0'),
('4326164425d3fb1c56edc24051306598', '2019-07-30 02:56:05', 1, 'a:1:{i:0;s:64:\"84e0c0eafaa95a34c293f278ac52e45ce537bab5e752a00e6959a13ae103b65a\";}', NULL, '0'),
('4329610375d5662bdadebd4057853127', '2019-08-16 08:01:01', 1, 'a:1:{i:0;s:64:\"84e0c0eafaa95a34c293f278ac52e45ce537bab5e752a00e6959a13ae103b65a\";}', NULL, '0'),
('4761488705d3fb35a113365098753209', '2019-10-28 23:52:17', 0, 'a:1:{i:0;s:64:\"84e0c0eafaa95a34c293f278ac52e45ce537bab5e752a00e6959a13ae103b65a\";}', NULL, '0'),
('4848956625d5664cb1ded96045552819', '2019-08-16 08:09:47', 1, 'a:1:{i:0;s:64:\"84e0c0eafaa95a34c293f278ac52e45ce537bab5e752a00e6959a13ae103b65a\";}', NULL, '0'),
('5054254075c866080af6348028578652', '2019-05-30 22:21:15', 0, 'a:1:{i:0;s:64:\"84e0c0eafaa95a34c293f278ac52e45ce537bab5e752a00e6959a13ae103b65a\";}', NULL, '0'),
('5113640855d3fb444579492076828036', '2019-08-01 05:11:57', 0, 'a:1:{i:0;s:64:\"84e0c0eafaa95a34c293f278ac52e45ce537bab5e752a00e6959a13ae103b65a\";}', NULL, '0'),
('5599593145d565dc26b0416091527599', '2019-08-16 07:39:46', 1, 'a:1:{i:0;s:64:\"84e0c0eafaa95a34c293f278ac52e45ce537bab5e752a00e6959a13ae103b65a\";}', NULL, '0'),
('5640199155d3fdb2985ef85050357369', '2019-07-30 05:52:41', 1, 'a:1:{i:0;s:64:\"84e0c0eafaa95a34c293f278ac52e45ce537bab5e752a00e6959a13ae103b65a\";}', NULL, '0'),
('5777808965ca51f4d3b85c7017355707', '2019-04-03 21:02:05', 0, 'a:1:{i:0;s:64:\"84e0c0eafaa95a34c293f278ac52e45ce537bab5e752a00e6959a13ae103b65a\";}', NULL, '0'),
('5920847225d3fb1f855c6b7050293073', '2019-07-30 02:56:56', 1, 'a:1:{i:0;s:64:\"84e0c0eafaa95a34c293f278ac52e45ce537bab5e752a00e6959a13ae103b65a\";}', NULL, '0'),
('5941327905d53663653cb83031459207', '2019-08-14 01:57:28', 0, 'a:1:{i:0;s:64:\"84e0c0eafaa95a34c293f278ac52e45ce537bab5e752a00e6959a13ae103b65a\";}', NULL, '0'),
('6146450595d3fb0479da195014124954', '2019-08-01 05:12:25', 0, 'a:1:{i:0;s:64:\"84e0c0eafaa95a34c293f278ac52e45ce537bab5e752a00e6959a13ae103b65a\";}', NULL, '0'),
('6261178115d3fe250ab9443085058305', '2019-08-16 15:14:59', 0, 'a:1:{i:0;s:64:\"84e0c0eafaa95a34c293f278ac52e45ce537bab5e752a00e6959a13ae103b65a\";}', NULL, '0'),
('6275750785d3fdb62451f08022724475', '2019-08-02 07:45:18', 1, 'a:1:{i:0;s:64:\"84e0c0eafaa95a34c293f278ac52e45ce537bab5e752a00e6959a13ae103b65a\";}', NULL, '0'),
('6344301225d3fe2181619a9065735923', '2019-07-30 06:22:16', 1, 'a:1:{i:0;s:64:\"84e0c0eafaa95a34c293f278ac52e45ce537bab5e752a00e6959a13ae103b65a\";}', NULL, '0'),
('6608302035d56610eeca133097238228', '2019-08-16 07:53:50', 1, 'a:1:{i:0;s:64:\"84e0c0eafaa95a34c293f278ac52e45ce537bab5e752a00e6959a13ae103b65a\";}', NULL, '0'),
('6734909165c8660b18cef85071846108', '2019-03-29 00:28:26', 0, 'a:1:{i:0;s:64:\"84e0c0eafaa95a34c293f278ac52e45ce537bab5e752a00e6959a13ae103b65a\";}', NULL, '0'),
('6990077575d3fb38a8a9393087566831', '2019-08-13 20:47:45', 0, 'a:1:{i:0;s:64:\"84e0c0eafaa95a34c293f278ac52e45ce537bab5e752a00e6959a13ae103b65a\";}', NULL, '0'),
('7039927345d5661b5e21f84023639041', '2019-08-16 07:56:37', 1, 'a:1:{i:0;s:64:\"84e0c0eafaa95a34c293f278ac52e45ce537bab5e752a00e6959a13ae103b65a\";}', NULL, '0'),
('7053762775d5375935c6c46037431490', '2019-08-14 04:28:31', 0, 'a:1:{i:0;s:64:\"84e0c0eafaa95a34c293f278ac52e45ce537bab5e752a00e6959a13ae103b65a\";}', NULL, '0'),
('7076284835d56647ac4cfe7066681939', '2019-08-16 08:08:26', 1, 'a:1:{i:0;s:64:\"84e0c0eafaa95a34c293f278ac52e45ce537bab5e752a00e6959a13ae103b65a\";}', NULL, '0'),
('7159891755d3fae51668710043461935', '2019-07-30 02:41:21', 1, 'a:1:{i:0;s:64:\"84e0c0eafaa95a34c293f278ac52e45ce537bab5e752a00e6959a13ae103b65a\";}', NULL, '0'),
('7180008005d43dea5ae51a4096201329', '2019-08-02 06:56:37', 1, 'a:1:{i:0;s:64:\"84e0c0eafaa95a34c293f278ac52e45ce537bab5e752a00e6959a13ae103b65a\";}', NULL, '0'),
('7201430585c928822686af3071843170', '2019-03-20 18:36:18', 0, 'a:1:{i:0;s:64:\"84e0c0eafaa95a34c293f278ac52e45ce537bab5e752a00e6959a13ae103b65a\";}', NULL, '0'),
('7293126885d3fb47c5227b1050208725', '2019-07-30 03:07:40', 1, 'a:1:{i:0;s:64:\"84e0c0eafaa95a34c293f278ac52e45ce537bab5e752a00e6959a13ae103b65a\";}', NULL, '0'),
('7474175465c8f4dac447234050977038', '2019-03-18 07:50:04', 0, 'a:1:{i:0;s:64:\"84e0c0eafaa95a34c293f278ac52e45ce537bab5e752a00e6959a13ae103b65a\";}', NULL, '0'),
('7475349035c8660efaf47f5052308797', '2019-05-31 20:56:58', 0, 'a:1:{i:0;s:64:\"84e0c0eafaa95a34c293f278ac52e45ce537bab5e752a00e6959a13ae103b65a\";}', NULL, '0'),
('7610292385c86612287c860012103391', '2019-03-21 00:48:01', 0, 'a:1:{i:0;s:64:\"84e0c0eafaa95a34c293f278ac52e45ce537bab5e752a00e6959a13ae103b65a\";}', NULL, '0'),
('7765270725d565d518fe1a6018454218', '2019-08-16 07:37:53', 1, 'a:1:{i:0;s:64:\"84e0c0eafaa95a34c293f278ac52e45ce537bab5e752a00e6959a13ae103b65a\";}', NULL, '0'),
('8197082355c8f4e086fff47015880419', '2019-03-18 07:51:36', 0, 'a:1:{i:0;s:64:\"84e0c0eafaa95a34c293f278ac52e45ce537bab5e752a00e6959a13ae103b65a\";}', NULL, '0'),
('8531349125d3fb4b1b00465087302011', '2019-08-08 22:03:05', 0, 'a:1:{i:0;s:64:\"84e0c0eafaa95a34c293f278ac52e45ce537bab5e752a00e6959a13ae103b65a\";}', NULL, '0'),
('8746855515c8f4dee1b4988096196525', '2019-03-18 07:51:10', 0, 'a:1:{i:0;s:64:\"84e0c0eafaa95a34c293f278ac52e45ce537bab5e752a00e6959a13ae103b65a\";}', NULL, '0'),
('8795794585d3fb2eb5fafc4022757526', '2019-07-30 03:00:59', 1, 'a:1:{i:0;s:64:\"84e0c0eafaa95a34c293f278ac52e45ce537bab5e752a00e6959a13ae103b65a\";}', NULL, '0'),
('8864665895d566648a93fb0088442728', '2019-08-16 08:16:08', 1, 'a:1:{i:0;s:64:\"84e0c0eafaa95a34c293f278ac52e45ce537bab5e752a00e6959a13ae103b65a\";}', NULL, '0'),
('8946535195d5662faf011e6090166947', '2019-08-16 08:02:02', 1, 'a:1:{i:0;s:64:\"84e0c0eafaa95a34c293f278ac52e45ce537bab5e752a00e6959a13ae103b65a\";}', NULL, '0'),
('8997789975d3fb079f12be9078658180', '2019-08-01 05:12:40', 0, 'a:1:{i:0;s:64:\"84e0c0eafaa95a34c293f278ac52e45ce537bab5e752a00e6959a13ae103b65a\";}', NULL, '0'),
('9070695965d3faf9b2cc299002226454', '2019-07-30 02:46:51', 1, 'a:1:{i:0;s:64:\"84e0c0eafaa95a34c293f278ac52e45ce537bab5e752a00e6959a13ae103b65a\";}', NULL, '0'),
('9122158895d3fb3e813e6c8050519838', '2019-08-05 01:10:08', 0, 'a:1:{i:0;s:64:\"84e0c0eafaa95a34c293f278ac52e45ce537bab5e752a00e6959a13ae103b65a\";}', NULL, '0'),
('9342741515d56660ab93ae9033986900', '2019-08-16 08:15:06', 1, 'a:1:{i:0;s:64:\"84e0c0eafaa95a34c293f278ac52e45ce537bab5e752a00e6959a13ae103b65a\";}', NULL, '0'),
('9365292815c792b9072fda3097556850', '2019-03-01 12:54:40', 0, 'a:1:{i:0;s:64:\"84e0c0eafaa95a34c293f278ac52e45ce537bab5e752a00e6959a13ae103b65a\";}', '{\"enabled_grid\":false}', '1'),
('9372259765d3fb29e806798081160447', '2019-07-30 02:59:42', 1, 'a:1:{i:0;s:64:\"84e0c0eafaa95a34c293f278ac52e45ce537bab5e752a00e6959a13ae103b65a\";}', NULL, '0'),
('9547519345ca4b60b08cd27063022816', '2019-04-03 13:32:59', 0, 'a:1:{i:0;s:64:\"84e0c0eafaa95a34c293f278ac52e45ce537bab5e752a00e6959a13ae103b65a\";}', NULL, '0'),
('9670424635d3fb5125b9952098291574', '2019-08-01 05:12:04', 0, 'a:1:{i:0;s:64:\"84e0c0eafaa95a34c293f278ac52e45ce537bab5e752a00e6959a13ae103b65a\";}', NULL, '0'),
('9688651985c9287fd6dd871096977822', '2019-03-20 18:35:41', 0, 'a:1:{i:0;s:64:\"84e0c0eafaa95a34c293f278ac52e45ce537bab5e752a00e6959a13ae103b65a\";}', NULL, '0'),
('9733734955bda5957591b88026488524', '2019-04-25 19:48:16', 0, 'a:1:{i:0;s:64:\"84e0c0eafaa95a34c293f278ac52e45ce537bab5e752a00e6959a13ae103b65a\";}', '{\"enabled_grid\":false}', '0'),
('9946648105d5661fe376241087092671', '2019-08-16 07:57:50', 1, 'a:1:{i:0;s:64:\"84e0c0eafaa95a34c293f278ac52e45ce537bab5e752a00e6959a13ae103b65a\";}', NULL, '0');

--
-- Indexes for dumped tables
--

--
-- Indexes for table `GROUPWF`
--
ALTER TABLE `GROUPWF`
  ADD PRIMARY KEY (`GRP_UID`),
  ADD UNIQUE KEY `GRP_ID` (`GRP_ID`);

--
-- Indexes for table `GROUP_USER`
--
ALTER TABLE `GROUP_USER`
  ADD PRIMARY KEY (`GRP_UID`,`USR_UID`),
  ADD KEY `indexForUsrUid` (`USR_UID`),
  ADD KEY `INDEX_GRP_ID` (`GRP_ID`);

--
-- Indexes for table `RBAC_USERS`
--
ALTER TABLE `RBAC_USERS`
  ADD PRIMARY KEY (`USR_UID`);

--
-- Indexes for table `RBAC_USERS_ROLES`
--
ALTER TABLE `RBAC_USERS_ROLES`
  ADD PRIMARY KEY (`USR_UID`,`ROL_UID`);

--
-- Indexes for table `USERS`
--
ALTER TABLE `USERS`
  ADD PRIMARY KEY (`USR_UID`),
  ADD UNIQUE KEY `INDEX_USR_ID` (`USR_ID`),
  ADD KEY `indexUsrUid` (`USR_UID`),
  ADD KEY `indexUsrStatus` (`USR_STATUS`),
  ADD KEY `indexUsrStatusId` (`USR_STATUS_ID`);

--
-- Indexes for table `USERS_PROPERTIES`
--
ALTER TABLE `USERS_PROPERTIES`
  ADD PRIMARY KEY (`USR_UID`);

--
-- AUTO_INCREMENT for dumped tables
--

--
-- AUTO_INCREMENT for table `GROUPWF`
--
ALTER TABLE `GROUPWF`
  MODIFY `GRP_ID` int(11) NOT NULL AUTO_INCREMENT, AUTO_INCREMENT=9;

--
-- AUTO_INCREMENT for table `USERS`
--
ALTER TABLE `USERS`
  MODIFY `USR_ID` int(11) NOT NULL AUTO_INCREMENT, AUTO_INCREMENT=78;
COMMIT;

/*!40101 SET CHARACTER_SET_CLIENT=@OLD_CHARACTER_SET_CLIENT */;
/*!40101 SET CHARACTER_SET_RESULTS=@OLD_CHARACTER_SET_RESULTS */;
/*!40101 SET COLLATION_CONNECTION=@OLD_COLLATION_CONNECTION */;
