-- phpMyAdmin SQL Dump
-- version 4.9.1
-- https://www.phpmyadmin.net/
--
-- Host: knauf-prd-rds-cluster.cluster-cn0eeh36tnx0.ap-southeast-1.rds.amazonaws.com
-- Generation Time: Nov 01, 2019 at 03:58 PM
-- Server version: 5.6.10
-- PHP Version: 7.1.32

SET SQL_MODE = "NO_AUTO_VALUE_ON_ZERO";
SET AUTOCOMMIT = 0;
START TRANSACTION;
SET time_zone = "+00:00";


/*!40101 SET @OLD_CHARACTER_SET_CLIENT=@@CHARACTER_SET_CLIENT */;
/*!40101 SET @OLD_CHARACTER_SET_RESULTS=@@CHARACTER_SET_RESULTS */;
/*!40101 SET @OLD_COLLATION_CONNECTION=@@COLLATION_CONNECTION */;
/*!40101 SET NAMES utf8mb4 */;

--
-- Database: `wf_workflow`
--

-- --------------------------------------------------------

--
-- Table structure for table `GROUPWF`
--

CREATE TABLE `GROUPWF` (
  `GRP_UID` varchar(32) NOT NULL,
  `GRP_TITLE` mediumtext NOT NULL,
  `GRP_STATUS` char(8) NOT NULL DEFAULT 'ACTIVE',
  `GRP_LDAP_DN` varchar(255) NOT NULL DEFAULT '',
  `GRP_UX` varchar(128) DEFAULT 'NORMAL',
  `GRP_ID` int(11) NOT NULL,
  `GRP_STATUS_ID` int(11) DEFAULT '0'
) ENGINE=InnoDB DEFAULT CHARSET=utf8;

--
-- Dumping data for table `GROUPWF`
--

INSERT INTO `GROUPWF` (`GRP_UID`, `GRP_TITLE`, `GRP_STATUS`, `GRP_LDAP_DN`, `GRP_UX`, `GRP_ID`, `GRP_STATUS_ID`) VALUES
('2603819515c89056cbef040052399911', 'All Users', 'ACTIVE', '', 'NORMAL', 1, 0),
('45980492056cf9790aca9c2049280993', 'Administration', 'ACTIVE', '', 'NORMAL', 3, 0),
('6001587415d3fb56f60c9c2092663131', 'Philippines', 'ACTIVE', '', 'NORMAL', 2, 0),
('6555578385d70761719cc86098628084', 'Australia', 'ACTIVE', '', 'NORMAL', 5, 0),
('9470677725d886eac93d038050244466', 'China', 'ACTIVE', '', 'NORMAL', 6, 0),
('9809725535d5367f2d8d067036555873', 'Indonesia', 'ACTIVE', '', 'NORMAL', 4, 0);

-- --------------------------------------------------------

--
-- Table structure for table `GROUP_USER`
--

CREATE TABLE `GROUP_USER` (
  `GRP_UID` varchar(32) NOT NULL DEFAULT '0',
  `USR_UID` varchar(32) NOT NULL DEFAULT '0',
  `GRP_ID` int(11) DEFAULT '0',
  `USR_ID` int(11) DEFAULT '0'
) ENGINE=InnoDB DEFAULT CHARSET=utf8;

--
-- Dumping data for table `GROUP_USER`
--

INSERT INTO `GROUP_USER` (`GRP_UID`, `USR_UID`, `GRP_ID`, `USR_ID`) VALUES
('2603819515c89056cbef040052399911', '00000000000000000000000000000001', 1, 0),
('2603819515c89056cbef040052399911', '1989991545bda55b6d10632082797630', 1, 0),
('2603819515c89056cbef040052399911', '2093925165d3fb32135f691068948951', 1, 0),
('2603819515c89056cbef040052399911', '2856390745c792ba8eb0359090875314', 1, 0),
('2603819515c89056cbef040052399911', '3578509695c8f4e2423a989058192977', 1, 0),
('2603819515c89056cbef040052399911', '3685603045c8f4dcb1ef9d9059890202', 1, 0),
('2603819515c89056cbef040052399911', '5054254075c866080af6348028578652', 1, 0),
('2603819515c89056cbef040052399911', '6261178115d3fe250ab9443085058305', 1, 0),
('2603819515c89056cbef040052399911', '6734909165c8660b18cef85071846108', 1, 0),
('2603819515c89056cbef040052399911', '7201430585c928822686af3071843170', 1, 0),
('2603819515c89056cbef040052399911', '7293126885d3fb47c5227b1050208725', 1, 0),
('2603819515c89056cbef040052399911', '7474175465c8f4dac447234050977038', 1, 0),
('2603819515c89056cbef040052399911', '7475349035c8660efaf47f5052308797', 1, 0),
('2603819515c89056cbef040052399911', '7610292385c86612287c860012103391', 1, 0),
('2603819515c89056cbef040052399911', '8197082355c8f4e086fff47015880419', 1, 0),
('2603819515c89056cbef040052399911', '8746855515c8f4dee1b4988096196525', 1, 0),
('2603819515c89056cbef040052399911', '9365292815c792b9072fda3097556850', 1, 0),
('2603819515c89056cbef040052399911', '9547519345ca4b60b08cd27063022816', 1, 0),
('2603819515c89056cbef040052399911', '9733734955bda5957591b88026488524', 1, 0),
('6001587415d3fb56f60c9c2092663131', '1146057945d3faedb2e7c21078059895', 2, 0),
('6001587415d3fb56f60c9c2092663131', '1231390205d3fb4e01f04f6087878040', 2, 0),
('6001587415d3fb56f60c9c2092663131', '1739965555d3fb3bc0321d3052430620', 2, 0),
('6001587415d3fb56f60c9c2092663131', '2093925165d3fb32135f691068948951', 2, 0),
('6001587415d3fb56f60c9c2092663131', '2693417175d3fb0feda35e7039543989', 2, 0),
('6001587415d3fb56f60c9c2092663131', '3271758435d3fb41606e330094073909', 2, 0),
('6001587415d3fb56f60c9c2092663131', '3379723005d3fb1974f8161050059451', 2, 0),
('6001587415d3fb56f60c9c2092663131', '3419054305d3fb00f664051020317401', 2, 0),
('6001587415d3fb56f60c9c2092663131', '3598706955d3fae80be9790014842879', 2, 0),
('6001587415d3fb56f60c9c2092663131', '3745184045d3fb23a2f2454076865364', 2, 0),
('6001587415d3fb56f60c9c2092663131', '3930912035d3faf59b09902089462932', 2, 0),
('6001587415d3fb56f60c9c2092663131', '4260826805d3fb5389edd83076285094', 2, 0),
('6001587415d3fb56f60c9c2092663131', '4326164425d3fb1c56edc24051306598', 2, 0),
('6001587415d3fb56f60c9c2092663131', '4761488705d3fb35a113365098753209', 2, 0),
('6001587415d3fb56f60c9c2092663131', '5113640855d3fb444579492076828036', 2, 0),
('6001587415d3fb56f60c9c2092663131', '5920847225d3fb1f855c6b7050293073', 2, 0),
('6001587415d3fb56f60c9c2092663131', '6146450595d3fb0479da195014124954', 2, 0),
('6001587415d3fb56f60c9c2092663131', '6990077575d3fb38a8a9393087566831', 2, 0),
('6001587415d3fb56f60c9c2092663131', '7159891755d3fae51668710043461935', 2, 0),
('6001587415d3fb56f60c9c2092663131', '7293126885d3fb47c5227b1050208725', 2, 0),
('6001587415d3fb56f60c9c2092663131', '8531349125d3fb4b1b00465087302011', 2, 0),
('6001587415d3fb56f60c9c2092663131', '8795794585d3fb2eb5fafc4022757526', 2, 0),
('6001587415d3fb56f60c9c2092663131', '8997789975d3fb079f12be9078658180', 2, 0),
('6001587415d3fb56f60c9c2092663131', '9070695965d3faf9b2cc299002226454', 2, 0),
('6001587415d3fb56f60c9c2092663131', '9122158895d3fb3e813e6c8050519838', 2, 0),
('6001587415d3fb56f60c9c2092663131', '9372259765d3fb29e806798081160447', 2, 0),
('6001587415d3fb56f60c9c2092663131', '9670424635d3fb5125b9952098291574', 2, 0),
('6555578385d70761719cc86098628084', '3685603045c8f4dcb1ef9d9059890202', 5, 0),
('9470677725d886eac93d038050244466', '1838388015d8c32e3cf06a3047133942', 6, 0),
('9470677725d886eac93d038050244466', '2074846145d8c312805b846015816119', 6, 0),
('9470677725d886eac93d038050244466', '2085756345d8c33d2b783f6053895586', 6, 0),
('9470677725d886eac93d038050244466', '2381908305d899619115686069376368', 6, 0),
('9470677725d886eac93d038050244466', '3553682275d8c30caa5c0c1099848350', 6, 0),
('9470677725d886eac93d038050244466', '3836525225d89d77abced44087377857', 6, 0),
('9470677725d886eac93d038050244466', '3987780125d89955fa385e3001148799', 6, 0),
('9470677725d886eac93d038050244466', '4069563405d8c37d43453a5016485401', 6, 0),
('9470677725d886eac93d038050244466', '4242841965d896ed7f24a04017033985', 6, 0),
('9470677725d886eac93d038050244466', '4779217155d89d65006bad3086274590', 6, 0),
('9470677725d886eac93d038050244466', '4814003185d8c2fd310c5b2001484733', 6, 0),
('9470677725d886eac93d038050244466', '4947513325d8c376d6b3dd6059801750', 6, 0),
('9470677725d886eac93d038050244466', '5031433015d89d507f16c16065285438', 6, 0),
('9470677725d886eac93d038050244466', '5139881255d8c317d757932057263503', 6, 0),
('9470677725d886eac93d038050244466', '5346289105d8c36d8387457088887490', 6, 0),
('9470677725d886eac93d038050244466', '5500384265d896e69d56754013129235', 6, 0),
('9470677725d886eac93d038050244466', '5650984815d8c369150ca96032709671', 6, 0),
('9470677725d886eac93d038050244466', '5728128025d899509707c12011854138', 6, 0),
('9470677725d886eac93d038050244466', '6007216615d89d436cf8357099994899', 6, 0),
('9470677725d886eac93d038050244466', '6066674725d89d5bb28f126033248393', 6, 0),
('9470677725d886eac93d038050244466', '6098984245d896f5da61a74007328013', 6, 0),
('9470677725d886eac93d038050244466', '6336081655d89d6de6e1bd6001256112', 6, 0),
('9470677725d886eac93d038050244466', '6369199765d8995c974e238032585434', 6, 0),
('9470677725d886eac93d038050244466', '7158000975d8c37219e1820032014524', 6, 0),
('9470677725d886eac93d038050244466', '7175403755d89d72e3ef028062642819', 6, 0),
('9470677725d886eac93d038050244466', '8171364315d8c329d7a9d16079013163', 6, 0),
('9470677725d886eac93d038050244466', '8328875875d8c1e392af352027907764', 6, 0),
('9470677725d886eac93d038050244466', '8505999125d8c363cf1b498046911445', 6, 0),
('9470677725d886eac93d038050244466', '8942076125d89d5657401d8092479205', 6, 0),
('9470677725d886eac93d038050244466', '9016073965d89d698934963082937670', 6, 0),
('9470677725d886eac93d038050244466', '9025096755d8c2ee51dc718037210041', 6, 0),
('9470677725d886eac93d038050244466', '9272044965d8c2f661a23a4024574885', 6, 0),
('9470677725d886eac93d038050244466', '9718428045d89d5ff633628034005749', 6, 0),
('9470677725d886eac93d038050244466', '9803445305d89d47bc64b09062203223', 6, 0),
('9809725535d5367f2d8d067036555873', '1182703045d537516478f87046246804', 4, 0),
('9809725535d5367f2d8d067036555873', '1340473655d5665b8c88264082816832', 4, 0),
('9809725535d5367f2d8d067036555873', '1989991545bda55b6d10632082797630', 4, 0),
('9809725535d5367f2d8d067036555873', '2049337045d56668f73de37027302004', 4, 0),
('9809725535d5367f2d8d067036555873', '2111915495d3fdaa6c7bfd2052497434', 4, 0),
('9809725535d5367f2d8d067036555873', '2855639345d56627e3f8489036206655', 4, 0),
('9809725535d5367f2d8d067036555873', '3065051765d5365636020f4090660944', 4, 0),
('9809725535d5367f2d8d067036555873', '3524852725d565e0a0239b0007445348', 4, 0),
('9809725535d5367f2d8d067036555873', '3673074545d5663a94f3141037191568', 4, 0),
('9809725535d5367f2d8d067036555873', '4329610375d5662bdadebd4057853127', 4, 0),
('9809725535d5367f2d8d067036555873', '4848956625d5664cb1ded96045552819', 4, 0),
('9809725535d5367f2d8d067036555873', '5599593145d565dc26b0416091527599', 4, 0),
('9809725535d5367f2d8d067036555873', '5941327905d53663653cb83031459207', 4, 0),
('9809725535d5367f2d8d067036555873', '6275750785d3fdb62451f08022724475', 4, 0),
('9809725535d5367f2d8d067036555873', '6608302035d56610eeca133097238228', 4, 0),
('9809725535d5367f2d8d067036555873', '7039927345d5661b5e21f84023639041', 4, 0),
('9809725535d5367f2d8d067036555873', '7053762775d5375935c6c46037431490', 4, 0),
('9809725535d5367f2d8d067036555873', '7076284835d56647ac4cfe7066681939', 4, 0),
('9809725535d5367f2d8d067036555873', '7765270725d565d518fe1a6018454218', 4, 0),
('9809725535d5367f2d8d067036555873', '8864665895d566648a93fb0088442728', 4, 0),
('9809725535d5367f2d8d067036555873', '8946535195d5662faf011e6090166947', 4, 0),
('9809725535d5367f2d8d067036555873', '9342741515d56660ab93ae9033986900', 4, 0),
('9809725535d5367f2d8d067036555873', '9946648105d5661fe376241087092671', 4, 0);

-- --------------------------------------------------------

--
-- Table structure for table `RBAC_USERS`
--

CREATE TABLE `RBAC_USERS` (
  `USR_UID` varchar(32) NOT NULL DEFAULT '',
  `USR_USERNAME` varchar(100) NOT NULL DEFAULT '',
  `USR_PASSWORD` varchar(128) NOT NULL DEFAULT '',
  `USR_FIRSTNAME` varchar(50) NOT NULL DEFAULT '',
  `USR_LASTNAME` varchar(50) NOT NULL DEFAULT '',
  `USR_EMAIL` varchar(100) NOT NULL DEFAULT '',
  `USR_DUE_DATE` date NOT NULL,
  `USR_CREATE_DATE` datetime DEFAULT NULL,
  `USR_UPDATE_DATE` datetime DEFAULT NULL,
  `USR_STATUS` int(11) NOT NULL DEFAULT '1',
  `USR_AUTH_TYPE` varchar(32) NOT NULL DEFAULT '',
  `UID_AUTH_SOURCE` varchar(32) NOT NULL DEFAULT '',
  `USR_AUTH_USER_DN` varchar(255) NOT NULL DEFAULT '',
  `USR_AUTH_SUPERVISOR_DN` varchar(255) NOT NULL DEFAULT ''
) ENGINE=InnoDB DEFAULT CHARSET=utf8 COMMENT='Users';

--
-- Dumping data for table `RBAC_USERS`
--

INSERT INTO `RBAC_USERS` (`USR_UID`, `USR_USERNAME`, `USR_PASSWORD`, `USR_FIRSTNAME`, `USR_LASTNAME`, `USR_EMAIL`, `USR_DUE_DATE`, `USR_CREATE_DATE`, `USR_UPDATE_DATE`, `USR_STATUS`, `USR_AUTH_TYPE`, `UID_AUTH_SOURCE`, `USR_AUTH_USER_DN`, `USR_AUTH_SUPERVISOR_DN`) VALUES
('00000000000000000000000000000001', 'admin', '21232f297a57a5a743894a0e4a801fc3', 'Administrator', 'Admin', 'jayke.anderson@knauf.com.au', '2020-01-01', '2007-08-03 12:24:36', '2019-04-11 19:53:41', 1, 'MYSQL', '00000000000000000000000000000000', '', ''),
('00000000000000000000000000000002', 'guest', '674ba9750749d735ec9787d606170d78', 'Guest', '', 'jayke.anderson@knauf.com.au', '2030-01-01', '2009-02-01 12:24:36', '2009-02-01 12:24:36', 0, 'MYSQL', '00000000000000000000000000000000', '', ''),
('1146057945d3faedb2e7c21078059895', 'jose.bolo', 'af2bdbe1aa9b6ec1e2ade1d694f41fc71a831d0268e9891562113d8a62add1bf', 'Jose Jr.', 'Bolo', 'jayke.anderson@knauf.com.au', '2020-07-30', '2019-07-30 02:43:39', '2019-09-05 22:49:06', 1, '', '', '', ''),
('1182703045d537516478f87046246804', 'apriyansyah', '6c641d45d26ed97e095c0ce92fd408462ec41decd801ada4df5395860b96eec2', 'Apriyansyah', '.', 'jayke.anderson@knauf.com.au', '2020-08-14', '2019-08-14 02:42:30', '2019-09-05 22:49:20', 1, '', '', '', ''),
('1195111405da67b3f6a9dd3016852310', 'etienne.dalton', '28efb68dcba507ecd182bead31e4e2d159b0f9185861d1ebfe60a12dfb310300', 'Etienne', 'Dalton', 'Etienne.Dalton@Knauf.com.au', '2020-10-16', '2019-10-16 02:06:55', '2019-10-16 02:06:55', 1, '', '', '', ''),
('1227721445cdfca786d89d9090542512', '', 'af2bdbe1aa9b6ec1e2ade1d694f41fc71a831d0268e9891562113d8a62add1bf', 'Jane', 'Doe', 'jayke.anderson@knauf.com.au', '2019-05-30', '2019-05-18 09:03:52', '2019-05-18 09:03:52', 0, '', '', '', ''),
('1231390205d3fb4e01f04f6087878040', 'charles.ramos', 'af2bdbe1aa9b6ec1e2ade1d694f41fc71a831d0268e9891562113d8a62add1bf', 'Charles', 'Ramos', 'jayke.anderson@knauf.com.au', '2020-07-30', '2019-07-30 03:09:20', '2019-09-05 22:49:31', 1, '', '', '', ''),
('1340473655d5665b8c88264082816832', 'irfa.nugraha', 'af2bdbe1aa9b6ec1e2ade1d694f41fc71a831d0268e9891562113d8a62add1bf', 'Irfa', 'Nugraha', 'jayke.anderson@knauf.com.au', '2020-08-16', '2019-08-16 08:13:44', '2019-09-05 22:49:42', 1, '', '', '', ''),
('1386773495da679a2dc6982014573595', 'craig.wilkinson', '28efb68dcba507ecd182bead31e4e2d159b0f9185861d1ebfe60a12dfb310300', 'Craig', 'Wilkinson', 'craig.wilkinson@knauf.com.au', '2020-10-16', '2019-10-16 02:00:02', '2019-10-16 02:00:02', 1, '', '', '', ''),
('1460308585da67ea5309936097772495', 'russell.raihan', '28efb68dcba507ecd182bead31e4e2d159b0f9185861d1ebfe60a12dfb310300', 'Russell', 'Raihan', 'russell.raihan@knauf.com.au', '2020-10-16', '2019-10-16 02:21:25', '2019-10-16 02:21:25', 1, '', '', '', ''),
('1520478115da67cfb133725001755698', 'adam.brown', '28efb68dcba507ecd182bead31e4e2d159b0f9185861d1ebfe60a12dfb310300', 'Adam', 'Brown', 'adam.brown@knauf.com.au', '2020-10-16', '2019-10-16 02:14:19', '2019-10-16 02:14:19', 1, '', '', '', ''),
('1533589575d8c3397596d60048023472', 'hua.fang', 'af2bdbe1aa9b6ec1e2ade1d694f41fc71a831d0268e9891562113d8a62add1bf', 'Hua', 'Fang', 'fanghua@mail.knauf.com.cn', '2020-09-26', '2019-09-26 03:42:15', '2019-09-26 03:42:15', 1, '', '', '', ''),
('1540739385da67e252eb1a5041375711', 'brett.locke', '28efb68dcba507ecd182bead31e4e2d159b0f9185861d1ebfe60a12dfb310300', 'Brett', 'Locke', 'Brett.Locke@Knauf.com.au', '2020-10-16', '2019-10-16 02:19:17', '2019-10-16 02:19:17', 1, '', '', '', ''),
('1665864385da68244896b23012883557', 'peter.rodgers', '28efb68dcba507ecd182bead31e4e2d159b0f9185861d1ebfe60a12dfb310300', 'Peter', 'Rodgers', 'peter.rodgers@knauf.com.au', '2020-10-16', '2019-10-16 02:36:52', '2019-10-16 02:36:52', 1, '', '', '', ''),
('1697020705d566366a4fad5087672895', 'miftakhul.amin', 'af2bdbe1aa9b6ec1e2ade1d694f41fc71a831d0268e9891562113d8a62add1bf', 'Miftakhul', 'Amin', 'jayke.anderson@knauf.com.au', '2020-08-16', '2019-08-16 08:03:50', '2019-09-05 22:49:54', 1, '', '', '', ''),
('1726009895da67a3b39cdf3044164128', 'diem.nguyen', '28efb68dcba507ecd182bead31e4e2d159b0f9185861d1ebfe60a12dfb310300', 'Diem', 'Nguyen', 'diem.nguyen@knauf.com.au', '2020-10-16', '2019-10-16 02:02:35', '2019-10-16 02:02:35', 1, '', '', '', ''),
('1739965555d3fb3bc0321d3052430620', 'ranel.sibugan', '0522a55e2d5f0993a3d66d28864b2862a7218a75ea7968b075333434404485c3', 'Ranel Ceazar', 'Sibugan', 'jayke.anderson@knauf.com.au', '2020-07-30', '2019-07-30 03:04:28', '2019-09-05 22:50:07', 1, '', '', '', ''),
('1791466125da682af8dd018063128845', 'mark.hutchison', '28efb68dcba507ecd182bead31e4e2d159b0f9185861d1ebfe60a12dfb310300', 'Mark', 'Hutchinson', 'mark.hutchison@knauf.com.au', '2020-10-16', '2019-10-16 02:38:39', '2019-10-16 02:38:39', 1, '', '', '', ''),
('1796483685da67cd7c463a2039276070', 'malcom.burkby', '28efb68dcba507ecd182bead31e4e2d159b0f9185861d1ebfe60a12dfb310300', 'Malcolm', 'Burkby', 'malcolm.burkby@knauf.com.au', '2020-10-16', '2019-10-16 02:13:43', '2019-10-16 02:13:43', 1, '', '', '', ''),
('1838388015d8c32e3cf06a3047133942', 'guoyan.fu', 'af2bdbe1aa9b6ec1e2ade1d694f41fc71a831d0268e9891562113d8a62add1bf', 'Guoyan', 'Fu', 'fuguoyan@mail.knauf.com.cn', '2020-09-26', '2019-09-26 03:39:15', '2019-09-26 03:39:15', 1, '', '', '', ''),
('1869611455cdfce632a2279014922776', '', 'af2bdbe1aa9b6ec1e2ade1d694f41fc71a831d0268e9891562113d8a62add1bf', 'Jane', 'Doe', 'jayke.anderson@knauf.com.au', '2019-05-30', '2019-05-18 09:20:35', '2019-05-18 09:20:35', 0, '', '', '', ''),
('1989991545bda55b6d10632082797630', 'kevin.armstrong', 'af2bdbe1aa9b6ec1e2ade1d694f41fc71a831d0268e9891562113d8a62add1bf', 'Kevin', 'Armstrong', 'jayke.anderson@knauf.com.au', '2019-11-01', '2018-11-01 01:24:06', '2019-09-05 22:50:18', 1, '', '', '', ''),
('2049337045d56668f73de37027302004', 'hendra', 'af2bdbe1aa9b6ec1e2ade1d694f41fc71a831d0268e9891562113d8a62add1bf', 'Hendra', '.', 'jayke.anderson@knauf.com.au', '2020-08-16', '2019-08-16 08:17:19', '2019-09-06 01:57:03', 1, '', '', '', ''),
('2074846145d8c312805b846015816119', 'sheng.wei', 'af2bdbe1aa9b6ec1e2ade1d694f41fc71a831d0268e9891562113d8a62add1bf', 'Sheng', 'Wei', 'weisheng@mail.knauf.com.cn', '2020-09-26', '2019-09-26 03:31:52', '2019-09-26 04:25:18', 1, '', '', '', ''),
('2085756345d8c33d2b783f6053895586', 'zhenyong.liu', 'af2bdbe1aa9b6ec1e2ade1d694f41fc71a831d0268e9891562113d8a62add1bf', 'Zhenyong', 'Liu', 'liuzhenyong@mail.knauf.com.cn', '2020-09-26', '2019-09-26 03:43:14', '2019-09-26 03:43:14', 1, '', '', '', ''),
('2093925165d3fb32135f691068948951', 'porfirio.banaag', 'd3f07d88abc61affa1f244b8f6a2bdb1467d55d2303ec605824f836721c8e877', 'Porfirio', 'Banaag', 'jayke.anderson@knauf.com.au', '2020-07-30', '2019-07-30 03:01:53', '2019-09-06 01:57:16', 1, '', '', '', ''),
('2111915495d3fdaa6c7bfd2052497434', 'wayne.studdon', 'af2bdbe1aa9b6ec1e2ade1d694f41fc71a831d0268e9891562113d8a62add1bf', 'Wayne', 'Studdon', 'jayke.anderson@knauf.com.au', '2020-07-30', '2019-07-30 05:50:30', '2019-09-06 01:57:28', 1, '', '', '', ''),
('2139438985da67f0c7b6e08056718790', 'phil.renwick', '28efb68dcba507ecd182bead31e4e2d159b0f9185861d1ebfe60a12dfb310300', 'Phil', 'Renwick', 'Phil.Renwick@Knauf.com.au', '2020-10-16', '2019-10-16 02:23:08', '2019-10-16 02:23:08', 1, '', '', '', ''),
('2215831685da681087830d4061666754', 'alfons.montebello', '28efb68dcba507ecd182bead31e4e2d159b0f9185861d1ebfe60a12dfb310300', 'Alfons', 'Montebello', 'alfons.montebello@knauf.com.au', '2020-10-16', '2019-10-16 02:31:36', '2019-10-16 02:31:36', 1, '', '', '', ''),
('2316337335da67f4e5ece70022849695', 'stewart.keen', '28efb68dcba507ecd182bead31e4e2d159b0f9185861d1ebfe60a12dfb310300', 'Stewart', 'Keen', 'stewart.keen@knauf.com.au', '2020-10-16', '2019-10-16 02:24:14', '2019-10-16 02:24:14', 1, '', '', '', ''),
('2323737065da67c85a35390083336860', 'justin.weier', '28efb68dcba507ecd182bead31e4e2d159b0f9185861d1ebfe60a12dfb310300', 'Justin', 'Weier', 'justin.weier@knauf.com.au', '2020-10-16', '2019-10-16 02:12:21', '2019-10-16 02:12:21', 1, '', '', '', ''),
('2381908305d899619115686069376368', 'tao.ning', 'af2bdbe1aa9b6ec1e2ade1d694f41fc71a831d0268e9891562113d8a62add1bf', 'Tao', 'Ning', 'ningtao@mail.knauf.com.cn', '2020-09-24', '2019-09-24 04:05:45', '2019-09-24 04:05:45', 1, '', '', '', ''),
('2554175045cdfc77f406325086501673', '', 'af2bdbe1aa9b6ec1e2ade1d694f41fc71a831d0268e9891562113d8a62add1bf', 'Jane', 'Doe', 'jayke.anderson@knauf.com.au', '2019-05-30', '2019-05-18 08:51:11', '2019-05-18 08:51:11', 0, '', '', '', ''),
('2601324285da67a6a730e37035210046', 'shailesh.pathak', '28efb68dcba507ecd182bead31e4e2d159b0f9185861d1ebfe60a12dfb310300', 'Shailesh', 'Pathak', 'shailesh.pathak@knauf.com.au', '2020-10-16', '2019-10-16 02:03:22', '2019-10-16 02:03:22', 1, '', '', '', ''),
('2693417175d3fb0feda35e7039543989', 'paul.buller', 'af2bdbe1aa9b6ec1e2ade1d694f41fc71a831d0268e9891562113d8a62add1bf', 'Paul', 'Buller', 'jayke.anderson@knauf.com.au', '2020-07-30', '2019-07-30 02:52:46', '2019-09-06 01:57:38', 1, '', '', '', ''),
('2771927115da67c5f2d03b2019228248', 'jose.motato', '28efb68dcba507ecd182bead31e4e2d159b0f9185861d1ebfe60a12dfb310300', 'Jose', 'Motato Londono', 'Jose.Motato@Knauf.com.au', '2020-10-16', '2019-10-16 02:11:43', '2019-10-16 02:11:43', 1, '', '', '', ''),
('2803150955da67fb36f88d3083119520', 'mo.chahal', '28efb68dcba507ecd182bead31e4e2d159b0f9185861d1ebfe60a12dfb310300', 'Mo', 'Chahal', 'mo.chahal@knauf.com.au', '2020-10-16', '2019-10-16 02:25:55', '2019-10-16 02:25:55', 1, '', '', '', ''),
('2855639345d56627e3f8489036206655', 'ahmad.jasul', 'eb790620f3c1082b7819588ca8d688cd0aa30b70a86e14c3853e786b8c84a4ff', 'Ahmad', 'jasul', 'jayke.anderson@knauf.com.au', '2020-08-16', '2019-08-16 07:59:58', '2019-09-06 01:57:51', 1, '', '', '', ''),
('2856390745c792ba8eb0359090875314', 'dev2pm', 'af2bdbe1aa9b6ec1e2ade1d694f41fc71a831d0268e9891562113d8a62add1bf', 'Developer2', 'ProcessMaker', 'jayke.anderson@knauf.com.au', '2020-03-01', '2019-03-01 12:55:04', '2019-09-06 01:58:03', 1, '', '', '', ''),
('3065051765d5365636020f4090660944', 'sandy.basuki', 'fb7144c2389c2c0742ddf492b589fd045a0920595db7145ae4641035929d994d', 'Sandy', 'Basuki', 'jayke.anderson@knauf.com.au', '2020-08-14', '2019-08-14 01:35:31', '2019-09-06 01:58:14', 1, '', '', '', ''),
('3173011715d8c1e9e123911076914764', 'liu.tong', 'af2bdbe1aa9b6ec1e2ade1d694f41fc71a831d0268e9891562113d8a62add1bf', 'Liu', 'Tong', 'liutong@mail.knauf.com.cn', '2020-09-26', '2019-09-26 02:12:46', '2019-09-26 02:12:46', 1, '', '', '', ''),
('3271758435d3fb41606e330094073909', 'rachel.aldovino', 'af2bdbe1aa9b6ec1e2ade1d694f41fc71a831d0268e9891562113d8a62add1bf', 'Rachel', 'Aldovino', 'jayke.anderson@knauf.com.au', '2020-07-30', '2019-07-30 03:05:58', '2019-09-06 01:58:27', 1, '', '', '', ''),
('3331645055da681b837ef29023967870', 'joe.mori', '28efb68dcba507ecd182bead31e4e2d159b0f9185861d1ebfe60a12dfb310300', 'Joe', 'Mori', 'joe.mori@knauf.com.au', '2020-10-16', '2019-10-16 02:34:32', '2019-10-16 02:34:32', 1, '', '', '', ''),
('3379723005d3fb1974f8161050059451', 'jeffrey.rodenas', '7f0300240d0aee1716f258f2e92b7f408e813c89992996647d814c348de11018', 'Jeffrey', 'Rodenas', 'jayke.anderson@knauf.com.au', '2020-07-30', '2019-07-30 02:55:19', '2019-09-06 01:58:37', 1, '', '', '', ''),
('3419054305d3fb00f664051020317401', 'exuper.manalo', '9714e2ca440f915e247d94d814f60e8ac4726e4109139c671aa362011708c590', 'Exuper Cleth', 'Manalo', 'jayke.anderson@knauf.com.au', '2020-07-30', '2019-07-30 02:48:47', '2019-09-06 01:58:49', 1, '', '', '', ''),
('3524852725d565e0a0239b0007445348', 'yoice.perdanayanti', 'af2bdbe1aa9b6ec1e2ade1d694f41fc71a831d0268e9891562113d8a62add1bf', 'Yoice', 'Perdanayanti', 'jayke.anderson@knauf.com.au', '2020-08-16', '2019-08-16 07:40:58', '2019-09-06 02:00:00', 1, '', '', '', ''),
('3553682275d8c30caa5c0c1099848350', 'yin.xu', 'af2bdbe1aa9b6ec1e2ade1d694f41fc71a831d0268e9891562113d8a62add1bf', 'Yin', 'Xu', 'xuyin@mail.knauf.com.cn', '2020-09-26', '2019-09-26 03:30:18', '2019-09-26 03:30:18', 1, '', '', '', ''),
('3578277445da67c41e92b23066508588', 'silvia.lima', '28efb68dcba507ecd182bead31e4e2d159b0f9185861d1ebfe60a12dfb310300', 'Silvia', 'Lima', 'Silvia.Lima@Knauf.com.au', '2020-10-16', '2019-10-16 02:11:13', '2019-10-16 02:11:13', 1, '', '', '', ''),
('3578509695c8f4e2423a989058192977', 'les.triffet', 'af2bdbe1aa9b6ec1e2ade1d694f41fc71a831d0268e9891562113d8a62add1bf', 'Les', 'Triffet', 'jayke.anderson@knauf.com.au', '2020-03-18', '2019-03-18 07:52:04', '2019-09-06 02:00:14', 0, '', '', '', ''),
('3598706955d3fae80be9790014842879', 'aristeo.baloja', 'af2bdbe1aa9b6ec1e2ade1d694f41fc71a831d0268e9891562113d8a62add1bf', 'Aristeo', 'Baloja', 'jayke.anderson@knauf.com.au', '2020-07-30', '2019-07-30 02:42:08', '2019-09-06 02:00:32', 1, '', '', '', ''),
('3673074545d5663a94f3141037191568', 'nikmatulloh.Rifai', 'af2bdbe1aa9b6ec1e2ade1d694f41fc71a831d0268e9891562113d8a62add1bf', 'Nikmatulloh', 'Rifai', 'jayke.anderson@knauf.com.au', '2020-08-16', '2019-08-16 08:04:57', '2019-09-06 02:00:53', 1, '', '', '', ''),
('3685603045c8f4dcb1ef9d9059890202', 'kathryn.walker', 'af2bdbe1aa9b6ec1e2ade1d694f41fc71a831d0268e9891562113d8a62add1bf', 'Kathryn', 'Walker', 'jayke.anderson@knauf.com.au', '2020-03-18', '2019-03-18 07:50:35', '2019-09-06 02:30:24', 1, '', '', '', ''),
('3745184045d3fb23a2f2454076865364', 'rolando.dullavin', 'af2bdbe1aa9b6ec1e2ade1d694f41fc71a831d0268e9891562113d8a62add1bf', 'Rolando', 'Dullavin', 'jayke.anderson@knauf.com.au', '2020-07-30', '2019-07-30 02:58:02', '2019-09-06 02:30:49', 1, '', '', '', ''),
('3824924435da681fab0b2e6095393904', 'michael.thomas', '28efb68dcba507ecd182bead31e4e2d159b0f9185861d1ebfe60a12dfb310300', 'Michael', 'Thomas', 'michael.thomas@knauf.com.au', '2020-10-16', '2019-10-16 02:35:38', '2019-10-16 02:35:38', 1, '', '', '', ''),
('3836525225d89d77abced44087377857', 'qiang.wang', 'af2bdbe1aa9b6ec1e2ade1d694f41fc71a831d0268e9891562113d8a62add1bf', 'Qiang', 'Wang', 'wangqiang@mail.knauf.com.cn', '2020-09-24', '2019-09-24 08:44:42', '2019-09-24 08:44:42', 1, '', '', '', ''),
('3930912035d3faf59b09902089462932', 'jocelyn.pinay', 'af2bdbe1aa9b6ec1e2ade1d694f41fc71a831d0268e9891562113d8a62add1bf', 'Jocelyn', 'Pinay', 'jayke.anderson@knauf.com.au', '2020-07-30', '2019-07-30 02:45:45', '2019-09-06 02:31:02', 1, '', '', '', ''),
('3944011005d88cd51913149014356219', '', 'af2bdbe1aa9b6ec1e2ade1d694f41fc71a831d0268e9891562113d8a62add1bf', 'Xiao', 'Zhang', 'zhangxiao@mail.knauf.com.cn', '2020-09-23', '2019-09-23 13:49:05', '2019-09-23 13:49:05', 0, '', '', '', ''),
('3957166655da67d1a69f7b6027736960', 'neil.carlish', '28efb68dcba507ecd182bead31e4e2d159b0f9185861d1ebfe60a12dfb310300', 'Neil', 'Carlish', 'neil.carlish@knauf.com.au', '2020-10-16', '2019-10-16 02:14:50', '2019-10-16 02:14:50', 1, '', '', '', ''),
('3987780125d89955fa385e3001148799', 'yong.chen', '8d969eef6ecad3c29a3a629280e686cf0c3f5d5a86aff3ca12020c923adc6c92', 'Yong', 'Chen', 'chenyong@mail.knauf.com.cn', '2020-09-24', '2019-09-24 04:02:39', '2019-09-25 02:08:50', 1, '', '', '', ''),
('4056534755da6803f0eb862018477646', 'andrew.young', '28efb68dcba507ecd182bead31e4e2d159b0f9185861d1ebfe60a12dfb310300', 'Andrew', 'Young', 'andrew.young@knauf.com.au', '2020-10-16', '2019-10-16 02:28:15', '2019-10-16 02:28:15', 1, '', '', '', ''),
('4069563405d8c37d43453a5016485401', 'ziqiao.ye', 'af2bdbe1aa9b6ec1e2ade1d694f41fc71a831d0268e9891562113d8a62add1bf', 'Ziqiao', 'Ye', 'yeziqiao@mail.knauf.com.cn', '2020-09-26', '2019-09-26 04:00:20', '2019-09-26 04:00:20', 1, '', '', '', ''),
('4242841965d896ed7f24a04017033985', 'hongan.ren', '7fe470043b318dba7e07b86d0a910f180ad806bd23dd3ace9b9910c36f0cfb8a', 'Hongan', 'Ren', 'renhongan@mail.knauf.com.cn', '2020-09-24', '2019-09-24 01:18:15', '2019-09-25 02:07:44', 1, '', '', '', ''),
('4260826805d3fb5389edd83076285094', 'aleksei.mikhailov', '6d39baff5327937c17a7574857633ca19c8b6d39df70cbc04c1c2aabea5fb809', 'Aleksei', 'Mikhailov', 'jayke.anderson@knauf.com.au', '2020-07-30', '2019-07-30 03:10:48', '2019-09-06 02:31:17', 1, '', '', '', ''),
('4263232775da67b0bea0001091259927', 'katrina.bale', '28efb68dcba507ecd182bead31e4e2d159b0f9185861d1ebfe60a12dfb310300', 'Katrina', 'Bale', 'katrina.bale@knauf.com.au', '2020-10-16', '2019-10-16 02:06:03', '2019-10-16 02:06:03', 1, '', '', '', ''),
('4326164425d3fb1c56edc24051306598', 'crissia.alonzo', 'af2bdbe1aa9b6ec1e2ade1d694f41fc71a831d0268e9891562113d8a62add1bf', 'Crissia', 'Alonzo', 'jayke.anderson@knauf.com.au', '2020-07-30', '2019-07-30 02:56:05', '2019-09-06 02:31:30', 1, '', '', '', ''),
('4329610375d5662bdadebd4057853127', 'yusup.ruckman', 'af2bdbe1aa9b6ec1e2ade1d694f41fc71a831d0268e9891562113d8a62add1bf', 'Yusup', 'Ruckman', 'jayke.anderson@knauf.com.au', '2020-08-16', '2019-08-16 08:01:01', '2019-09-06 02:31:45', 1, '', '', '', ''),
('4335124725da67e028a8c08040348247', 'sharon.brailey', '28efb68dcba507ecd182bead31e4e2d159b0f9185861d1ebfe60a12dfb310300', 'Sharon', 'Brailey', 'sharon.brailey@knauf.com.au', '2020-10-16', '2019-10-16 02:18:42', '2019-10-16 02:18:42', 1, '', '', '', ''),
('4419754665da6821f65f300080642637', 'michael.holding', '28efb68dcba507ecd182bead31e4e2d159b0f9185861d1ebfe60a12dfb310300', 'Michael', 'Holding', 'Michael.Holding@Knauf.com.au', '2020-10-16', '2019-10-16 02:36:15', '2019-10-16 02:36:15', 1, '', '', '', ''),
('4450615135da67f6c951ac0072299981', 'george.moawad', '28efb68dcba507ecd182bead31e4e2d159b0f9185861d1ebfe60a12dfb310300', 'George', 'Moawad', 'George.Moawad@Knauf.com.au', '2020-10-16', '2019-10-16 02:24:44', '2019-10-16 02:24:44', 1, '', '', '', ''),
('4590248685da67ff688b276026450711', 'dean.piper', '28efb68dcba507ecd182bead31e4e2d159b0f9185861d1ebfe60a12dfb310300', 'Dean', 'Piper', 'Dean.Piper@Knauf.com.au', '2020-10-16', '2019-10-16 02:27:02', '2019-10-16 02:27:02', 1, '', '', '', ''),
('4709776055da68196293250000821510', 'george.mamic', '28efb68dcba507ecd182bead31e4e2d159b0f9185861d1ebfe60a12dfb310300', 'George', 'Mamic', 'george.mamic@knauf.com.au', '2020-10-16', '2019-10-16 02:33:58', '2019-10-16 02:33:58', 1, '', '', '', ''),
('4761488705d3fb35a113365098753209', 'aldrian.mendoza', 'af2bdbe1aa9b6ec1e2ade1d694f41fc71a831d0268e9891562113d8a62add1bf', 'Aldrian', 'Mendoza', 'jayke.anderson@knauf.com.au', '2020-07-30', '2019-07-30 03:02:50', '2019-09-06 02:32:00', 1, '', '', '', ''),
('4779217155d89d65006bad3086274590', 'jianqiang.wang', 'af2bdbe1aa9b6ec1e2ade1d694f41fc71a831d0268e9891562113d8a62add1bf', 'Jianqiang', 'Wang', 'wangjianqiang@mail.knauf.com.cn', '2020-09-24', '2019-09-24 08:39:44', '2019-09-24 08:39:44', 1, '', '', '', ''),
('4814003185d8c2fd310c5b2001484733', 'xiangyu.luo', 'af2bdbe1aa9b6ec1e2ade1d694f41fc71a831d0268e9891562113d8a62add1bf', 'Xiangyu', 'Luo', 'luoxiangyu@mail.knauf.com.cn', '2020-09-26', '2019-09-26 03:26:11', '2019-09-26 03:26:11', 1, '', '', '', ''),
('4848956625d5664cb1ded96045552819', 'suhartono.salim', 'af2bdbe1aa9b6ec1e2ade1d694f41fc71a831d0268e9891562113d8a62add1bf', 'Suhartono', 'Salim', 'jayke.anderson@knauf.com.au', '2020-08-16', '2019-08-16 08:09:47', '2019-09-06 02:32:14', 1, '', '', '', ''),
('4947513325d8c376d6b3dd6059801750', 'jingyu.wang', 'af2bdbe1aa9b6ec1e2ade1d694f41fc71a831d0268e9891562113d8a62add1bf', 'Jingyu', 'Wang', 'wangjingyu@mail.knauf.com.cn', '2020-09-26', '2019-09-26 03:58:37', '2019-09-26 03:58:37', 1, '', '', '', ''),
('4952935735da67ec5eb0410083504192', 'chris.williams', '28efb68dcba507ecd182bead31e4e2d159b0f9185861d1ebfe60a12dfb310300', 'Chris', 'Williams', 'chris.williams@knauf.com.au', '2020-10-16', '2019-10-16 02:21:57', '2019-10-16 02:21:57', 1, '', '', '', ''),
('5031433015d89d507f16c16065285438', 'zhengfeng.sun', 'af2bdbe1aa9b6ec1e2ade1d694f41fc71a831d0268e9891562113d8a62add1bf', 'Zhengfeng', 'Sun', 'sunzhengfeng@mail.knauf.com.cn', '2020-09-24', '2019-09-24 08:34:15', '2019-09-24 08:34:15', 1, '', '', '', ''),
('5054254075c866080af6348028578652', 'steve.bean', 'af2bdbe1aa9b6ec1e2ade1d694f41fc71a831d0268e9891562113d8a62add1bf', 'Steve', 'Bean', 'jayke.anderson@knauf.com.au', '2020-03-11', '2019-03-11 13:20:00', '2019-09-06 02:32:28', 1, '', '', '', ''),
('5113640855d3fb444579492076828036', 'kathleen.sagutin', '310fe4caf555c82a9202095c54c7e6ec52b835e9b189d810b8ae2f1a052e26f1', 'Kathleen', 'Sagutin', 'jayke.anderson@knauf.com.au', '2020-07-30', '2019-07-30 03:06:44', '2019-09-06 02:33:03', 1, '', '', '', ''),
('5139881255d8c317d757932057263503', 'jiangen.hu', 'af2bdbe1aa9b6ec1e2ade1d694f41fc71a831d0268e9891562113d8a62add1bf', 'Jiangen', 'Hu', 'hujiangen@mail.knauf.com.cn', '2020-09-26', '2019-09-26 03:33:17', '2019-09-26 03:33:17', 1, '', '', '', ''),
('5346289105d8c36d8387457088887490', 'jingjun.zhang', 'af2bdbe1aa9b6ec1e2ade1d694f41fc71a831d0268e9891562113d8a62add1bf', 'Jingjun', 'Zhang', 'zhangjingjun@mail.knauf.com.cn', '2020-09-26', '2019-09-26 03:56:08', '2019-09-26 03:56:08', 1, '', '', '', ''),
('5456659515da67ee69c18b8068991402', 'steve.james', '28efb68dcba507ecd182bead31e4e2d159b0f9185861d1ebfe60a12dfb310300', 'Steve', 'James', 'steve.james@knauf.com.au', '2020-10-16', '2019-10-16 02:22:30', '2019-10-16 02:22:30', 1, '', '', '', ''),
('5500384265d896e69d56754013129235', 'jiaoyue.wu', '8d969eef6ecad3c29a3a629280e686cf0c3f5d5a86aff3ca12020c923adc6c92', 'Jiaoyue', 'Wu', 'wujiaoyue@mail.knauf.com.cn', '2020-09-24', '2019-09-24 01:16:25', '2019-09-25 02:07:59', 1, '', '', '', ''),
('5562730065cdfc4c5588610026429241', '', 'af2bdbe1aa9b6ec1e2ade1d694f41fc71a831d0268e9891562113d8a62add1bf', 'Jane', 'Doe', 'jayke.anderson@knauf.com.au', '2019-05-30', '2019-05-18 08:39:33', '2019-05-18 08:39:33', 0, '', '', '', ''),
('5599593145d565dc26b0416091527599', 'endang.wigiarti', 'af2bdbe1aa9b6ec1e2ade1d694f41fc71a831d0268e9891562113d8a62add1bf', 'Endang', 'Wigiarti', 'jayke.anderson@knauf.com.au', '2020-08-16', '2019-08-16 07:39:46', '2019-09-06 02:33:17', 1, '', '', '', ''),
('5630526805da67b63b08b73056239136', 'kristin.gibbs', '28efb68dcba507ecd182bead31e4e2d159b0f9185861d1ebfe60a12dfb310300', 'Kristin', 'Gibbs', 'kristin.gibbs@knauf.com.au', '2020-10-16', '2019-10-16 02:07:31', '2019-10-16 02:07:31', 1, '', '', '', ''),
('5640199155d3fdb2985ef85050357369', 'kevin.vanaerle', 'af2bdbe1aa9b6ec1e2ade1d694f41fc71a831d0268e9891562113d8a62add1bf', 'Kevin', 'VanAerle', 'jayke.anderson@knauf.com.au', '2020-07-30', '2019-07-30 05:52:41', '2019-09-06 02:33:29', 1, '', '', '', ''),
('5650984815d8c369150ca96032709671', 'changjun.bi', 'af2bdbe1aa9b6ec1e2ade1d694f41fc71a831d0268e9891562113d8a62add1bf', 'Changjun', 'Bi', 'bichangjun@mail.knauf.com.cn', '2020-09-26', '2019-09-26 03:54:57', '2019-09-26 03:54:57', 1, '', '', '', ''),
('5728128025d899509707c12011854138', 'xiaochao.gong', '8d969eef6ecad3c29a3a629280e686cf0c3f5d5a86aff3ca12020c923adc6c92', 'Xiaochao', 'Gong', 'gongxiaochao@mail.knauf.com.cn', '2020-09-24', '2019-09-24 04:01:13', '2019-09-25 07:35:25', 1, '', '', '', ''),
('5777808965ca51f4d3b85c7017355707', '', '20842a893c04c146dadd7e58f1f8d75705e94e8011ea7aa13f2cae6523a2fd5d', 'Pedro', 'Silva', 'jayke.anderson@knauf.com.au', '2020-04-03', '2019-04-03 21:02:05', '2019-04-03 21:02:05', 0, '', '', '', ''),
('5906980245da68286204636054977111', 'anna.bayder', '28efb68dcba507ecd182bead31e4e2d159b0f9185861d1ebfe60a12dfb310300', 'Anna', 'Bayder', 'anna.bayder@knauf.com.au', '2020-10-16', '2019-10-16 02:37:58', '2019-10-16 02:37:58', 1, '', '', '', ''),
('5920847225d3fb1f855c6b7050293073', 'lenie.morte', 'af2bdbe1aa9b6ec1e2ade1d694f41fc71a831d0268e9891562113d8a62add1bf', 'Lenie Rose', 'Morte', 'jayke.anderson@knauf.com.au', '2020-07-30', '2019-07-30 02:56:56', '2019-09-06 02:33:42', 1, '', '', '', ''),
('5941327905d53663653cb83031459207', 'dwi.lestari', '871dc6af697b436aae9313963651e09b8d47bd6e05f952ce80ff32e37d9e4c3e', 'Dwi', 'Lestari', 'jayke.anderson@knauf.com.au', '2020-08-14', '2019-08-14 01:39:02', '2019-09-06 02:35:37', 1, '', '', '', ''),
('6007216615d89d436cf8357099994899', 'mi.tian', '31af83445fbbdc730cca704f96db0f85ff8d8a899042ce4131e11a054596e351', 'Mi', 'Tian', 'tianmi@mail.knauf.com.cn', '2020-09-24', '2019-09-24 08:30:46', '2019-09-25 02:09:05', 1, '', '', '', ''),
('6066674725d89d5bb28f126033248393', 'jun.liang', 'ef797c8118f02dfb649607dd5d3f8c7623048c9c063d532cc95c5ed7a898a64f', 'Jun', 'Liang', 'liangjun@mail.knauf.com.cn', '2020-09-24', '2019-09-24 08:37:15', '2019-09-25 02:09:17', 1, '', '', '', ''),
('6098984245d896f5da61a74007328013', 'zhongqiu.lu', '7b4ccf4849d0c71c51dade3c7a6afca55d72e9cd7b4d207df3770f300e3addad', 'Zhongqiu', 'Lu', 'luzhongqiu@mail.knauf.com.cn', '2020-09-24', '2019-09-24 01:20:29', '2019-09-25 02:07:54', 1, '', '', '', ''),
('6146450595d3fb0479da195014124954', 'ronald.lacsamana', '017be0cbe0d440c7b40c39152c41b51cf10d8fcb6f2a8cebbbd0cea273a69a1a', 'Ronald', 'Lacsamana', 'jayke.anderson@knauf.com.au', '2020-07-30', '2019-07-30 02:49:43', '2019-09-06 02:35:51', 1, '', '', '', ''),
('6261178115d3fe250ab9443085058305', 'io.sarmiento', 'af2bdbe1aa9b6ec1e2ade1d694f41fc71a831d0268e9891562113d8a62add1bf', 'Io', 'Sarmiento', 'jayke.anderson@knauf.com.au', '2020-07-30', '2019-07-30 06:23:12', '2019-09-06 02:36:04', 1, '', '', '', ''),
('6275750785d3fdb62451f08022724475', 'leo.alarcon', 'af2bdbe1aa9b6ec1e2ade1d694f41fc71a831d0268e9891562113d8a62add1bf', 'Leonel', 'Alarcon', 'jayke.anderson@knauf.com.au', '2020-07-30', '2019-07-30 05:53:38', '2019-09-06 02:36:18', 1, '', '', '', ''),
('6336081655d89d6de6e1bd6001256112', 'ying.chen', 'af2bdbe1aa9b6ec1e2ade1d694f41fc71a831d0268e9891562113d8a62add1bf', 'Ying', 'Chen', 'chenying@mail.knauf.com.cn', '2020-09-24', '2019-09-24 08:42:06', '2019-09-24 08:42:06', 1, '', '', '', ''),
('6344301225d3fe2181619a9065735923', 'mich.delarosa', 'af2bdbe1aa9b6ec1e2ade1d694f41fc71a831d0268e9891562113d8a62add1bf', 'Mich', 'Dela Rosa', 'jayke.anderson@knauf.com.au', '2020-07-30', '2019-07-30 06:22:16', '2019-09-06 02:36:45', 1, '', '', '', ''),
('6369199765d8995c974e238032585434', 'xiao.zhang', 'af2bdbe1aa9b6ec1e2ade1d694f41fc71a831d0268e9891562113d8a62add1bf', 'Xiao', 'Zhang', 'zhangxiao@mail.knauf.com.cn', '2020-09-24', '2019-09-24 04:04:25', '2019-09-24 04:04:25', 1, '', '', '', ''),
('6476663655da679d2de0821067225213', 'matthew.hirst', '28efb68dcba507ecd182bead31e4e2d159b0f9185861d1ebfe60a12dfb310300', 'Matthew', 'Hirst', 'matthew.hirst@knauf.com.au', '2020-10-16', '2019-10-16 02:00:50', '2019-10-16 02:00:50', 1, '', '', '', ''),
('6608302035d56610eeca133097238228', 'guzali.bambang', 'af2bdbe1aa9b6ec1e2ade1d694f41fc71a831d0268e9891562113d8a62add1bf', 'Khoe Guzali', 'Bambang', 'jayke.anderson@knauf.com.au', '2020-08-16', '2019-08-16 07:53:50', '2019-09-06 02:37:00', 1, '', '', '', ''),
('6621945965da681d6a233a8044370209', 'stephanie.olsen', '28efb68dcba507ecd182bead31e4e2d159b0f9185861d1ebfe60a12dfb310300', 'Stephanie', 'Olsen', 'stephanie.olsen@knauf.com.au', '2020-10-16', '2019-10-16 02:35:02', '2019-10-16 02:35:02', 1, '', '', '', ''),
('6734909165c8660b18cef85071846108', 'gavin.burton', '3ad541e6c2b8412b77e0b499d1a14d7cc7bfe9ef081568c4b4b67bed75dc227d', 'Gavin', 'Burton', 'jayke.anderson@knauf.com.au', '2020-03-11', '2019-03-11 13:20:49', '2019-10-19 12:27:14', 1, '', '', '', ''),
('6841470775da680abc42670032775599', 'ken.holdstock', '28efb68dcba507ecd182bead31e4e2d159b0f9185861d1ebfe60a12dfb310300', 'Ken', 'Holdstock', 'Ken.Holdstock@Knauf.com.au', '2020-10-16', '2019-10-16 02:30:03', '2019-10-16 02:30:03', 1, '', '', '', ''),
('6881775295da678df701ae1003692186', 'alan.skicko', '28efb68dcba507ecd182bead31e4e2d159b0f9185861d1ebfe60a12dfb310300', 'Alan', 'Skicko', 'alan.skicko@knauf.com.au', '2020-10-16', '2019-10-16 01:56:47', '2019-10-16 01:56:47', 1, '', '', '', ''),
('6990077575d3fb38a8a9393087566831', 'emmy.bejo', 'af2bdbe1aa9b6ec1e2ade1d694f41fc71a831d0268e9891562113d8a62add1bf', 'Emmy', 'Bejo', 'jayke.anderson@knauf.com.au', '2020-07-30', '2019-07-30 03:03:38', '2019-09-06 02:37:30', 1, '', '', '', ''),
('7039927345d5661b5e21f84023639041', 'ratna.yuli', 'af2bdbe1aa9b6ec1e2ade1d694f41fc71a831d0268e9891562113d8a62add1bf', 'Ratna Yuli', 'Ariyani', 'jayke.anderson@knauf.com.au', '2020-08-16', '2019-08-16 07:56:37', '2019-09-06 02:37:46', 1, '', '', '', ''),
('7053762775d5375935c6c46037431490', 'rama.krishnan', 'b96a287d713495da74ad11351ababe973442ed79130801f679a7d5838be82816', 'Rama', 'Krishnan', 'jayke.anderson@knauf.com.au', '2020-08-14', '2019-08-14 02:44:35', '2019-09-06 02:38:03', 1, '', '', '', ''),
('7076284835d56647ac4cfe7066681939', 'boedhi.santoso', 'af2bdbe1aa9b6ec1e2ade1d694f41fc71a831d0268e9891562113d8a62add1bf', 'Boedhi', 'Santoso', 'jayke.anderson@knauf.com.au', '2020-08-16', '2019-08-16 08:08:26', '2019-09-06 02:39:17', 1, '', '', '', ''),
('7158000975d8c37219e1820032014524', 'qinzheng.chen', 'af2bdbe1aa9b6ec1e2ade1d694f41fc71a831d0268e9891562113d8a62add1bf', 'Qinzheng', 'Chen', 'chenqinzheng@mail.knauf.com.cn', '2020-09-26', '2019-09-26 03:57:21', '2019-09-26 03:57:21', 1, '', '', '', ''),
('7159891755d3fae51668710043461935', 'joanna.castillo', 'af2bdbe1aa9b6ec1e2ade1d694f41fc71a831d0268e9891562113d8a62add1bf', 'Joanna Mary', 'Castillo', 'jayke.anderson@knauf.com.au', '2020-07-30', '2019-07-30 02:41:21', '2019-09-06 02:39:32', 1, '', '', '', ''),
('7175403755d89d72e3ef028062642819', 'pengcheng.yue', 'af2bdbe1aa9b6ec1e2ade1d694f41fc71a831d0268e9891562113d8a62add1bf', 'Pengcheng', 'Yue', 'yuepengcheng@mail.knauf.com.cn', '2020-09-24', '2019-09-24 08:43:26', '2019-09-24 08:43:26', 1, '', '', '', ''),
('7180008005d43dea5ae51a4096201329', 'oliver.moral', 'af2bdbe1aa9b6ec1e2ade1d694f41fc71a831d0268e9891562113d8a62add1bf', 'Oliver', 'Moral', 'jayke.anderson@knauf.com.au', '2020-08-02', '2019-08-02 06:56:37', '2019-09-06 02:39:45', 1, '', '', '', ''),
('7199125345da67947256f93093511663', 'mark.warren', '28efb68dcba507ecd182bead31e4e2d159b0f9185861d1ebfe60a12dfb310300', 'Mark', 'Warren', 'mark.warren@knauf.com.au', '2020-10-16', '2019-10-16 01:58:31', '2019-10-16 01:58:31', 1, '', '', '', ''),
('7201430585c928822686af3071843170', 'john.smith', 'af2bdbe1aa9b6ec1e2ade1d694f41fc71a831d0268e9891562113d8a62add1bf', 'John', 'Smith', 'jayke.anderson@knauf.com.au', '2020-03-20', '2019-03-20 18:36:18', '2019-09-06 02:40:01', 0, '', '', '', ''),
('7293126885d3fb47c5227b1050208725', 'ivy.leobonchiong', 'af2bdbe1aa9b6ec1e2ade1d694f41fc71a831d0268e9891562113d8a62add1bf', 'Ivy Grace', 'Leobonchiong', 'jayke.anderson@knauf.com.au', '2020-07-30', '2019-07-30 03:07:40', '2019-09-06 02:40:14', 1, '', '', '', ''),
('7474175465c8f4dac447234050977038', 'martin.obrien', 'af2bdbe1aa9b6ec1e2ade1d694f41fc71a831d0268e9891562113d8a62add1bf', 'Martin', 'O\'Brien', 'jayke.anderson@knauf.com.au', '2020-03-18', '2019-03-18 07:50:04', '2019-09-06 02:43:27', 1, '', '', '', ''),
('7475349035c8660efaf47f5052308797', 'andy.rylance', 'af2bdbe1aa9b6ec1e2ade1d694f41fc71a831d0268e9891562113d8a62add1bf', 'Andy', 'Rylance', 'jayke.anderson@knauf.com.au', '2020-03-11', '2019-03-11 13:21:51', '2019-09-06 02:43:43', 1, '', '', '', ''),
('7610292385c86612287c860012103391', 'murray.read', 'af2bdbe1aa9b6ec1e2ade1d694f41fc71a831d0268e9891562113d8a62add1bf', 'Murray', 'Read', 'jayke.anderson@knauf.com.au', '2020-03-11', '2019-03-11 13:22:42', '2019-09-06 02:44:47', 1, '', '', '', ''),
('7765270725d565d518fe1a6018454218', 'endah.padmiwiyati', 'af2bdbe1aa9b6ec1e2ade1d694f41fc71a831d0268e9891562113d8a62add1bf', 'Endah', 'Padmiwiyati', 'jayke.anderson@knauf.com.au', '2020-08-16', '2019-08-16 07:37:53', '2019-09-06 02:45:01', 1, '', '', '', ''),
('8029862875da67b9b8f6305095172599', 'matthew.hughes', '28efb68dcba507ecd182bead31e4e2d159b0f9185861d1ebfe60a12dfb310300', 'Matthew', 'Hughes', 'Matthew.Hughes@Knauf.com.au', '2020-10-16', '2019-10-16 02:08:27', '2019-10-16 02:08:27', 1, '', '', '', ''),
('8065305425da67a078f34a9043354939', 'phil.james', '28efb68dcba507ecd182bead31e4e2d159b0f9185861d1ebfe60a12dfb310300', 'Phil', 'James', 'phil.james@knauf.com.au', '2020-10-16', '2019-10-16 02:01:43', '2019-10-16 02:01:43', 1, '', '', '', ''),
('8154080485da6806fddbd66071222267', 'andrew.carbines', '28efb68dcba507ecd182bead31e4e2d159b0f9185861d1ebfe60a12dfb310300', 'Andrew', 'Carbines', 'Carbines.Andrew@Knauf.com.au', '2020-10-16', '2019-10-16 02:29:03', '2019-10-16 02:29:03', 1, '', '', '', ''),
('8171364315d8c329d7a9d16079013163', 'yongqing.zheng', 'af2bdbe1aa9b6ec1e2ade1d694f41fc71a831d0268e9891562113d8a62add1bf', 'Yongqing', 'Zheng', 'zhengyongqing@mail.knauf.com.cn', '2020-09-26', '2019-09-26 03:38:05', '2019-09-26 03:38:05', 1, '', '', '', ''),
('8197082355c8f4e086fff47015880419', 'greg.bartlett', 'af2bdbe1aa9b6ec1e2ade1d694f41fc71a831d0268e9891562113d8a62add1bf', 'Greg', 'Bartlett', 'jayke.anderson@knauf.com.au', '2020-03-18', '2019-03-18 07:51:36', '2019-09-06 02:45:14', 0, '', '', '', ''),
('8328875875d8c1e392af352027907764', 'fangdi.yao', 'af2bdbe1aa9b6ec1e2ade1d694f41fc71a831d0268e9891562113d8a62add1bf', 'Fangdi', 'Yao', 'yaofangdi@mail.knauf.com.cn', '2020-09-26', '2019-09-26 02:11:05', '2019-09-26 02:11:05', 1, '', '', '', ''),
('8340544975da68012201db4019301236', 'julian.roborgh', '28efb68dcba507ecd182bead31e4e2d159b0f9185861d1ebfe60a12dfb310300', 'Julian', 'Roborgh', 'julian.roborgh@knauf.com.au', '2020-10-16', '2019-10-16 02:27:30', '2019-10-16 02:27:30', 1, '', '', '', ''),
('8416593055da67db6d5b5b7048512264', 'lance.mclaren', '28efb68dcba507ecd182bead31e4e2d159b0f9185861d1ebfe60a12dfb310300', 'Lance', 'Mclaren', 'Lance.Mclaren@Knauf.com.au', '2020-10-16', '2019-10-16 02:17:26', '2019-10-16 02:17:26', 1, '', '', '', ''),
('8505999125d8c363cf1b498046911445', 'shixi.hu', 'af2bdbe1aa9b6ec1e2ade1d694f41fc71a831d0268e9891562113d8a62add1bf', 'Shixi', 'Hu', 'hushixi@mail.knauf.com.cn', '2020-09-26', '2019-09-26 03:53:32', '2019-09-26 03:53:32', 1, '', '', '', ''),
('8531349125d3fb4b1b00465087302011', 'charlene.bonalos', 'af2bdbe1aa9b6ec1e2ade1d694f41fc71a831d0268e9891562113d8a62add1bf', 'Charlene Adele', 'Bonalos', 'jayke.anderson@knauf.com.au', '2020-07-30', '2019-07-30 03:08:33', '2019-09-06 02:46:00', 1, '', '', '', ''),
('8590576455da67fcea62da9061705484', 'trevor.denson', '28efb68dcba507ecd182bead31e4e2d159b0f9185861d1ebfe60a12dfb310300', 'Trevor', 'Denson', 'trevor.denson@knauf.com.au', '2020-10-16', '2019-10-16 02:26:22', '2019-10-16 02:26:22', 1, '', '', '', ''),
('8746855515c8f4dee1b4988096196525', 'adrian.kleitz', 'af2bdbe1aa9b6ec1e2ade1d694f41fc71a831d0268e9891562113d8a62add1bf', 'Adrian', 'Kleitz', 'jayke.anderson@knauf.com.au', '2020-03-18', '2019-03-18 07:51:10', '2019-09-06 02:46:17', 0, '', '', '', ''),
('8792452955da67e49b17296036519968', 'derek.dorward', '28efb68dcba507ecd182bead31e4e2d159b0f9185861d1ebfe60a12dfb310300', 'Derek', 'Dorward', 'derek.dorward@knauf.com.au', '2020-10-16', '2019-10-16 02:19:53', '2019-10-16 02:19:53', 1, '', '', '', ''),
('8795794585d3fb2eb5fafc4022757526', 'levi.mortel', 'af2bdbe1aa9b6ec1e2ade1d694f41fc71a831d0268e9891562113d8a62add1bf', 'Levi', 'Mortel', 'jayke.anderson@knauf.com.au', '2020-07-30', '2019-07-30 03:00:59', '2019-09-06 02:46:30', 1, '', '', '', ''),
('8864665895d566648a93fb0088442728', 'denny.chrysmianto', 'af2bdbe1aa9b6ec1e2ade1d694f41fc71a831d0268e9891562113d8a62add1bf', 'denny', 'Chrysmianto', 'jayke.anderson@knauf.com.au', '2020-08-16', '2019-08-16 08:16:08', '2019-09-06 02:46:44', 1, '', '', '', ''),
('8865389865da6826cad8b42002476195', 'nigel.mckenna', '28efb68dcba507ecd182bead31e4e2d159b0f9185861d1ebfe60a12dfb310300', 'Nigel', 'Mckenna', 'nigel.mckenna@knauf.com.au', '2020-10-16', '2019-10-16 02:37:32', '2019-10-16 02:37:32', 1, '', '', '', ''),
('8942076125d89d5657401d8092479205', 'jiefeng.zou', 'af2bdbe1aa9b6ec1e2ade1d694f41fc71a831d0268e9891562113d8a62add1bf', 'Jiefeng', 'Zou', 'zoujiefeng@mail.knauf.com.cn', '2020-09-24', '2019-09-24 08:35:49', '2019-09-24 08:35:49', 1, '', '', '', ''),
('8946535195d5662faf011e6090166947', 'iip.rohima', 'af2bdbe1aa9b6ec1e2ade1d694f41fc71a831d0268e9891562113d8a62add1bf', 'IIp', 'Rohima', 'jayke.anderson@knauf.com.au', '2020-08-16', '2019-08-16 08:02:02', '2019-09-06 02:46:58', 1, '', '', '', ''),
('8961555635da67d3d6e21c5065931492', 'tanya.everding', '28efb68dcba507ecd182bead31e4e2d159b0f9185861d1ebfe60a12dfb310300', 'Tanya', 'Everding', 'Tanya.Everding@knauf.com.au', '2020-10-16', '2019-10-16 02:15:25', '2019-10-16 02:15:25', 1, '', '', '', ''),
('8997789975d3fb079f12be9078658180', 'joey.cabadin', 'c6c1f0e4b44ff6e8d05b1e43205507a4e5216bcb16b987d063810989056bf983', 'Joey', 'Cabadin', 'jayke.anderson@knauf.com.au', '2020-07-30', '2019-07-30 02:50:33', '2019-09-06 02:47:11', 1, '', '', '', ''),
('9000221765da67e85c5fa94067275865', 'nhi.pham', '28efb68dcba507ecd182bead31e4e2d159b0f9185861d1ebfe60a12dfb310300', 'Nhi', 'Pham', 'nhi.pham@knauf.com.au', '2020-10-16', '2019-10-16 02:20:53', '2019-10-16 02:20:53', 1, '', '', '', ''),
('9016073965d89d698934963082937670', 'zhongsheng.chai', 'af2bdbe1aa9b6ec1e2ade1d694f41fc71a831d0268e9891562113d8a62add1bf', 'Zhongsheng', 'Chai', 'chaizhongsheng@mail.knauf.com.cn', '2020-09-24', '2019-09-24 08:40:56', '2019-09-24 08:40:56', 1, '', '', '', ''),
('9025096755d8c2ee51dc718037210041', 'chengzhong.zhan', 'af2bdbe1aa9b6ec1e2ade1d694f41fc71a831d0268e9891562113d8a62add1bf', 'Chengzhong', 'Zhan', 'zhanchengzhong@mail.knauf.com.cn', '2020-09-26', '2019-09-26 03:22:13', '2019-09-26 03:22:13', 1, '', '', '', ''),
('9025465935da67913e21e12035563892', 'arthur.sliwinski', '28efb68dcba507ecd182bead31e4e2d159b0f9185861d1ebfe60a12dfb310300', 'Arthur', 'Sliwinski', 'arthur.sliwinski@knauf.com.au', '2020-10-16', '2019-10-16 01:57:39', '2019-10-16 01:57:39', 1, '', '', '', ''),
('9070695965d3faf9b2cc299002226454', 'daryll.castro', 'af2bdbe1aa9b6ec1e2ade1d694f41fc71a831d0268e9891562113d8a62add1bf', 'Daryll', 'Castro', 'jayke.anderson@knauf.com.au', '2020-07-30', '2019-07-30 02:46:51', '2019-09-06 02:47:26', 1, '', '', '', ''),
('9122158895d3fb3e813e6c8050519838', 'henry.flores', 'd9e6cc045e45c60d35ba31b74ea55ef7a92cda26b73a06ad081df33f880d39fb', 'Henry', 'Flores', 'jayke.anderson@knauf.com.au', '2020-07-30', '2019-07-30 03:05:12', '2019-09-06 02:47:38', 1, '', '', '', ''),
('9157419215da67d8631b034036378092', 'andrew.balding', '28efb68dcba507ecd182bead31e4e2d159b0f9185861d1ebfe60a12dfb310300', 'Andrew', 'Balding', 'andrew.balding@knauf.com.au', '2020-10-16', '2019-10-16 02:16:38', '2019-10-16 02:16:38', 1, '', '', '', ''),
('9258697065da68161c54456026951941', 'alireza.bataghva', '28efb68dcba507ecd182bead31e4e2d159b0f9185861d1ebfe60a12dfb310300', 'Alireza', 'Bataghva', 'Alireza.Bataghva@knauf.com.au', '2020-10-16', '2019-10-16 02:33:05', '2019-10-16 02:33:05', 1, '', '', '', ''),
('9272044965d8c2f661a23a4024574885', 'baoru.qiu', 'af2bdbe1aa9b6ec1e2ade1d694f41fc71a831d0268e9891562113d8a62add1bf', 'Baoru', 'Qiu', 'qiubaoru@mail.knauf.com.cn', '2020-09-26', '2019-09-26 03:24:22', '2019-09-26 03:24:22', 1, '', '', '', ''),
('9329725595da67bd4c81857043935341', 'alex.johnson', '28efb68dcba507ecd182bead31e4e2d159b0f9185861d1ebfe60a12dfb310300', 'Alex', 'Johnson', 'alex.johnson@knauf.com.au', '2020-10-16', '2019-10-16 02:09:24', '2019-10-16 02:09:24', 1, '', '', '', ''),
('9342741515d56660ab93ae9033986900', 'samuel.hutabarat', 'af2bdbe1aa9b6ec1e2ade1d694f41fc71a831d0268e9891562113d8a62add1bf', 'Samuel', 'Hutabarat', 'jayke.anderson@knauf.com.au', '2020-08-16', '2019-08-16 08:15:06', '2019-09-06 02:47:51', 1, '', '', '', ''),
('9365292815c792b9072fda3097556850', 'dev1pm', '1fa83e79f516e13742c2c5fe51d12047b3d87d5526abda97bb853ef9091eb792', 'Developer1', 'ProcessMaker', 'jayke.anderson@knauf.com.au', '2020-03-01', '2019-03-01 12:54:40', '2019-09-06 02:48:06', 1, '', '', '', ''),
('9372259765d3fb29e806798081160447', 'leovino.alvarez', 'af2bdbe1aa9b6ec1e2ade1d694f41fc71a831d0268e9891562113d8a62add1bf', 'Leovino', 'Alvarez', 'jayke.anderson@knauf.com.au', '2020-07-30', '2019-07-30 02:59:42', '2019-09-06 02:48:24', 1, '', '', '', ''),
('9532802645da680cec04a50056308282', 'martin.o\'brien', '28efb68dcba507ecd182bead31e4e2d159b0f9185861d1ebfe60a12dfb310300', 'Martin', 'O\'Brien', 'Martin.O\'Brien@knauf.com.au', '2020-10-16', '2019-10-16 02:30:38', '2019-10-16 04:22:02', 1, '', '', '', ''),
('9547519345ca4b60b08cd27063022816', 'test', '8c6976e5b5410415bde908bd4dee15dfb167a9c873fc4bb8a81f6f2ab448a918', 'test', 'test', 'jayke.anderson@knauf.com.au', '2020-04-03', '2019-04-03 13:32:59', '2019-09-06 02:48:42', 0, '', '', '', ''),
('9564667245da681317ec022015945563', 'charles.barakat', '28efb68dcba507ecd182bead31e4e2d159b0f9185861d1ebfe60a12dfb310300', 'Charles', 'Barakat', 'Charles.Barakat@Knauf.com.au', '2020-10-16', '2019-10-16 02:32:17', '2019-10-16 02:32:17', 1, '', '', '', ''),
('9593112755da67de14330d4040899894', 'margaret.thorpe', '28efb68dcba507ecd182bead31e4e2d159b0f9185861d1ebfe60a12dfb310300', 'Margaret', 'Thorpe', 'Margaret.Thorpe@knauf.com.au', '2020-10-16', '2019-10-16 02:18:09', '2019-10-16 02:18:09', 1, '', '', '', ''),
('9622487665da67876e23f19066471657', 'stewart.cooke', '28efb68dcba507ecd182bead31e4e2d159b0f9185861d1ebfe60a12dfb310300', 'Stewart', 'Cooke', 'stewart.cooke@knauf.com.au', '2020-10-16', '2019-10-16 01:55:02', '2019-10-16 01:55:02', 1, '', '', '', ''),
('9670424635d3fb5125b9952098291574', 'marco.liwanag', '1786e2b8bfc370b179b2f01f094a08fb7602910b7b677fadb59ce6d968ae67ea', 'Marco Polo', 'Liwanag', 'jayke.anderson@knauf.com.au', '2020-07-30', '2019-07-30 03:10:10', '2019-09-06 02:49:07', 1, '', '', '', ''),
('9688651985c9287fd6dd871096977822', 'crystal.wendel', 'af2bdbe1aa9b6ec1e2ade1d694f41fc71a831d0268e9891562113d8a62add1bf', 'Crystal', 'Wendel', 'jayke.anderson@knauf.com.au', '2020-03-20', '2019-03-20 18:35:41', '2019-09-06 02:49:35', 1, '', '', '', ''),
('9718428045d89d5ff633628034005749', 'densen.zu', 'af2bdbe1aa9b6ec1e2ade1d694f41fc71a831d0268e9891562113d8a62add1bf', 'Densen', 'Zu', 'zudesen@mail.knauf.com.cn', '2020-09-24', '2019-09-24 08:38:23', '2019-09-24 08:38:23', 1, '', '', '', ''),
('9733734955bda5957591b88026488524', 'jayke.anderson', 'f15461f4f226ba57db5f43fcd675e5e4c061b9c38d45199df88c446b0b3f4897', 'Jayke', 'Anderson', 'jayke.anderson@knauf.com.au', '2019-11-01', '2018-11-01 01:39:35', '2019-10-22 22:36:02', 1, '', '', '', ''),
('9750851565da67f93a138d6092722198', 'pim.calkhoven', '28efb68dcba507ecd182bead31e4e2d159b0f9185861d1ebfe60a12dfb310300', 'Pim', 'Calkhoven', 'pim.calkhoven@knauf.com.au', '2020-10-16', '2019-10-16 02:25:23', '2019-10-16 02:25:23', 1, '', '', '', ''),
('9797748935da67cb12dcc75039479432', 'annette.bisinella', '28efb68dcba507ecd182bead31e4e2d159b0f9185861d1ebfe60a12dfb310300', 'Annette', 'Bisinella', 'annette.bisinella@knauf.com.au', '2020-10-16', '2019-10-16 02:13:05', '2019-10-16 02:13:05', 1, '', '', '', ''),
('9803445305d89d47bc64b09062203223', 'yu.liu', 'af2bdbe1aa9b6ec1e2ade1d694f41fc71a831d0268e9891562113d8a62add1bf', 'Yu', 'Liu', 'liuyu@mail.knauf.com.cn', '2020-09-24', '2019-09-24 08:31:55', '2019-09-24 08:31:55', 1, '', '', '', ''),
('9946648105d5661fe376241087092671', 'ahmad.soleh', 'af2bdbe1aa9b6ec1e2ade1d694f41fc71a831d0268e9891562113d8a62add1bf', 'Ahmad', 'Soleh', 'jayke.anderson@knauf.com.au', '2020-08-16', '2019-08-16 07:57:50', '2019-09-06 02:50:13', 1, '', '', '', '');

-- --------------------------------------------------------

--
-- Table structure for table `RBAC_USERS_ROLES`
--

CREATE TABLE `RBAC_USERS_ROLES` (
  `USR_UID` varchar(32) NOT NULL DEFAULT '',
  `ROL_UID` varchar(32) NOT NULL DEFAULT ''
) ENGINE=InnoDB DEFAULT CHARSET=utf8 COMMENT='Roles of the users';

--
-- Dumping data for table `RBAC_USERS_ROLES`
--

INSERT INTO `RBAC_USERS_ROLES` (`USR_UID`, `ROL_UID`) VALUES
('00000000000000000000000000000001', '00000000000000000000000000000002'),
('00000000000000000000000000000002', '00000000000000000000000000000005'),
('1146057945d3faedb2e7c21078059895', '00000000000000000000000000000003'),
('1182703045d537516478f87046246804', '00000000000000000000000000000003'),
('1195111405da67b3f6a9dd3016852310', '00000000000000000000000000000003'),
('1227721445cdfca786d89d9090542512', '00000000000000000000000000000003'),
('1231390205d3fb4e01f04f6087878040', '00000000000000000000000000000003'),
('1340473655d5665b8c88264082816832', '00000000000000000000000000000003'),
('1386773495da679a2dc6982014573595', '00000000000000000000000000000003'),
('1460308585da67ea5309936097772495', '00000000000000000000000000000003'),
('1520478115da67cfb133725001755698', '00000000000000000000000000000003'),
('1533589575d8c3397596d60048023472', '00000000000000000000000000000003'),
('1540739385da67e252eb1a5041375711', '00000000000000000000000000000003'),
('1665864385da68244896b23012883557', '00000000000000000000000000000003'),
('1697020705d566366a4fad5087672895', '00000000000000000000000000000003'),
('1726009895da67a3b39cdf3044164128', '00000000000000000000000000000003'),
('1739965555d3fb3bc0321d3052430620', '00000000000000000000000000000003'),
('1791466125da682af8dd018063128845', '00000000000000000000000000000003'),
('1796483685da67cd7c463a2039276070', '00000000000000000000000000000003'),
('1838388015d8c32e3cf06a3047133942', '00000000000000000000000000000003'),
('1869611455cdfce632a2279014922776', '00000000000000000000000000000003'),
('1989991545bda55b6d10632082797630', '00000000000000000000000000000002'),
('2049337045d56668f73de37027302004', '00000000000000000000000000000003'),
('2074846145d8c312805b846015816119', '00000000000000000000000000000003'),
('2085756345d8c33d2b783f6053895586', '00000000000000000000000000000003'),
('2093925165d3fb32135f691068948951', '00000000000000000000000000000003'),
('2111915495d3fdaa6c7bfd2052497434', '00000000000000000000000000000004'),
('2139438985da67f0c7b6e08056718790', '00000000000000000000000000000003'),
('2215831685da681087830d4061666754', '00000000000000000000000000000003'),
('2316337335da67f4e5ece70022849695', '00000000000000000000000000000003'),
('2323737065da67c85a35390083336860', '00000000000000000000000000000003'),
('2381908305d899619115686069376368', '00000000000000000000000000000003'),
('2554175045cdfc77f406325086501673', '00000000000000000000000000000003'),
('2601324285da67a6a730e37035210046', '00000000000000000000000000000003'),
('2693417175d3fb0feda35e7039543989', '00000000000000000000000000000003'),
('2771927115da67c5f2d03b2019228248', '00000000000000000000000000000003'),
('2803150955da67fb36f88d3083119520', '00000000000000000000000000000003'),
('2855639345d56627e3f8489036206655', '00000000000000000000000000000003'),
('2856390745c792ba8eb0359090875314', '00000000000000000000000000000002'),
('3065051765d5365636020f4090660944', '00000000000000000000000000000004'),
('3173011715d8c1e9e123911076914764', '00000000000000000000000000000003'),
('3271758435d3fb41606e330094073909', '00000000000000000000000000000003'),
('3331645055da681b837ef29023967870', '00000000000000000000000000000003'),
('3379723005d3fb1974f8161050059451', '00000000000000000000000000000003'),
('3419054305d3fb00f664051020317401', '00000000000000000000000000000003'),
('3524852725d565e0a0239b0007445348', '00000000000000000000000000000003'),
('3553682275d8c30caa5c0c1099848350', '00000000000000000000000000000003'),
('3578277445da67c41e92b23066508588', '00000000000000000000000000000003'),
('3578509695c8f4e2423a989058192977', '00000000000000000000000000000003'),
('3598706955d3fae80be9790014842879', '00000000000000000000000000000003'),
('3673074545d5663a94f3141037191568', '00000000000000000000000000000003'),
('3685603045c8f4dcb1ef9d9059890202', '00000000000000000000000000000004'),
('3745184045d3fb23a2f2454076865364', '00000000000000000000000000000003'),
('3824924435da681fab0b2e6095393904', '00000000000000000000000000000003'),
('3836525225d89d77abced44087377857', '00000000000000000000000000000003'),
('3930912035d3faf59b09902089462932', '00000000000000000000000000000003'),
('3944011005d88cd51913149014356219', '00000000000000000000000000000003'),
('3957166655da67d1a69f7b6027736960', '00000000000000000000000000000003'),
('3987780125d89955fa385e3001148799', '00000000000000000000000000000003'),
('4056534755da6803f0eb862018477646', '00000000000000000000000000000003'),
('4069563405d8c37d43453a5016485401', '00000000000000000000000000000003'),
('4242841965d896ed7f24a04017033985', '00000000000000000000000000000003'),
('4260826805d3fb5389edd83076285094', '00000000000000000000000000000003'),
('4263232775da67b0bea0001091259927', '00000000000000000000000000000003'),
('4326164425d3fb1c56edc24051306598', '00000000000000000000000000000003'),
('4329610375d5662bdadebd4057853127', '00000000000000000000000000000003'),
('4335124725da67e028a8c08040348247', '00000000000000000000000000000003'),
('4419754665da6821f65f300080642637', '00000000000000000000000000000003'),
('4450615135da67f6c951ac0072299981', '00000000000000000000000000000003'),
('4590248685da67ff688b276026450711', '00000000000000000000000000000003'),
('4709776055da68196293250000821510', '00000000000000000000000000000003'),
('4761488705d3fb35a113365098753209', '00000000000000000000000000000003'),
('4779217155d89d65006bad3086274590', '00000000000000000000000000000003'),
('4814003185d8c2fd310c5b2001484733', '00000000000000000000000000000003'),
('4848956625d5664cb1ded96045552819', '00000000000000000000000000000003'),
('4947513325d8c376d6b3dd6059801750', '00000000000000000000000000000003'),
('4952935735da67ec5eb0410083504192', '00000000000000000000000000000003'),
('5031433015d89d507f16c16065285438', '00000000000000000000000000000003'),
('5054254075c866080af6348028578652', '00000000000000000000000000000004'),
('5113640855d3fb444579492076828036', '00000000000000000000000000000003'),
('5139881255d8c317d757932057263503', '00000000000000000000000000000003'),
('5346289105d8c36d8387457088887490', '00000000000000000000000000000003'),
('5456659515da67ee69c18b8068991402', '00000000000000000000000000000003'),
('5500384265d896e69d56754013129235', '00000000000000000000000000000003'),
('5562730065cdfc4c5588610026429241', '00000000000000000000000000000003'),
('5599593145d565dc26b0416091527599', '00000000000000000000000000000003'),
('5630526805da67b63b08b73056239136', '00000000000000000000000000000003'),
('5640199155d3fdb2985ef85050357369', '00000000000000000000000000000003'),
('5650984815d8c369150ca96032709671', '00000000000000000000000000000003'),
('5728128025d899509707c12011854138', '00000000000000000000000000000003'),
('5777808965ca51f4d3b85c7017355707', '00000000000000000000000000000003'),
('5906980245da68286204636054977111', '00000000000000000000000000000003'),
('5920847225d3fb1f855c6b7050293073', '00000000000000000000000000000003'),
('5941327905d53663653cb83031459207', '00000000000000000000000000000004'),
('6007216615d89d436cf8357099994899', '00000000000000000000000000000003'),
('6066674725d89d5bb28f126033248393', '00000000000000000000000000000003'),
('6098984245d896f5da61a74007328013', '00000000000000000000000000000003'),
('6146450595d3fb0479da195014124954', '00000000000000000000000000000003'),
('6261178115d3fe250ab9443085058305', '00000000000000000000000000000003'),
('6275750785d3fdb62451f08022724475', '00000000000000000000000000000004'),
('6336081655d89d6de6e1bd6001256112', '00000000000000000000000000000003'),
('6344301225d3fe2181619a9065735923', '00000000000000000000000000000003'),
('6369199765d8995c974e238032585434', '00000000000000000000000000000003'),
('6476663655da679d2de0821067225213', '00000000000000000000000000000003'),
('6608302035d56610eeca133097238228', '00000000000000000000000000000003'),
('6621945965da681d6a233a8044370209', '00000000000000000000000000000003'),
('6734909165c8660b18cef85071846108', '00000000000000000000000000000004'),
('6841470775da680abc42670032775599', '00000000000000000000000000000003'),
('6881775295da678df701ae1003692186', '00000000000000000000000000000003'),
('6990077575d3fb38a8a9393087566831', '00000000000000000000000000000003'),
('7039927345d5661b5e21f84023639041', '00000000000000000000000000000003'),
('7053762775d5375935c6c46037431490', '00000000000000000000000000000004'),
('7076284835d56647ac4cfe7066681939', '00000000000000000000000000000003'),
('7158000975d8c37219e1820032014524', '00000000000000000000000000000003'),
('7159891755d3fae51668710043461935', '00000000000000000000000000000003'),
('7175403755d89d72e3ef028062642819', '00000000000000000000000000000003'),
('7180008005d43dea5ae51a4096201329', '00000000000000000000000000000003'),
('7199125345da67947256f93093511663', '00000000000000000000000000000003'),
('7201430585c928822686af3071843170', '00000000000000000000000000000003'),
('7293126885d3fb47c5227b1050208725', '00000000000000000000000000000003'),
('7474175465c8f4dac447234050977038', '00000000000000000000000000000004'),
('7475349035c8660efaf47f5052308797', '00000000000000000000000000000004'),
('7610292385c86612287c860012103391', '00000000000000000000000000000003'),
('7765270725d565d518fe1a6018454218', '00000000000000000000000000000003'),
('8029862875da67b9b8f6305095172599', '00000000000000000000000000000003'),
('8065305425da67a078f34a9043354939', '00000000000000000000000000000003'),
('8154080485da6806fddbd66071222267', '00000000000000000000000000000003'),
('8171364315d8c329d7a9d16079013163', '00000000000000000000000000000003'),
('8197082355c8f4e086fff47015880419', '00000000000000000000000000000003'),
('8328875875d8c1e392af352027907764', '00000000000000000000000000000003'),
('8340544975da68012201db4019301236', '00000000000000000000000000000003'),
('8416593055da67db6d5b5b7048512264', '00000000000000000000000000000003'),
('8505999125d8c363cf1b498046911445', '00000000000000000000000000000003'),
('8531349125d3fb4b1b00465087302011', '00000000000000000000000000000003'),
('8590576455da67fcea62da9061705484', '00000000000000000000000000000003'),
('8746855515c8f4dee1b4988096196525', '00000000000000000000000000000004'),
('8792452955da67e49b17296036519968', '00000000000000000000000000000003'),
('8795794585d3fb2eb5fafc4022757526', '00000000000000000000000000000003'),
('8864665895d566648a93fb0088442728', '00000000000000000000000000000003'),
('8865389865da6826cad8b42002476195', '00000000000000000000000000000003'),
('8942076125d89d5657401d8092479205', '00000000000000000000000000000003'),
('8946535195d5662faf011e6090166947', '00000000000000000000000000000003'),
('8961555635da67d3d6e21c5065931492', '00000000000000000000000000000003'),
('8997789975d3fb079f12be9078658180', '00000000000000000000000000000003'),
('9000221765da67e85c5fa94067275865', '00000000000000000000000000000003'),
('9016073965d89d698934963082937670', '00000000000000000000000000000003'),
('9025096755d8c2ee51dc718037210041', '00000000000000000000000000000003'),
('9025465935da67913e21e12035563892', '00000000000000000000000000000003'),
('9070695965d3faf9b2cc299002226454', '00000000000000000000000000000003'),
('9122158895d3fb3e813e6c8050519838', '00000000000000000000000000000003'),
('9157419215da67d8631b034036378092', '00000000000000000000000000000003'),
('9258697065da68161c54456026951941', '00000000000000000000000000000003'),
('9272044965d8c2f661a23a4024574885', '00000000000000000000000000000003'),
('9329725595da67bd4c81857043935341', '00000000000000000000000000000003'),
('9342741515d56660ab93ae9033986900', '00000000000000000000000000000003'),
('9365292815c792b9072fda3097556850', '00000000000000000000000000000002'),
('9372259765d3fb29e806798081160447', '00000000000000000000000000000003'),
('9532802645da680cec04a50056308282', '00000000000000000000000000000004'),
('9547519345ca4b60b08cd27063022816', '00000000000000000000000000000003'),
('9564667245da681317ec022015945563', '00000000000000000000000000000003'),
('9593112755da67de14330d4040899894', '00000000000000000000000000000003'),
('9622487665da67876e23f19066471657', '00000000000000000000000000000003'),
('9670424635d3fb5125b9952098291574', '00000000000000000000000000000003'),
('9688651985c9287fd6dd871096977822', '00000000000000000000000000000003'),
('9718428045d89d5ff633628034005749', '00000000000000000000000000000003'),
('9733734955bda5957591b88026488524', '00000000000000000000000000000002'),
('9750851565da67f93a138d6092722198', '00000000000000000000000000000003'),
('9797748935da67cb12dcc75039479432', '00000000000000000000000000000003'),
('9803445305d89d47bc64b09062203223', '00000000000000000000000000000003'),
('9946648105d5661fe376241087092671', '00000000000000000000000000000003');

-- --------------------------------------------------------

--
-- Table structure for table `USERS`
--

CREATE TABLE `USERS` (
  `USR_UID` varchar(32) NOT NULL DEFAULT '',
  `USR_ID` int(11) NOT NULL,
  `USR_USERNAME` varchar(100) NOT NULL DEFAULT '',
  `USR_PASSWORD` varchar(128) NOT NULL DEFAULT '',
  `USR_FIRSTNAME` varchar(50) NOT NULL DEFAULT '',
  `USR_LASTNAME` varchar(50) NOT NULL DEFAULT '',
  `USR_EMAIL` varchar(100) NOT NULL DEFAULT '',
  `USR_DUE_DATE` date NOT NULL,
  `USR_CREATE_DATE` datetime NOT NULL,
  `USR_UPDATE_DATE` datetime NOT NULL,
  `USR_STATUS` varchar(32) NOT NULL DEFAULT 'ACTIVE',
  `USR_COUNTRY` varchar(3) NOT NULL DEFAULT '',
  `USR_CITY` varchar(3) NOT NULL DEFAULT '',
  `USR_LOCATION` varchar(3) NOT NULL DEFAULT '',
  `USR_ADDRESS` varchar(255) NOT NULL DEFAULT '',
  `USR_PHONE` varchar(24) NOT NULL DEFAULT '',
  `USR_FAX` varchar(24) NOT NULL DEFAULT '',
  `USR_CELLULAR` varchar(24) NOT NULL DEFAULT '',
  `USR_ZIP_CODE` varchar(16) NOT NULL DEFAULT '',
  `DEP_UID` varchar(32) NOT NULL DEFAULT '',
  `USR_POSITION` varchar(100) NOT NULL DEFAULT '',
  `USR_RESUME` varchar(100) NOT NULL DEFAULT '',
  `USR_BIRTHDAY` date DEFAULT NULL,
  `USR_ROLE` varchar(32) DEFAULT 'PROCESSMAKER_ADMIN',
  `USR_REPORTS_TO` varchar(32) DEFAULT '',
  `USR_REPLACED_BY` varchar(32) DEFAULT '',
  `USR_UX` varchar(128) DEFAULT 'NORMAL',
  `USR_COST_BY_HOUR` decimal(7,2) DEFAULT '0.00',
  `USR_UNIT_COST` varchar(50) DEFAULT '',
  `USR_PMDRIVE_FOLDER_UID` varchar(128) DEFAULT '',
  `USR_BOOKMARK_START_CASES` mediumtext,
  `USR_TIME_ZONE` varchar(100) DEFAULT '',
  `USR_DEFAULT_LANG` varchar(10) DEFAULT '',
  `USR_LAST_LOGIN` datetime DEFAULT NULL,
  `USR_STATUS_ID` int(11) DEFAULT '1'
) ENGINE=InnoDB DEFAULT CHARSET=utf8 COMMENT='Users';

--
-- Dumping data for table `USERS`
--

INSERT INTO `USERS` (`USR_UID`, `USR_ID`, `USR_USERNAME`, `USR_PASSWORD`, `USR_FIRSTNAME`, `USR_LASTNAME`, `USR_EMAIL`, `USR_DUE_DATE`, `USR_CREATE_DATE`, `USR_UPDATE_DATE`, `USR_STATUS`, `USR_COUNTRY`, `USR_CITY`, `USR_LOCATION`, `USR_ADDRESS`, `USR_PHONE`, `USR_FAX`, `USR_CELLULAR`, `USR_ZIP_CODE`, `DEP_UID`, `USR_POSITION`, `USR_RESUME`, `USR_BIRTHDAY`, `USR_ROLE`, `USR_REPORTS_TO`, `USR_REPLACED_BY`, `USR_UX`, `USR_COST_BY_HOUR`, `USR_UNIT_COST`, `USR_PMDRIVE_FOLDER_UID`, `USR_BOOKMARK_START_CASES`, `USR_TIME_ZONE`, `USR_DEFAULT_LANG`, `USR_LAST_LOGIN`, `USR_STATUS_ID`) VALUES
('00000000000000000000000000000001', 1, 'admin', '21232f297a57a5a743894a0e4a801fc3', 'Administrator', 'Admin', 'jayke.anderson@knauf.com.au', '2020-01-01', '1999-11-30 00:00:00', '2019-11-01 19:48:31', 'ACTIVE', 'AU', 'NS', 'SYD', '', '', '1-305-402-0282', '1-305-675-1400', '', '', 'Administrator', '', '1999-02-25', 'PROCESSMAKER_ADMIN', '', '', 'NORMAL', '0.00', '', '', NULL, 'America/Anguilla', '', '2019-11-01 19:48:31', 1),
('00000000000000000000000000000002', 2, 'guest', '674ba9750749d735ec9787d606170d78', 'Guest', ' ', 'jayke.anderson@knauf.com.au', '2030-01-01', '2009-02-01 12:24:36', '2009-02-01 12:24:36', 'INACTIVE', 'US', 'FL', 'MMK', '', '', '1-305-402-0282', '1-305-675-1400', '', '', 'Guest', '', '2009-02-01', 'PROCESSMAKER_GUEST', '', '', 'NORMAL', '0.00', '', '', NULL, '', '', NULL, 1),
('1146057945d3faedb2e7c21078059895', 26, 'jose.bolo', '00000000000000000000000000000000', 'Jose Jr.', 'Bolo', 'jayke.anderson@knauf.com.au', '2020-07-30', '2019-07-30 02:43:39', '2019-09-05 22:49:06', 'ACTIVE', 'PH', '', '', '', '', '', '', '', '', '', '', '2019-07-30', 'PROCESSMAKER_OPERATOR', '', '', 'NORMAL', '0.00', '', '', NULL, 'Asia/Manila', 'en', NULL, 1),
('1182703045d537516478f87046246804', 59, 'apriyansyah', '6c641d45d26ed97e095c0ce92fd408462ec41decd801ada4df5395860b96eec2', 'Apriyansyah', '.', 'jayke.anderson@knauf.com.au', '2020-08-14', '2019-08-14 02:42:30', '2019-09-05 22:49:20', 'ACTIVE', 'ID', '', '', '', '', '', '', '', '', '', '', '2019-08-14', 'PROCESSMAKER_OPERATOR', '', '', 'NORMAL', '0.00', '', '', NULL, 'Asia/Jakarta', 'en', '2019-08-14 06:04:54', 1),
('1195111405da67b3f6a9dd3016852310', 125, 'etienne.dalton', '00000000000000000000000000000000', 'Etienne', 'Dalton', 'Etienne.Dalton@Knauf.com.au', '2020-10-16', '2019-10-16 02:06:55', '2019-10-16 02:06:55', 'ACTIVE', 'AU', 'QL', 'BDB', '', '', '', '', '', '', '', '', '2019-10-16', 'PROCESSMAKER_OPERATOR', '', '', 'NORMAL', '0.00', '', '', NULL, 'America/New_York', 'en', NULL, 1),
('1227721445cdfca786d89d9090542512', 22, '', 'af2bdbe1aa9b6ec1e2ade1d694f41fc71a831d0268e9891562113d8a62add1bf', 'Jane', 'Doe', 'jayke.anderson@knauf.com.au', '2019-05-30', '2019-05-18 09:03:52', '2019-05-18 09:03:52', 'CLOSED', '', '', '', '', '', '', '', '', '', '', '', '2019-05-18', 'PROCESSMAKER_OPERATOR', '', '', 'NORMAL', '0.00', '', '', NULL, '', '', NULL, 1),
('1231390205d3fb4e01f04f6087878040', 48, 'charles.ramos', '00000000000000000000000000000000', 'Charles', 'Ramos', 'jayke.anderson@knauf.com.au', '2020-07-30', '2019-07-30 03:09:20', '2019-09-05 22:49:31', 'ACTIVE', 'PH', '', '', '', '', '', '', '', '', '', '', '2019-07-30', 'PROCESSMAKER_OPERATOR', '', '', 'NORMAL', '0.00', '', '', NULL, 'Asia/Manila', 'en', NULL, 1),
('1340473655d5665b8c88264082816832', 74, 'irfa.nugraha', '00000000000000000000000000000000', 'Irfa', 'Nugraha', 'jayke.anderson@knauf.com.au', '2020-08-16', '2019-08-16 08:13:44', '2019-09-05 22:49:42', 'ACTIVE', 'ID', '', '', '', '', '', '', '', '', '', '', '2019-08-16', 'PROCESSMAKER_OPERATOR', '', '', 'NORMAL', '0.00', '', '', NULL, 'Asia/Jakarta', 'en', NULL, 1),
('1386773495da679a2dc6982014573595', 119, 'craig.wilkinson', '00000000000000000000000000000000', 'Craig', 'Wilkinson', 'craig.wilkinson@knauf.com.au', '2020-10-16', '2019-10-16 02:00:02', '2019-10-16 02:00:02', 'ACTIVE', 'AU', 'VI', 'ATO', '', '', '', '', '', '', '', '', '2019-10-16', 'PROCESSMAKER_OPERATOR', '', '', 'NORMAL', '0.00', '', '', NULL, 'America/New_York', 'en', NULL, 1),
('1460308585da67ea5309936097772495', 144, 'russell.raihan', '00000000000000000000000000000000', 'Russell', 'Raihan', 'russell.raihan@knauf.com.au', '2020-10-16', '2019-10-16 02:21:25', '2019-10-16 02:21:25', 'ACTIVE', 'AU', 'NS', '', '', '', '', '', '', '', '', '', '2019-10-16', 'PROCESSMAKER_OPERATOR', '', '', 'NORMAL', '0.00', '', '', NULL, 'America/New_York', 'en', NULL, 1),
('1520478115da67cfb133725001755698', 134, 'adam.brown', '00000000000000000000000000000000', 'Adam', 'Brown', 'adam.brown@knauf.com.au', '2020-10-16', '2019-10-16 02:14:19', '2019-10-16 02:14:19', 'ACTIVE', 'AU', 'QL', 'BLG', '', '', '', '', '', '', '', '', '2019-10-16', 'PROCESSMAKER_OPERATOR', '', '', 'NORMAL', '0.00', '', '', NULL, 'America/New_York', 'en', NULL, 1),
('1533589575d8c3397596d60048023472', 107, 'hua.fang', '00000000000000000000000000000000', 'Hua', 'Fang', 'fanghua@mail.knauf.com.cn', '2020-09-26', '2019-09-26 03:42:15', '2019-09-26 03:42:15', 'ACTIVE', 'CN', '', '', '', '', '', '', '', '', '', '', '2019-09-26', 'PROCESSMAKER_OPERATOR', '', '', 'NORMAL', '0.00', '', '', NULL, 'Asia/Shanghai', 'en', NULL, 1),
('1540739385da67e252eb1a5041375711', 141, 'brett.locke', '00000000000000000000000000000000', 'Brett', 'Locke', 'Brett.Locke@Knauf.com.au', '2020-10-16', '2019-10-16 02:19:17', '2019-10-16 02:19:17', 'ACTIVE', 'AU', 'QL', 'TSV', '', '', '', '', '', '', '', '', '2019-10-16', 'PROCESSMAKER_OPERATOR', '', '', 'NORMAL', '0.00', '', '', NULL, 'America/New_York', 'en', NULL, 1),
('1665864385da68244896b23012883557', 167, 'peter.rodgers', '00000000000000000000000000000000', 'Peter', 'Rodgers', 'peter.rodgers@knauf.com.au', '2020-10-16', '2019-10-16 02:36:52', '2019-10-16 02:36:52', 'ACTIVE', 'AU', 'SA', 'ADL', '', '', '', '', '', '', '', '', '2019-10-16', 'PROCESSMAKER_OPERATOR', '', '', 'NORMAL', '0.00', '', '', NULL, 'America/New_York', 'en', NULL, 1),
('1697020705d566366a4fad5087672895', 70, 'miftakhul.amin', '00000000000000000000000000000000', 'Miftakhul', 'Amin', 'jayke.anderson@knauf.com.au', '2020-08-16', '2019-08-16 08:03:50', '2019-09-05 22:49:54', 'ACTIVE', 'ID', '', '', '', '', '', '', '', '', '', '', '2019-08-16', 'PROCESSMAKER_OPERATOR', '', '', 'NORMAL', '0.00', '', '', NULL, 'Asia/Jakarta', 'en', NULL, 1),
('1726009895da67a3b39cdf3044164128', 122, 'diem.nguyen', '00000000000000000000000000000000', 'Diem', 'Nguyen', 'diem.nguyen@knauf.com.au', '2020-10-16', '2019-10-16 02:02:35', '2019-10-16 02:02:35', 'ACTIVE', 'AU', 'VI', 'ATO', '', '', '', '', '', '', '', '', '2019-10-16', 'PROCESSMAKER_OPERATOR', '', '', 'NORMAL', '0.00', '', '', NULL, 'America/New_York', 'en', NULL, 1),
('1739965555d3fb3bc0321d3052430620', 42, 'ranel.sibugan', '0522a55e2d5f0993a3d66d28864b2862a7218a75ea7968b075333434404485c3', 'Ranel Ceazar', 'Sibugan', 'jayke.anderson@knauf.com.au', '2020-07-30', '2019-07-30 03:04:28', '2019-09-05 22:50:07', 'ACTIVE', 'PH', '', '', '', '', '', '', '', '', '', '', '2019-07-30', 'PROCESSMAKER_OPERATOR', '', '', 'NORMAL', '0.00', '', '', NULL, 'Asia/Manila', 'en', NULL, 1),
('1791466125da682af8dd018063128845', 170, 'mark.hutchison', '00000000000000000000000000000000', 'Mark', 'Hutchinson', 'mark.hutchison@knauf.com.au', '2020-10-16', '2019-10-16 02:38:39', '2019-10-16 02:38:39', 'ACTIVE', 'AU', 'WA', 'WEL', '', '', '', '', '', '', '', '', '2019-10-16', 'PROCESSMAKER_OPERATOR', '', '', 'NORMAL', '0.00', '', '', NULL, 'America/New_York', 'en', NULL, 1),
('1796483685da67cd7c463a2039276070', 133, 'malcom.burkby', '00000000000000000000000000000000', 'Malcolm', 'Burkby', 'malcolm.burkby@knauf.com.au', '2020-10-16', '2019-10-16 02:13:43', '2019-10-16 02:13:43', 'ACTIVE', 'AU', 'VI', 'ATO', '', '', '', '', '', '', '', '', '2019-10-16', 'PROCESSMAKER_OPERATOR', '', '', 'NORMAL', '0.00', '', '', NULL, 'America/New_York', 'en', NULL, 1),
('1838388015d8c32e3cf06a3047133942', 106, 'guoyan.fu', '00000000000000000000000000000000', 'Guoyan', 'Fu', 'fuguoyan@mail.knauf.com.cn', '2020-09-26', '2019-09-26 03:39:15', '2019-09-26 03:39:15', 'ACTIVE', 'CN', '', '', '', '', '', '', '', '', '', '', '2019-09-26', 'PROCESSMAKER_OPERATOR', '', '', 'NORMAL', '0.00', '', '', NULL, 'Asia/Shanghai', 'en', NULL, 1),
('1869611455cdfce632a2279014922776', 23, '', 'af2bdbe1aa9b6ec1e2ade1d694f41fc71a831d0268e9891562113d8a62add1bf', 'Jane', 'Doe', 'jayke.anderson@knauf.com.au', '2019-05-30', '2019-05-18 09:20:35', '2019-05-18 09:20:35', 'CLOSED', '', '', '', '', '', '', '', '', '', '', '', '2019-05-18', 'PROCESSMAKER_OPERATOR', '', '', 'NORMAL', '0.00', '', '', NULL, '', '', NULL, 1),
('1989991545bda55b6d10632082797630', 3, 'kevin.armstrong', 'af2bdbe1aa9b6ec1e2ade1d694f41fc71a831d0268e9891562113d8a62add1bf', 'Kevin', 'Armstrong', 'jayke.anderson@knauf.com.au', '2019-11-01', '2018-11-01 01:24:06', '2019-10-21 05:20:58', 'ACTIVE', 'TH', '', 'BKK', 'armstrong.kevin@knauf.co.th', '', '', '', '', '', '', '', '2018-11-01', 'PROCESSMAKER_ADMIN', '', '', 'NORMAL', '0.00', '', '', NULL, 'Asia/Bangkok', 'en', '2019-10-21 05:20:58', 1),
('2049337045d56668f73de37027302004', 77, 'hendra', '00000000000000000000000000000000', 'Hendra', '.', 'jayke.anderson@knauf.com.au', '2020-08-16', '2019-08-16 08:17:19', '2019-09-06 01:57:03', 'ACTIVE', 'ID', '', '', '', '', '', '', '', '', '', '', '2019-08-16', 'PROCESSMAKER_OPERATOR', '', '', 'NORMAL', '0.00', '', '', NULL, 'Asia/Jakarta', 'en', NULL, 1),
('2074846145d8c312805b846015816119', 103, 'sheng.wei', '00000000000000000000000000000000', 'Sheng', 'Wei', 'weisheng@mail.knauf.com.cn', '2020-09-26', '2019-09-26 03:31:52', '2019-09-26 04:25:18', 'ACTIVE', 'CN', '', '', '', '', '', '', '', '', '', '', '2019-09-26', 'PROCESSMAKER_OPERATOR', '', '', 'NORMAL', '0.00', '', '', NULL, 'Asia/Shanghai', 'en', NULL, 1),
('2085756345d8c33d2b783f6053895586', 108, 'zhenyong.liu', '00000000000000000000000000000000', 'Zhenyong', 'Liu', 'liuzhenyong@mail.knauf.com.cn', '2020-09-26', '2019-09-26 03:43:14', '2019-09-26 03:43:14', 'ACTIVE', 'CN', '', '', '', '', '', '', '', '', '', '', '2019-09-26', 'PROCESSMAKER_OPERATOR', '', '', 'NORMAL', '0.00', '', '', NULL, 'Asia/Shanghai', 'en', NULL, 1),
('2093925165d3fb32135f691068948951', 39, 'porfirio.banaag', 'd3f07d88abc61affa1f244b8f6a2bdb1467d55d2303ec605824f836721c8e877', 'Porfirio', 'Banaag', 'jayke.anderson@knauf.com.au', '2020-07-30', '2019-07-30 03:01:53', '2019-09-06 01:57:16', 'ACTIVE', 'PH', '', '', '', '', '', '', '', '', '', '', '2019-07-30', 'PROCESSMAKER_OPERATOR', '', '', 'NORMAL', '0.00', '', '', NULL, 'Asia/Manila', 'en', '2019-08-01 05:27:18', 1),
('2111915495d3fdaa6c7bfd2052497434', 51, 'wayne.studdon', 'af2bdbe1aa9b6ec1e2ade1d694f41fc71a831d0268e9891562113d8a62add1bf', 'Wayne', 'Studdon', 'jayke.anderson@knauf.com.au', '2020-07-30', '2019-07-30 05:50:30', '2019-09-06 01:57:28', 'ACTIVE', 'TH', '', '', '', '', '', '', '', '', '', '', '2019-07-30', 'PROCESSMAKER_MANAGER', '', '', 'NORMAL', '0.00', '', '', NULL, 'Asia/Manila', 'en', '2019-07-31 06:58:45', 1),
('2139438985da67f0c7b6e08056718790', 147, 'phil.renwick', '00000000000000000000000000000000', 'Phil', 'Renwick', 'Phil.Renwick@Knauf.com.au', '2020-10-16', '2019-10-16 02:23:08', '2019-10-16 02:23:08', 'ACTIVE', 'AU', 'NS', '', '', '', '', '', '', '', '', '', '2019-10-16', 'PROCESSMAKER_OPERATOR', '', '', 'NORMAL', '0.00', '', '', NULL, 'America/New_York', 'en', NULL, 1),
('2215831685da681087830d4061666754', 159, 'alfons.montebello', '00000000000000000000000000000000', 'Alfons', 'Montebello', 'alfons.montebello@knauf.com.au', '2020-10-16', '2019-10-16 02:31:36', '2019-10-16 02:31:36', 'ACTIVE', 'AU', '', '', '', '', '', '', '', '', '', '', '2019-10-16', 'PROCESSMAKER_OPERATOR', '', '', 'NORMAL', '0.00', '', '', NULL, 'America/New_York', 'en', NULL, 1),
('2316337335da67f4e5ece70022849695', 148, 'stewart.keen', '00000000000000000000000000000000', 'Stewart', 'Keen', 'stewart.keen@knauf.com.au', '2020-10-16', '2019-10-16 02:24:14', '2019-10-16 02:24:14', 'ACTIVE', 'AU', '', '', '', '', '', '', '', '', '', '', '2019-10-16', 'PROCESSMAKER_OPERATOR', '', '', 'NORMAL', '0.00', '', '', NULL, 'America/New_York', 'en', NULL, 1),
('2323737065da67c85a35390083336860', 131, 'justin.weier', '00000000000000000000000000000000', 'Justin', 'Weier', 'justin.weier@knauf.com.au', '2020-10-16', '2019-10-16 02:12:21', '2019-10-16 02:12:21', 'ACTIVE', 'AU', 'QL', 'BDB', '', '', '', '', '', '', '', '', '2019-10-16', 'PROCESSMAKER_OPERATOR', '', '', 'NORMAL', '0.00', '', '', NULL, 'America/New_York', 'en', NULL, 1),
('2381908305d899619115686069376368', 85, 'tao.ning', '00000000000000000000000000000000', 'Tao', 'Ning', 'ningtao@mail.knauf.com.cn', '2020-09-24', '2019-09-24 04:05:45', '2019-09-24 04:05:45', 'ACTIVE', 'CN', '', '', '', '', '', '', '', '', '', '', '2019-09-24', 'PROCESSMAKER_OPERATOR', '', '', 'NORMAL', '0.00', '', '', NULL, 'Asia/Shanghai', 'en', NULL, 1),
('2554175045cdfc77f406325086501673', 21, '', 'af2bdbe1aa9b6ec1e2ade1d694f41fc71a831d0268e9891562113d8a62add1bf', 'Jane', 'Doe', 'jayke.anderson@knauf.com.au', '2019-05-30', '2019-05-18 08:51:11', '2019-05-18 08:51:11', 'CLOSED', '', '', '', '', '', '', '', '', '', '', '', '2019-05-18', 'PROCESSMAKER_OPERATOR', '', '', 'NORMAL', '0.00', '', '', NULL, '', '', NULL, 1),
('2601324285da67a6a730e37035210046', 123, 'shailesh.pathak', '00000000000000000000000000000000', 'Shailesh', 'Pathak', 'shailesh.pathak@knauf.com.au', '2020-10-16', '2019-10-16 02:03:22', '2019-10-16 02:03:22', 'ACTIVE', 'AU', 'VI', 'ATO', '', '', '', '', '', '', '', '', '2019-10-16', 'PROCESSMAKER_OPERATOR', '', '', 'NORMAL', '0.00', '', '', NULL, 'America/New_York', 'en', NULL, 1),
('2693417175d3fb0feda35e7039543989', 32, 'paul.buller', '00000000000000000000000000000000', 'Paul', 'Buller', 'jayke.anderson@knauf.com.au', '2020-07-30', '2019-07-30 02:52:46', '2019-09-06 01:57:38', 'ACTIVE', 'PH', '', '', '', '', '', '', '', '', '', '', '2019-07-30', 'PROCESSMAKER_OPERATOR', '', '', 'NORMAL', '0.00', '', '', NULL, 'Asia/Manila', 'en', NULL, 1),
('2771927115da67c5f2d03b2019228248', 130, 'jose.motato', '00000000000000000000000000000000', 'Jose', 'Motato Londono', 'Jose.Motato@Knauf.com.au', '2020-10-16', '2019-10-16 02:11:43', '2019-10-16 02:11:43', 'ACTIVE', 'AU', 'QL', 'BDB', '', '', '', '', '', '', '', '', '2019-10-16', 'PROCESSMAKER_OPERATOR', '', '', 'NORMAL', '0.00', '', '', NULL, 'America/New_York', 'en', NULL, 1),
('2803150955da67fb36f88d3083119520', 151, 'mo.chahal', '00000000000000000000000000000000', 'Mo', 'Chahal', 'mo.chahal@knauf.com.au', '2020-10-16', '2019-10-16 02:25:55', '2019-10-16 02:25:55', 'ACTIVE', '', '', '', '', '', '', '', '', '', '', '', '2019-10-16', 'PROCESSMAKER_OPERATOR', '', '', 'NORMAL', '0.00', '', '', NULL, 'America/New_York', 'en', NULL, 1),
('2855639345d56627e3f8489036206655', 67, 'ahmad.jasul', 'eb790620f3c1082b7819588ca8d688cd0aa30b70a86e14c3853e786b8c84a4ff', 'Ahmad', 'jasul', 'jayke.anderson@knauf.com.au', '2020-08-16', '2019-08-16 07:59:58', '2019-09-06 01:57:51', 'ACTIVE', 'ID', '', '', '', '', '', '', '', '', '', '', '2019-08-16', 'PROCESSMAKER_OPERATOR', '', '', 'NORMAL', '0.00', '', '', NULL, 'Asia/Jakarta', 'en', '2019-08-19 09:56:07', 1),
('2856390745c792ba8eb0359090875314', 6, 'dev2pm', 'af2bdbe1aa9b6ec1e2ade1d694f41fc71a831d0268e9891562113d8a62add1bf', 'Developer2', 'ProcessMaker', 'jayke.anderson@knauf.com.au', '2020-03-01', '2019-03-01 12:55:04', '2019-10-21 13:18:47', 'ACTIVE', '', '', '', 'edgardo@processmaker.com', '', '', '', '', '', '', '', '2019-03-01', 'PROCESSMAKER_ADMIN', '', '', 'NORMAL', '0.00', '', '', NULL, 'Asia/Tehran', 'en', '2019-10-21 13:18:47', 1),
('3065051765d5365636020f4090660944', 57, 'sandy.basuki', 'fb7144c2389c2c0742ddf492b589fd045a0920595db7145ae4641035929d994d', 'Sandy', 'Basuki', 'jayke.anderson@knauf.com.au', '2020-08-14', '2019-08-14 01:35:31', '2019-09-06 01:58:14', 'ACTIVE', 'ID', '', '', '', '', '', '', '', '', '', '', '2019-08-14', 'PROCESSMAKER_MANAGER', '', '', 'NORMAL', '0.00', '', '', NULL, 'Asia/Jakarta', 'en', '2019-08-18 02:01:23', 1),
('3173011715d8c1e9e123911076914764', 98, 'liu.tong', '00000000000000000000000000000000', 'Liu', 'Tong', 'liutong@mail.knauf.com.cn', '2020-09-26', '2019-09-26 02:12:46', '2019-09-26 02:12:46', 'ACTIVE', 'CN', '', '', '', '', '', '', '', '', '', '', '2019-09-26', 'PROCESSMAKER_OPERATOR', '', '', 'NORMAL', '0.00', '', '', NULL, 'Asia/Shanghai', 'en', NULL, 1),
('3271758435d3fb41606e330094073909', 44, 'rachel.aldovino', '00000000000000000000000000000000', 'Rachel', 'Aldovino', 'jayke.anderson@knauf.com.au', '2020-07-30', '2019-07-30 03:05:58', '2019-09-06 01:58:27', 'ACTIVE', 'PH', '', '', '', '', '', '', '', '', '', '', '2019-07-30', 'PROCESSMAKER_OPERATOR', '', '', 'NORMAL', '0.00', '', '', NULL, 'Asia/Manila', 'en', NULL, 1),
('3331645055da681b837ef29023967870', 163, 'joe.mori', '00000000000000000000000000000000', 'Joe', 'Mori', 'joe.mori@knauf.com.au', '2020-10-16', '2019-10-16 02:34:32', '2019-10-16 02:34:32', 'ACTIVE', 'AU', 'QL', 'BLG', '', '', '', '', '', '', '', '', '2019-10-16', 'PROCESSMAKER_OPERATOR', '', '', 'NORMAL', '0.00', '', '', NULL, 'America/New_York', 'en', NULL, 1),
('3379723005d3fb1974f8161050059451', 33, 'jeffrey.rodenas', '7f0300240d0aee1716f258f2e92b7f408e813c89992996647d814c348de11018', 'Jeffrey', 'Rodenas', 'jayke.anderson@knauf.com.au', '2020-07-30', '2019-07-30 02:55:19', '2019-09-06 01:58:37', 'ACTIVE', 'PH', '', '', '', '', '', '', '', '', '', '', '2019-07-30', 'PROCESSMAKER_OPERATOR', '', '', 'NORMAL', '0.00', '', '', NULL, 'Asia/Manila', 'en', '2019-08-01 05:25:10', 1),
('3419054305d3fb00f664051020317401', 29, 'exuper.manalo', '9714e2ca440f915e247d94d814f60e8ac4726e4109139c671aa362011708c590', 'Exuper Cleth', 'Manalo', 'jayke.anderson@knauf.com.au', '2020-07-30', '2019-07-30 02:48:47', '2019-09-06 01:58:49', 'ACTIVE', 'PH', '', '', '', '', '', '', '', '', '', '', '2019-07-30', 'PROCESSMAKER_OPERATOR', '', '', 'NORMAL', '0.00', '', '', NULL, 'Asia/Manila', 'en', '2019-08-01 06:45:25', 1),
('3524852725d565e0a0239b0007445348', 63, 'yoice.perdanayanti', '00000000000000000000000000000000', 'Yoice', 'Perdanayanti', 'jayke.anderson@knauf.com.au', '2020-08-16', '2019-08-16 07:40:58', '2019-09-06 02:00:00', 'ACTIVE', 'ID', '', '', '', '', '', '', '', '', '', '', '2019-08-16', 'PROCESSMAKER_OPERATOR', '', '', 'NORMAL', '0.00', '', '', NULL, 'Asia/Jakarta', 'en', NULL, 1),
('3553682275d8c30caa5c0c1099848350', 102, 'yin.xu', '00000000000000000000000000000000', 'Yin', 'Xu', 'xuyin@mail.knauf.com.cn', '2020-09-26', '2019-09-26 03:30:18', '2019-09-26 03:30:18', 'ACTIVE', 'CN', '', '', '', '', '', '', '', '', '', '', '2019-09-26', 'PROCESSMAKER_OPERATOR', '', '', 'NORMAL', '0.00', '', '', NULL, 'Asia/Shanghai', 'en', NULL, 1),
('3578277445da67c41e92b23066508588', 129, 'silvia.lima', '00000000000000000000000000000000', 'Silvia', 'Lima', 'Silvia.Lima@Knauf.com.au', '2020-10-16', '2019-10-16 02:11:13', '2019-10-16 02:11:13', 'ACTIVE', 'AU', 'QL', 'BDB', '', '', '', '', '', '', '', '', '2019-10-16', 'PROCESSMAKER_OPERATOR', '', '', 'NORMAL', '0.00', '', '', NULL, 'America/New_York', 'en', NULL, 1),
('3578509695c8f4e2423a989058192977', 15, 'les.triffet', '00000000000000000000000000000000', 'Les', 'Triffet', 'jayke.anderson@knauf.com.au', '2020-03-18', '2019-03-18 07:52:04', '2019-09-06 02:00:14', 'INACTIVE', '', '', '', 'jayke.anderson@knauf.com.au', '', '', '', '', '', '', '', '2019-03-18', 'PROCESSMAKER_OPERATOR', '', '', 'NORMAL', '0.00', '', '', NULL, 'America/Anguilla', 'en', '2019-05-30 22:48:22', 1),
('3598706955d3fae80be9790014842879', 25, 'aristeo.baloja', '00000000000000000000000000000000', 'Aristeo', 'Baloja', 'jayke.anderson@knauf.com.au', '2020-07-30', '2019-07-30 02:42:08', '2019-09-06 02:00:32', 'ACTIVE', 'PH', '', '', '', '', '', '', '', '', '', '', '2019-07-30', 'PROCESSMAKER_OPERATOR', '', '', 'NORMAL', '0.00', '', '', NULL, 'Asia/Manila', 'en', NULL, 1),
('3673074545d5663a94f3141037191568', 71, 'nikmatulloh.Rifai', '00000000000000000000000000000000', 'Nikmatulloh', 'Rifai', 'jayke.anderson@knauf.com.au', '2020-08-16', '2019-08-16 08:04:57', '2019-09-06 02:00:53', 'ACTIVE', 'ID', '', '', '', '', '', '', '', '', '', '', '2019-08-16', 'PROCESSMAKER_OPERATOR', '', '', 'NORMAL', '0.00', '', '', NULL, 'Asia/Jakarta', 'en', NULL, 1),
('3685603045c8f4dcb1ef9d9059890202', 12, 'kathryn.walker', '00000000000000000000000000000000', 'Kathryn', 'Walker', 'jayke.anderson@knauf.com.au', '2020-03-18', '2019-03-18 07:50:35', '2019-09-06 02:30:24', 'ACTIVE', '', '', '', 'jayke.anderson@knauf.com.au', '', '', '', '', '', '', '', '2019-03-18', 'PROCESSMAKER_MANAGER', '', '', 'NORMAL', '0.00', '', '', NULL, 'Australia/Sydney', 'en', '2019-09-05 02:44:38', 1),
('3745184045d3fb23a2f2454076865364', 36, 'rolando.dullavin', '00000000000000000000000000000000', 'Rolando', 'Dullavin', 'jayke.anderson@knauf.com.au', '2020-07-30', '2019-07-30 02:58:02', '2019-09-06 02:30:49', 'ACTIVE', 'PH', '', '', '', '', '', '', '', '', '', '', '2019-07-30', 'PROCESSMAKER_OPERATOR', '', '', 'NORMAL', '0.00', '', '', NULL, 'Asia/Manila', 'en', NULL, 1),
('3824924435da681fab0b2e6095393904', 165, 'michael.thomas', '00000000000000000000000000000000', 'Michael', 'Thomas', 'michael.thomas@knauf.com.au', '2020-10-16', '2019-10-16 02:35:38', '2019-10-16 02:35:38', 'ACTIVE', 'AU', 'QL', 'BLG', '', '', '', '', '', '', '', '', '2019-10-16', 'PROCESSMAKER_OPERATOR', '', '', 'NORMAL', '0.00', '', '', NULL, 'America/New_York', 'en', NULL, 1),
('3836525225d89d77abced44087377857', 96, 'qiang.wang', '00000000000000000000000000000000', 'Qiang', 'Wang', 'wangqiang@mail.knauf.com.cn', '2020-09-24', '2019-09-24 08:44:42', '2019-09-24 08:44:42', 'ACTIVE', 'CN', '', '', '', '', '', '', '', '', '', '', '2019-09-24', 'PROCESSMAKER_OPERATOR', '', '', 'NORMAL', '0.00', '', '', NULL, 'Asia/Shanghai', 'en', NULL, 1),
('3930912035d3faf59b09902089462932', 27, 'jocelyn.pinay', '00000000000000000000000000000000', 'Jocelyn', 'Pinay', 'jayke.anderson@knauf.com.au', '2020-07-30', '2019-07-30 02:45:45', '2019-09-06 02:31:02', 'ACTIVE', 'PH', '', '', '', '', '', '', '', '', '', '', '2019-07-30', 'PROCESSMAKER_OPERATOR', '', '', 'NORMAL', '0.00', '', '', NULL, 'Asia/Manila', 'en', NULL, 1),
('3944011005d88cd51913149014356219', 78, '', '00000000000000000000000000000000', 'Xiao', 'Zhang', 'zhangxiao@mail.knauf.com.cn', '2020-09-23', '2019-09-23 13:49:05', '2019-09-23 13:49:05', 'CLOSED', 'CN', '', '', '', '', '', '', '', '', '', '', '2019-09-23', 'PROCESSMAKER_OPERATOR', '', '', 'NORMAL', '0.00', '', '', NULL, 'Asia/Hong_Kong', 'en', NULL, 1),
('3957166655da67d1a69f7b6027736960', 135, 'neil.carlish', '00000000000000000000000000000000', 'Neil', 'Carlish', 'neil.carlish@knauf.com.au', '2020-10-16', '2019-10-16 02:14:50', '2019-10-16 02:14:50', 'ACTIVE', 'AU', 'QL', 'BLG', '', '', '', '', '', '', '', '', '2019-10-16', 'PROCESSMAKER_OPERATOR', '', '', 'NORMAL', '0.00', '', '', NULL, 'America/New_York', 'en', NULL, 1),
('3987780125d89955fa385e3001148799', 83, 'yong.chen', '8d969eef6ecad3c29a3a629280e686cf0c3f5d5a86aff3ca12020c923adc6c92', 'Yong', 'Chen', 'chenyong@mail.knauf.com.cn', '2020-09-24', '2019-09-24 04:02:39', '2019-09-27 01:25:59', 'ACTIVE', 'CN', '', '', '', '', '', '', '', '', '', '', '2019-09-24', 'PROCESSMAKER_OPERATOR', '', '', 'NORMAL', '0.00', '', '', NULL, 'Asia/Shanghai', 'en', '2019-09-27 01:25:59', 1),
('4056534755da6803f0eb862018477646', 155, 'andrew.young', '00000000000000000000000000000000', 'Andrew', 'Young', 'andrew.young@knauf.com.au', '2020-10-16', '2019-10-16 02:28:15', '2019-10-16 02:28:15', 'ACTIVE', 'AU', '', '', '', '', '', '', '', '', '', '', '2019-10-16', 'PROCESSMAKER_OPERATOR', '', '', 'NORMAL', '0.00', '', '', NULL, 'America/New_York', 'en', NULL, 1),
('4069563405d8c37d43453a5016485401', 114, 'ziqiao.ye', '00000000000000000000000000000000', 'Ziqiao', 'Ye', 'yeziqiao@mail.knauf.com.cn', '2020-09-26', '2019-09-26 04:00:20', '2019-09-26 04:00:20', 'ACTIVE', 'CN', '', '', '', '', '', '', '', '', '', '', '2019-09-26', 'PROCESSMAKER_OPERATOR', '', '', 'NORMAL', '0.00', '', '', NULL, 'Asia/Shanghai', 'en', NULL, 1),
('4242841965d896ed7f24a04017033985', 80, 'hongan.ren', '7fe470043b318dba7e07b86d0a910f180ad806bd23dd3ace9b9910c36f0cfb8a', 'Hongan', 'Ren', 'renhongan@mail.knauf.com.cn', '2020-09-24', '2019-09-24 01:18:15', '2019-10-09 02:40:10', 'ACTIVE', 'CN', '', '', '', '', '', '', '', '', '', '', '2019-09-24', 'PROCESSMAKER_OPERATOR', '', '', 'NORMAL', '0.00', '', '', NULL, 'Asia/Shanghai', 'en', '2019-10-09 02:40:10', 1),
('4260826805d3fb5389edd83076285094', 50, 'aleksei.mikhailov', '6d39baff5327937c17a7574857633ca19c8b6d39df70cbc04c1c2aabea5fb809', 'Aleksei', 'Mikhailov', 'jayke.anderson@knauf.com.au', '2020-07-30', '2019-07-30 03:10:48', '2019-09-06 02:31:17', 'ACTIVE', 'PH', '', '', '', '', '', '', '', '', '', '', '2019-07-30', 'PROCESSMAKER_OPERATOR', '', '', 'NORMAL', '0.00', '', '', NULL, 'Asia/Manila', 'en', '2019-08-01 05:25:12', 1),
('4263232775da67b0bea0001091259927', 124, 'katrina.bale', '00000000000000000000000000000000', 'Katrina', 'Bale', 'katrina.bale@knauf.com.au', '2020-10-16', '2019-10-16 02:06:03', '2019-10-16 02:06:03', 'ACTIVE', 'AU', 'QL', 'BDB', '', '', '', '', '', '', '', '', '2019-10-16', 'PROCESSMAKER_OPERATOR', '', '', 'NORMAL', '0.00', '', '', NULL, 'America/New_York', 'en', NULL, 1),
('4326164425d3fb1c56edc24051306598', 34, 'crissia.alonzo', '00000000000000000000000000000000', 'Crissia', 'Alonzo', 'jayke.anderson@knauf.com.au', '2020-07-30', '2019-07-30 02:56:05', '2019-09-06 02:31:30', 'ACTIVE', 'PH', '', '', '', '', '', '', '', '', '', '', '2019-07-30', 'PROCESSMAKER_OPERATOR', '', '', 'NORMAL', '0.00', '', '', NULL, 'Asia/Manila', 'en', NULL, 1),
('4329610375d5662bdadebd4057853127', 68, 'yusup.ruckman', '00000000000000000000000000000000', 'Yusup', 'Ruckman', 'jayke.anderson@knauf.com.au', '2020-08-16', '2019-08-16 08:01:01', '2019-09-06 02:31:45', 'ACTIVE', 'ID', '', '', '', '', '', '', '', '', '', '', '2019-08-16', 'PROCESSMAKER_OPERATOR', '', '', 'NORMAL', '0.00', '', '', NULL, 'Asia/Jakarta', 'en', NULL, 1),
('4335124725da67e028a8c08040348247', 140, 'sharon.brailey', '00000000000000000000000000000000', 'Sharon', 'Brailey', 'sharon.brailey@knauf.com.au', '2020-10-16', '2019-10-16 02:18:42', '2019-10-16 02:18:42', 'ACTIVE', 'AU', 'QL', '', '', '', '', '', '', '', '', '', '2019-10-16', 'PROCESSMAKER_OPERATOR', '', '', 'NORMAL', '0.00', '', '', NULL, 'America/New_York', 'en', NULL, 1),
('4419754665da6821f65f300080642637', 166, 'michael.holding', '00000000000000000000000000000000', 'Michael', 'Holding', 'Michael.Holding@Knauf.com.au', '2020-10-16', '2019-10-16 02:36:15', '2019-10-16 02:36:15', 'ACTIVE', 'AU', 'QL', 'CNS', '', '', '', '', '', '', '', '', '2019-10-16', 'PROCESSMAKER_OPERATOR', '', '', 'NORMAL', '0.00', '', '', NULL, 'America/New_York', 'en', NULL, 1),
('4450615135da67f6c951ac0072299981', 149, 'george.moawad', '00000000000000000000000000000000', 'George', 'Moawad', 'George.Moawad@Knauf.com.au', '2020-10-16', '2019-10-16 02:24:44', '2019-10-16 02:24:44', 'ACTIVE', '', '', '', '', '', '', '', '', '', '', '', '2019-10-16', 'PROCESSMAKER_OPERATOR', '', '', 'NORMAL', '0.00', '', '', NULL, 'America/New_York', 'en', NULL, 1),
('4590248685da67ff688b276026450711', 153, 'dean.piper', '00000000000000000000000000000000', 'Dean', 'Piper', 'Dean.Piper@Knauf.com.au', '2020-10-16', '2019-10-16 02:27:02', '2019-10-16 02:27:02', 'ACTIVE', 'AU', '', '', '', '', '', '', '', '', '', '', '2019-10-16', 'PROCESSMAKER_OPERATOR', '', '', 'NORMAL', '0.00', '', '', NULL, 'America/New_York', 'en', NULL, 1),
('4709776055da68196293250000821510', 162, 'george.mamic', '00000000000000000000000000000000', 'George', 'Mamic', 'george.mamic@knauf.com.au', '2020-10-16', '2019-10-16 02:33:58', '2019-10-16 02:33:58', 'ACTIVE', 'AU', 'QL', 'BLG', '', '', '', '', '', '', '', '', '2019-10-16', 'PROCESSMAKER_OPERATOR', '', '', 'NORMAL', '0.00', '', '', NULL, 'America/New_York', 'en', NULL, 1),
('4761488705d3fb35a113365098753209', 40, 'aldrian.mendoza', '00000000000000000000000000000000', 'Aldrian', 'Mendoza', 'jayke.anderson@knauf.com.au', '2020-07-30', '2019-07-30 03:02:50', '2019-09-06 02:32:00', 'ACTIVE', 'PH', '', '', '', '', '', '', '', '', '', '', '2019-07-30', 'PROCESSMAKER_OPERATOR', '', '', 'NORMAL', '0.00', '', '', NULL, 'Asia/Manila', 'en', NULL, 1),
('4779217155d89d65006bad3086274590', 92, 'jianqiang.wang', '00000000000000000000000000000000', 'Jianqiang', 'Wang', 'wangjianqiang@mail.knauf.com.cn', '2020-09-24', '2019-09-24 08:39:44', '2019-09-24 08:39:44', 'ACTIVE', 'CN', '', '', '', '', '', '', '', '', '', '', '2019-09-24', 'PROCESSMAKER_OPERATOR', '', '', 'NORMAL', '0.00', '', '', NULL, 'Asia/Shanghai', 'en', NULL, 1),
('4814003185d8c2fd310c5b2001484733', 101, 'xiangyu.luo', '00000000000000000000000000000000', 'Xiangyu', 'Luo', 'luoxiangyu@mail.knauf.com.cn', '2020-09-26', '2019-09-26 03:26:11', '2019-09-26 03:26:11', 'ACTIVE', 'CN', '', '', '', '', '', '', '', '', '', '', '2019-09-26', 'PROCESSMAKER_OPERATOR', '', '', 'NORMAL', '0.00', '', '', NULL, 'Asia/Shanghai', 'en', NULL, 1),
('4848956625d5664cb1ded96045552819', 73, 'suhartono.salim', '00000000000000000000000000000000', 'Suhartono', 'Salim', 'jayke.anderson@knauf.com.au', '2020-08-16', '2019-08-16 08:09:47', '2019-09-06 02:32:14', 'ACTIVE', 'ID', '', '', '', '', '', '', '', '', '', '', '2019-08-16', 'PROCESSMAKER_OPERATOR', '', '', 'NORMAL', '0.00', '', '', NULL, 'Asia/Jakarta', 'en', NULL, 1),
('4947513325d8c376d6b3dd6059801750', 113, 'jingyu.wang', '00000000000000000000000000000000', 'Jingyu', 'Wang', 'wangjingyu@mail.knauf.com.cn', '2020-09-26', '2019-09-26 03:58:37', '2019-09-26 03:58:37', 'ACTIVE', 'CN', '', '', '', '', '', '', '', '', '', '', '2019-09-26', 'PROCESSMAKER_OPERATOR', '', '', 'NORMAL', '0.00', '', '', NULL, 'Asia/Shanghai', 'en', NULL, 1),
('4952935735da67ec5eb0410083504192', 145, 'chris.williams', '00000000000000000000000000000000', 'Chris', 'Williams', 'chris.williams@knauf.com.au', '2020-10-16', '2019-10-16 02:21:57', '2019-10-16 02:21:57', 'ACTIVE', 'AU', '', '', '', '', '', '', '', '', '', '', '2019-10-16', 'PROCESSMAKER_OPERATOR', '', '', 'NORMAL', '0.00', '', '', NULL, 'America/New_York', 'en', NULL, 1),
('5031433015d89d507f16c16065285438', 88, 'zhengfeng.sun', '00000000000000000000000000000000', 'Zhengfeng', 'Sun', 'sunzhengfeng@mail.knauf.com.cn', '2020-09-24', '2019-09-24 08:34:15', '2019-09-24 08:34:15', 'ACTIVE', 'CN', '', '', '', '', '', '', '', '', '', '', '2019-09-24', 'PROCESSMAKER_OPERATOR', '', '', 'NORMAL', '0.00', '', '', NULL, 'Asia/Shanghai', 'en', NULL, 1),
('5054254075c866080af6348028578652', 7, 'steve.bean', 'af2bdbe1aa9b6ec1e2ade1d694f41fc71a831d0268e9891562113d8a62add1bf', 'Steve', 'Bean', 'jayke.anderson@knauf.com.au', '2020-03-11', '2019-03-11 13:20:00', '2019-09-06 02:32:28', 'ACTIVE', '', '', '', 'jayke.anderson@knauf.com.au', '', '', '', '', '', '', '', '2019-03-11', 'PROCESSMAKER_MANAGER', '', '', 'NORMAL', '0.00', '', '', NULL, 'America/Anguilla', 'en', '2019-07-24 03:38:16', 1),
('5113640855d3fb444579492076828036', 45, 'kathleen.sagutin', '310fe4caf555c82a9202095c54c7e6ec52b835e9b189d810b8ae2f1a052e26f1', 'Kathleen', 'Sagutin', 'jayke.anderson@knauf.com.au', '2020-07-30', '2019-07-30 03:06:44', '2019-09-06 02:33:03', 'ACTIVE', 'PH', '', '', '', '', '', '', '', '', '', '', '2019-07-30', 'PROCESSMAKER_OPERATOR', '', '', 'NORMAL', '0.00', '', '', NULL, 'Asia/Manila', 'en', '2019-08-01 05:21:22', 1),
('5139881255d8c317d757932057263503', 104, 'jiangen.hu', '00000000000000000000000000000000', 'Jiangen', 'Hu', 'hujiangen@mail.knauf.com.cn', '2020-09-26', '2019-09-26 03:33:17', '2019-09-26 03:33:17', 'ACTIVE', 'CN', '', '', '', '', '', '', '', '', '', '', '2019-09-26', 'PROCESSMAKER_OPERATOR', '', '', 'NORMAL', '0.00', '', '', NULL, 'Asia/Shanghai', 'en', NULL, 1),
('5346289105d8c36d8387457088887490', 111, 'jingjun.zhang', '00000000000000000000000000000000', 'Jingjun', 'Zhang', 'zhangjingjun@mail.knauf.com.cn', '2020-09-26', '2019-09-26 03:56:08', '2019-09-26 03:56:08', 'ACTIVE', 'CN', '', '', '', '', '', '', '', '', '', '', '2019-09-26', 'PROCESSMAKER_OPERATOR', '', '', 'NORMAL', '0.00', '', '', NULL, 'Asia/Shanghai', 'en', NULL, 1),
('5456659515da67ee69c18b8068991402', 146, 'steve.james', '00000000000000000000000000000000', 'Steve', 'James', 'steve.james@knauf.com.au', '2020-10-16', '2019-10-16 02:22:30', '2019-10-16 02:22:30', 'ACTIVE', 'AU', '', '', '', '', '', '', '', '', '', '', '2019-10-16', 'PROCESSMAKER_OPERATOR', '', '', 'NORMAL', '0.00', '', '', NULL, 'America/New_York', 'en', NULL, 1),
('5500384265d896e69d56754013129235', 79, 'jiaoyue.wu', '8d969eef6ecad3c29a3a629280e686cf0c3f5d5a86aff3ca12020c923adc6c92', 'Jiaoyue', 'Wu', 'wujiaoyue@mail.knauf.com.cn', '2020-09-24', '2019-09-24 01:16:25', '2019-09-27 01:18:43', 'ACTIVE', 'CN', '', '', '', '', '', '', '', '', '', '', '2019-09-24', 'PROCESSMAKER_OPERATOR', '', '', 'NORMAL', '0.00', '', '', NULL, 'Asia/Shanghai', 'en', '2019-09-27 01:18:43', 1),
('5562730065cdfc4c5588610026429241', 20, '', 'af2bdbe1aa9b6ec1e2ade1d694f41fc71a831d0268e9891562113d8a62add1bf', 'Jane', 'Doe', 'jayke.anderson@knauf.com.au', '2019-05-30', '2019-05-18 08:39:33', '2019-05-18 08:39:33', 'CLOSED', '', '', '', '', '', '', '', '', '', '', '', '2019-05-18', 'PROCESSMAKER_OPERATOR', '', '', 'NORMAL', '0.00', '', '', NULL, '', '', NULL, 1),
('5599593145d565dc26b0416091527599', 62, 'endang.wigiarti', '00000000000000000000000000000000', 'Endang', 'Wigiarti', 'jayke.anderson@knauf.com.au', '2020-08-16', '2019-08-16 07:39:46', '2019-09-06 02:33:17', 'ACTIVE', 'ID', '', '', '', '', '', '', '', '', '', '', '2019-08-16', 'PROCESSMAKER_OPERATOR', '', '', 'NORMAL', '0.00', '', '', NULL, 'Asia/Jakarta', 'en', NULL, 1),
('5630526805da67b63b08b73056239136', 126, 'kristin.gibbs', '00000000000000000000000000000000', 'Kristin', 'Gibbs', 'kristin.gibbs@knauf.com.au', '2020-10-16', '2019-10-16 02:07:31', '2019-10-16 02:07:31', 'ACTIVE', 'AU', 'QL', 'BDB', '', '', '', '', '', '', '', '', '2019-10-16', 'PROCESSMAKER_OPERATOR', '', '', 'NORMAL', '0.00', '', '', NULL, 'America/New_York', 'en', NULL, 1),
('5640199155d3fdb2985ef85050357369', 52, 'kevin.vanaerle', '00000000000000000000000000000000', 'Kevin', 'VanAerle', 'jayke.anderson@knauf.com.au', '2020-07-30', '2019-07-30 05:52:41', '2019-09-06 02:33:29', 'ACTIVE', 'TH', '', '', '', '', '', '', '', '', '', '', '2019-07-30', 'PROCESSMAKER_OPERATOR', '', '', 'NORMAL', '0.00', '', '', NULL, 'Asia/Bangkok', 'en', NULL, 1),
('5650984815d8c369150ca96032709671', 110, 'changjun.bi', '00000000000000000000000000000000', 'Changjun', 'Bi', 'bichangjun@mail.knauf.com.cn', '2020-09-26', '2019-09-26 03:54:57', '2019-09-26 03:54:57', 'ACTIVE', 'CN', '', '', '', '', '', '', '', '', '', '', '2019-09-26', 'PROCESSMAKER_OPERATOR', '', '', 'NORMAL', '0.00', '', '', NULL, 'Asia/Shanghai', 'en', NULL, 1),
('5728128025d899509707c12011854138', 82, 'xiaochao.gong', '8d969eef6ecad3c29a3a629280e686cf0c3f5d5a86aff3ca12020c923adc6c92', 'Xiaochao', 'Gong', 'gongxiaochao@mail.knauf.com.cn', '2020-09-24', '2019-09-24 04:01:13', '2019-09-27 01:22:21', 'ACTIVE', 'CN', '', '', '', '', '', '', '', '', '', '', '2019-09-24', 'PROCESSMAKER_OPERATOR', '', '', 'NORMAL', '0.00', '', '', NULL, 'Asia/Shanghai', 'en', '2019-09-27 01:22:21', 1),
('5777808965ca51f4d3b85c7017355707', 19, '', '00000000000000000000000000000000', 'Pedro', 'Silva', 'jayke.anderson@knauf.com.au', '2020-04-03', '2019-04-03 21:02:05', '2019-04-03 21:02:05', 'CLOSED', '', '', '', '', '', '', '', '', '', '', '', '2019-04-03', 'PROCESSMAKER_OPERATOR', '', '', 'NORMAL', '0.00', '', '', NULL, 'America/New_York', 'en', NULL, 1),
('5906980245da68286204636054977111', 169, 'anna.bayder', '00000000000000000000000000000000', 'Anna', 'Bayder', 'anna.bayder@knauf.com.au', '2020-10-16', '2019-10-16 02:37:58', '2019-10-16 02:37:58', 'ACTIVE', 'AU', '', '', '', '', '', '', '', '', '', '', '2019-10-16', 'PROCESSMAKER_OPERATOR', '', '', 'NORMAL', '0.00', '', '', NULL, 'America/New_York', 'en', NULL, 1),
('5920847225d3fb1f855c6b7050293073', 35, 'lenie.morte', '00000000000000000000000000000000', 'Lenie Rose', 'Morte', 'jayke.anderson@knauf.com.au', '2020-07-30', '2019-07-30 02:56:56', '2019-09-06 02:33:42', 'ACTIVE', 'PH', '', '', '', '', '', '', '', '', '', '', '2019-07-30', 'PROCESSMAKER_OPERATOR', '', '', 'NORMAL', '0.00', '', '', NULL, 'Asia/Manila', 'en', NULL, 1),
('5941327905d53663653cb83031459207', 58, 'dwi.lestari', '871dc6af697b436aae9313963651e09b8d47bd6e05f952ce80ff32e37d9e4c3e', 'Dwi', 'Lestari', 'jayke.anderson@knauf.com.au', '2020-08-14', '2019-08-14 01:39:02', '2019-09-06 02:35:37', 'ACTIVE', 'ID', '', '', '', '', '', '', '', '', '', '', '2019-08-14', 'PROCESSMAKER_MANAGER', '', '', 'NORMAL', '0.00', '', '', NULL, 'Asia/Jakarta', 'en', '2019-08-19 04:33:17', 1),
('6007216615d89d436cf8357099994899', 86, 'mi.tian', '31af83445fbbdc730cca704f96db0f85ff8d8a899042ce4131e11a054596e351', 'Mi', 'Tian', 'tianmi@mail.knauf.com.cn', '2020-09-24', '2019-09-24 08:30:46', '2019-09-25 04:47:12', 'ACTIVE', 'CN', '', '', '', '', '', '', '', '', '', '', '2019-09-24', 'PROCESSMAKER_OPERATOR', '', '', 'NORMAL', '0.00', '', '', NULL, 'Asia/Shanghai', 'en', '2019-09-25 04:47:12', 1),
('6066674725d89d5bb28f126033248393', 90, 'jun.liang', 'ef797c8118f02dfb649607dd5d3f8c7623048c9c063d532cc95c5ed7a898a64f', 'Jun', 'Liang', 'liangjun@mail.knauf.com.cn', '2020-09-24', '2019-09-24 08:37:15', '2019-09-27 01:19:43', 'ACTIVE', 'CN', '', '', '', '', '', '', '', '', '', '', '2019-09-24', 'PROCESSMAKER_OPERATOR', '', '', 'NORMAL', '0.00', '', '', NULL, 'Asia/Shanghai', 'en', '2019-09-27 01:19:43', 1),
('6098984245d896f5da61a74007328013', 81, 'zhongqiu.lu', '7b4ccf4849d0c71c51dade3c7a6afca55d72e9cd7b4d207df3770f300e3addad', 'Zhongqiu', 'Lu', 'luzhongqiu@mail.knauf.com.cn', '2020-09-24', '2019-09-24 01:20:29', '2019-09-25 04:05:11', 'ACTIVE', 'CN', '', '', '', '', '', '', '', '', '', '', '2019-09-24', 'PROCESSMAKER_OPERATOR', '', '', 'NORMAL', '0.00', '', '', NULL, 'Asia/Shanghai', 'en', '2019-09-25 04:05:11', 1),
('6146450595d3fb0479da195014124954', 30, 'ronald.lacsamana', '017be0cbe0d440c7b40c39152c41b51cf10d8fcb6f2a8cebbbd0cea273a69a1a', 'Ronald', 'Lacsamana', 'jayke.anderson@knauf.com.au', '2020-07-30', '2019-07-30 02:49:43', '2019-09-06 02:35:51', 'ACTIVE', 'PH', '', '', '', '', '', '', '', '', '', '', '2019-07-30', 'PROCESSMAKER_OPERATOR', '', '', 'NORMAL', '0.00', '', '', NULL, 'Asia/Manila', 'en', '2019-09-03 00:11:44', 1),
('6261178115d3fe250ab9443085058305', 55, 'io.sarmiento', '00000000000000000000000000000000', 'Io', 'Sarmiento', 'jayke.anderson@knauf.com.au', '2020-07-30', '2019-07-30 06:23:12', '2019-09-06 02:36:04', 'ACTIVE', 'PH', '', '', '', '', '', '', '', '', '', '', '2019-07-30', 'PROCESSMAKER_OPERATOR', '', '', 'NORMAL', '0.00', '', '', NULL, 'Asia/Bangkok', 'en', NULL, 1),
('6275750785d3fdb62451f08022724475', 53, 'leo.alarcon', 'af2bdbe1aa9b6ec1e2ade1d694f41fc71a831d0268e9891562113d8a62add1bf', 'Leonel', 'Alarcon', 'jayke.anderson@knauf.com.au', '2020-07-30', '2019-07-30 05:53:38', '2019-09-06 02:36:18', 'ACTIVE', 'TH', '', '', '', '', '', '', '', '', '', '', '2019-07-30', 'PROCESSMAKER_MANAGER', '', '', 'NORMAL', '0.00', '', '', NULL, 'Asia/Bangkok', 'en', NULL, 1),
('6336081655d89d6de6e1bd6001256112', 94, 'ying.chen', '00000000000000000000000000000000', 'Ying', 'Chen', 'chenying@mail.knauf.com.cn', '2020-09-24', '2019-09-24 08:42:06', '2019-09-24 08:42:06', 'ACTIVE', 'CN', '', '', '', '', '', '', '', '', '', '', '2019-09-24', 'PROCESSMAKER_OPERATOR', '', '', 'NORMAL', '0.00', '', '', NULL, 'Asia/Shanghai', 'en', NULL, 1),
('6344301225d3fe2181619a9065735923', 54, 'mich.delarosa', '00000000000000000000000000000000', 'Mich', 'Dela Rosa', 'jayke.anderson@knauf.com.au', '2020-07-30', '2019-07-30 06:22:16', '2019-09-06 02:36:45', 'ACTIVE', 'PH', '', '', '', '', '', '', '', '', '', '', '2019-07-30', 'PROCESSMAKER_OPERATOR', '', '', 'NORMAL', '0.00', '', '', NULL, 'Asia/Manila', 'en', NULL, 1),
('6369199765d8995c974e238032585434', 84, 'xiao.zhang', '00000000000000000000000000000000', 'Xiao', 'Zhang', 'zhangxiao@mail.knauf.com.cn', '2020-09-24', '2019-09-24 04:04:25', '2019-09-24 04:04:25', 'ACTIVE', 'CN', '', '', '', '', '', '', '', '', '', '', '2019-09-24', 'PROCESSMAKER_OPERATOR', '', '', 'NORMAL', '0.00', '', '', NULL, 'Asia/Shanghai', 'en', NULL, 1),
('6476663655da679d2de0821067225213', 120, 'matthew.hirst', '00000000000000000000000000000000', 'Matthew', 'Hirst', 'matthew.hirst@knauf.com.au', '2020-10-16', '2019-10-16 02:00:50', '2019-10-16 02:00:50', 'ACTIVE', 'AU', 'VI', 'ATO', '', '', '', '', '', '', '', '', '2019-10-16', 'PROCESSMAKER_OPERATOR', '', '', 'NORMAL', '0.00', '', '', NULL, 'America/New_York', 'en', NULL, 1),
('6608302035d56610eeca133097238228', 64, 'guzali.bambang', '00000000000000000000000000000000', 'Khoe Guzali', 'Bambang', 'jayke.anderson@knauf.com.au', '2020-08-16', '2019-08-16 07:53:50', '2019-09-06 02:37:00', 'ACTIVE', 'ID', '', '', '', '', '', '', '', '', '', '', '2019-08-16', 'PROCESSMAKER_OPERATOR', '', '', 'NORMAL', '0.00', '', '', NULL, 'Asia/Jakarta', 'en', NULL, 1),
('6621945965da681d6a233a8044370209', 164, 'stephanie.olsen', '00000000000000000000000000000000', 'Stephanie', 'Olsen', 'stephanie.olsen@knauf.com.au', '2020-10-16', '2019-10-16 02:35:02', '2019-10-16 02:35:02', 'ACTIVE', 'AU', 'QL', 'BLG', '', '', '', '', '', '', '', '', '2019-10-16', 'PROCESSMAKER_OPERATOR', '', '', 'NORMAL', '0.00', '', '', NULL, 'America/New_York', 'en', NULL, 1),
('6734909165c8660b18cef85071846108', 8, 'gavin.burton', '3ad541e6c2b8412b77e0b499d1a14d7cc7bfe9ef081568c4b4b67bed75dc227d', 'Gavin', 'Burton', 'jayke.anderson@knauf.com.au', '2020-03-11', '2019-03-11 13:20:49', '2019-10-19 12:27:14', 'ACTIVE', '', '', '', 'jayke.anderson@knauf.com.au', '', '', '', '', '', '', '', '2019-03-11', 'PROCESSMAKER_MANAGER', '', '', 'NORMAL', '0.00', '', '', NULL, 'America/Anguilla', 'en', '2019-10-18 13:48:23', 1),
('6841470775da680abc42670032775599', 157, 'ken.holdstock', '00000000000000000000000000000000', 'Ken', 'Holdstock', 'Ken.Holdstock@Knauf.com.au', '2020-10-16', '2019-10-16 02:30:03', '2019-10-16 02:30:03', 'ACTIVE', 'AU', 'QL', 'BLG', '', '', '', '', '', '', '', '', '2019-10-16', 'PROCESSMAKER_OPERATOR', '', '', 'NORMAL', '0.00', '', '', NULL, 'America/New_York', 'en', NULL, 1),
('6881775295da678df701ae1003692186', 116, 'alan.skicko', '00000000000000000000000000000000', 'Alan', 'Skicko', 'alan.skicko@knauf.com.au', '2020-10-16', '2019-10-16 01:56:47', '2019-10-16 01:56:47', 'ACTIVE', 'AU', 'VI', 'ATO', '', '', '', '', '', '', '', '', '2019-10-16', 'PROCESSMAKER_OPERATOR', '', '', 'NORMAL', '0.00', '', '', NULL, 'America/New_York', 'en', NULL, 1),
('6990077575d3fb38a8a9393087566831', 41, 'emmy.bejo', '00000000000000000000000000000000', 'Emmy', 'Bejo', 'jayke.anderson@knauf.com.au', '2020-07-30', '2019-07-30 03:03:38', '2019-09-06 02:37:30', 'ACTIVE', 'PH', '', '', '', '', '', '', '', '', '', '', '2019-07-30', 'PROCESSMAKER_OPERATOR', '', '', 'NORMAL', '0.00', '', '', NULL, 'Asia/Manila', 'en', NULL, 1),
('7039927345d5661b5e21f84023639041', 65, 'ratna.yuli', '00000000000000000000000000000000', 'Ratna Yuli', 'Ariyani', 'jayke.anderson@knauf.com.au', '2020-08-16', '2019-08-16 07:56:37', '2019-09-06 02:37:46', 'ACTIVE', 'ID', '', '', '', '', '', '', '', '', '', '', '2019-08-16', 'PROCESSMAKER_OPERATOR', '', '', 'NORMAL', '0.00', '', '', NULL, 'Asia/Jakarta', 'en', NULL, 1),
('7053762775d5375935c6c46037431490', 60, 'rama.krishnan', 'b96a287d713495da74ad11351ababe973442ed79130801f679a7d5838be82816', 'Rama', 'Krishnan', 'jayke.anderson@knauf.com.au', '2020-08-14', '2019-08-14 02:44:35', '2019-09-06 02:38:03', 'ACTIVE', 'ID', '', '', '', '', '', '', '', '', '', '', '2019-08-14', 'PROCESSMAKER_MANAGER', '', '', 'NORMAL', '0.00', '', '', NULL, 'Antarctica/Davis', 'en', '2019-08-19 01:17:09', 1),
('7076284835d56647ac4cfe7066681939', 72, 'boedhi.santoso', '00000000000000000000000000000000', 'Boedhi', 'Santoso', 'jayke.anderson@knauf.com.au', '2020-08-16', '2019-08-16 08:08:26', '2019-09-06 02:39:17', 'ACTIVE', 'ID', '', '', '', '', '', '', '', '', '', '', '2019-08-16', 'PROCESSMAKER_OPERATOR', '', '', 'NORMAL', '0.00', '', '', NULL, 'Asia/Jakarta', 'en', NULL, 1),
('7158000975d8c37219e1820032014524', 112, 'qinzheng.chen', '00000000000000000000000000000000', 'Qinzheng', 'Chen', 'chenqinzheng@mail.knauf.com.cn', '2020-09-26', '2019-09-26 03:57:21', '2019-09-26 03:57:21', 'ACTIVE', 'CN', '', '', '', '', '', '', '', '', '', '', '2019-09-26', 'PROCESSMAKER_OPERATOR', '', '', 'NORMAL', '0.00', '', '', NULL, 'Asia/Shanghai', 'en', NULL, 1),
('7159891755d3fae51668710043461935', 24, 'joanna.castillo', '00000000000000000000000000000000', 'Joanna Mary', 'Castillo', 'jayke.anderson@knauf.com.au', '2020-07-30', '2019-07-30 02:41:21', '2019-09-06 02:39:32', 'ACTIVE', 'PH', '', '', '', '', '', '', '', '', '', '', '2019-07-30', 'PROCESSMAKER_OPERATOR', '', '', 'NORMAL', '0.00', '', '', NULL, 'Asia/Manila', 'en', NULL, 1),
('7175403755d89d72e3ef028062642819', 95, 'pengcheng.yue', '00000000000000000000000000000000', 'Pengcheng', 'Yue', 'yuepengcheng@mail.knauf.com.cn', '2020-09-24', '2019-09-24 08:43:26', '2019-09-24 08:43:26', 'ACTIVE', 'CN', '', '', '', '', '', '', '', '', '', '', '2019-09-24', 'PROCESSMAKER_OPERATOR', '', '', 'NORMAL', '0.00', '', '', NULL, 'Asia/Shanghai', 'en', NULL, 1),
('7180008005d43dea5ae51a4096201329', 56, 'oliver.moral', '00000000000000000000000000000000', 'Oliver', 'Moral', 'jayke.anderson@knauf.com.au', '2020-08-02', '2019-08-02 06:56:37', '2019-09-06 02:39:45', 'ACTIVE', 'PH', '', '', '', '', '', '', '', '', '', '', '2019-08-02', 'PROCESSMAKER_OPERATOR', '', '', 'NORMAL', '0.00', '', '', NULL, 'Asia/Manila', 'en', NULL, 1),
('7199125345da67947256f93093511663', 118, 'mark.warren', '00000000000000000000000000000000', 'Mark', 'Warren', 'mark.warren@knauf.com.au', '2020-10-16', '2019-10-16 01:58:31', '2019-10-16 01:58:31', 'ACTIVE', 'AU', 'VI', 'ATO', '', '', '', '', '', '', '', '', '2019-10-16', 'PROCESSMAKER_OPERATOR', '', '', 'NORMAL', '0.00', '', '', NULL, 'America/New_York', 'en', NULL, 1),
('7201430585c928822686af3071843170', 17, 'john.smith', '00000000000000000000000000000000', 'John', 'Smith', 'jayke.anderson@knauf.com.au', '2020-03-20', '2019-03-20 18:36:18', '2019-09-06 02:40:01', 'INACTIVE', '', '', '', '', '', '', '', '', '', '', '', '2019-03-20', 'PROCESSMAKER_OPERATOR', '', '', 'NORMAL', '0.00', '', '', NULL, 'America/New_York', 'en', NULL, 1),
('7293126885d3fb47c5227b1050208725', 46, 'ivy.leobonchiong', '00000000000000000000000000000000', 'Ivy Grace', 'Leobonchiong', 'jayke.anderson@knauf.com.au', '2020-07-30', '2019-07-30 03:07:40', '2019-09-06 02:40:14', 'ACTIVE', 'PH', '', '', '', '', '', '', '', '', '', '', '2019-07-30', 'PROCESSMAKER_OPERATOR', '', '', 'NORMAL', '0.00', '', '', NULL, 'Asia/Manila', 'en', NULL, 1),
('7474175465c8f4dac447234050977038', 11, 'martin.obrien', '00000000000000000000000000000000', 'Martin', 'O\'Brien', 'jayke.anderson@knauf.com.au', '2020-03-18', '2019-03-18 07:50:04', '2019-09-06 02:43:27', 'ACTIVE', '', '', '', 'jayke.anderson@knauf.com.au', '', '', '', '', '', '', '', '2019-03-18', 'PROCESSMAKER_MANAGER', '', '', 'NORMAL', '0.00', '', '', NULL, 'Australia/Brisbane', 'en', '2019-08-07 01:06:31', 1),
('7475349035c8660efaf47f5052308797', 9, 'andy.rylance', 'af2bdbe1aa9b6ec1e2ade1d694f41fc71a831d0268e9891562113d8a62add1bf', 'Andy', 'Rylance', 'jayke.anderson@knauf.com.au', '2020-03-11', '2019-03-11 13:21:51', '2019-09-06 02:43:43', 'ACTIVE', '', '', '', 'jayke.anderson@knauf.com.au', '', '', '', '', '', '', '', '2019-03-11', 'PROCESSMAKER_MANAGER', '', '', 'NORMAL', '0.00', '', '', NULL, 'America/Anguilla', 'en', '2019-09-05 14:07:54', 1),
('7610292385c86612287c860012103391', 10, 'murray.read', 'af2bdbe1aa9b6ec1e2ade1d694f41fc71a831d0268e9891562113d8a62add1bf', 'Murray', 'Read', 'jayke.anderson@knauf.com.au', '2020-03-11', '2019-03-11 13:22:42', '2019-09-06 02:44:47', 'ACTIVE', '', '', '', 'jayke.anderson@knauf.com.au', '', '', '', '', '', '', '', '2019-03-11', 'PROCESSMAKER_OPERATOR', '', '', 'NORMAL', '0.00', '', '', NULL, 'America/Anguilla', 'en', '2019-07-24 03:36:29', 1),
('7765270725d565d518fe1a6018454218', 61, 'endah.padmiwiyati', '00000000000000000000000000000000', 'Endah', 'Padmiwiyati', 'jayke.anderson@knauf.com.au', '2020-08-16', '2019-08-16 07:37:53', '2019-09-06 02:45:01', 'ACTIVE', 'ID', '', '', '', '', '', '', '', '', '', '', '2019-08-16', 'PROCESSMAKER_OPERATOR', '', '', 'NORMAL', '0.00', '', '', NULL, 'Asia/Jakarta', 'en', NULL, 1),
('8029862875da67b9b8f6305095172599', 127, 'matthew.hughes', '00000000000000000000000000000000', 'Matthew', 'Hughes', 'Matthew.Hughes@Knauf.com.au', '2020-10-16', '2019-10-16 02:08:27', '2019-10-16 02:08:27', 'ACTIVE', 'AU', 'QL', 'BDB', '', '', '', '', '', '', '', '', '2019-10-16', 'PROCESSMAKER_OPERATOR', '', '', 'NORMAL', '0.00', '', '', NULL, 'America/New_York', 'en', NULL, 1),
('8065305425da67a078f34a9043354939', 121, 'phil.james', '00000000000000000000000000000000', 'Phil', 'James', 'phil.james@knauf.com.au', '2020-10-16', '2019-10-16 02:01:43', '2019-10-16 02:01:43', 'ACTIVE', 'AU', 'VI', 'ATO', '', '', '', '', '', '', '', '', '2019-10-16', 'PROCESSMAKER_OPERATOR', '', '', 'NORMAL', '0.00', '', '', NULL, 'America/New_York', 'en', NULL, 1),
('8154080485da6806fddbd66071222267', 156, 'andrew.carbines', '00000000000000000000000000000000', 'Andrew', 'Carbines', 'Carbines.Andrew@Knauf.com.au', '2020-10-16', '2019-10-16 02:29:03', '2019-10-16 02:29:03', 'ACTIVE', 'AU', 'QL', 'BLG', '', '', '', '', '', '', '', '', '2019-10-16', 'PROCESSMAKER_OPERATOR', '', '', 'NORMAL', '0.00', '', '', NULL, 'America/New_York', 'en', NULL, 1),
('8171364315d8c329d7a9d16079013163', 105, 'yongqing.zheng', '00000000000000000000000000000000', 'Yongqing', 'Zheng', 'zhengyongqing@mail.knauf.com.cn', '2020-09-26', '2019-09-26 03:38:05', '2019-09-26 03:38:05', 'ACTIVE', 'CN', '', '', '', '', '', '', '', '', '', '', '2019-09-26', 'PROCESSMAKER_OPERATOR', '', '', 'NORMAL', '0.00', '', '', NULL, 'Asia/Shanghai', 'en', NULL, 1);
INSERT INTO `USERS` (`USR_UID`, `USR_ID`, `USR_USERNAME`, `USR_PASSWORD`, `USR_FIRSTNAME`, `USR_LASTNAME`, `USR_EMAIL`, `USR_DUE_DATE`, `USR_CREATE_DATE`, `USR_UPDATE_DATE`, `USR_STATUS`, `USR_COUNTRY`, `USR_CITY`, `USR_LOCATION`, `USR_ADDRESS`, `USR_PHONE`, `USR_FAX`, `USR_CELLULAR`, `USR_ZIP_CODE`, `DEP_UID`, `USR_POSITION`, `USR_RESUME`, `USR_BIRTHDAY`, `USR_ROLE`, `USR_REPORTS_TO`, `USR_REPLACED_BY`, `USR_UX`, `USR_COST_BY_HOUR`, `USR_UNIT_COST`, `USR_PMDRIVE_FOLDER_UID`, `USR_BOOKMARK_START_CASES`, `USR_TIME_ZONE`, `USR_DEFAULT_LANG`, `USR_LAST_LOGIN`, `USR_STATUS_ID`) VALUES
('8197082355c8f4e086fff47015880419', 14, 'greg.bartlett', '00000000000000000000000000000000', 'Greg', 'Bartlett', 'jayke.anderson@knauf.com.au', '2020-03-18', '2019-03-18 07:51:36', '2019-09-06 02:45:14', 'INACTIVE', '', '', '', 'jayke.anderson@knauf.com.au', '', '', '', '', '', '', '', '2019-03-18', 'PROCESSMAKER_OPERATOR', '', '', 'NORMAL', '0.00', '', '', NULL, 'America/Anguilla', 'en', '2019-05-30 22:12:40', 1),
('8328875875d8c1e392af352027907764', 97, 'fangdi.yao', '00000000000000000000000000000000', 'Fangdi', 'Yao', 'yaofangdi@mail.knauf.com.cn', '2020-09-26', '2019-09-26 02:11:05', '2019-09-26 02:11:05', 'ACTIVE', 'CN', '', '', '', '', '', '', '', '', '', '', '2019-09-26', 'PROCESSMAKER_OPERATOR', '', '', 'NORMAL', '0.00', '', '', NULL, 'Asia/Shanghai', 'en', NULL, 1),
('8340544975da68012201db4019301236', 154, 'julian.roborgh', '00000000000000000000000000000000', 'Julian', 'Roborgh', 'julian.roborgh@knauf.com.au', '2020-10-16', '2019-10-16 02:27:30', '2019-10-16 02:27:30', 'ACTIVE', '', '', '', '', '', '', '', '', '', '', '', '2019-10-16', 'PROCESSMAKER_OPERATOR', '', '', 'NORMAL', '0.00', '', '', NULL, 'America/New_York', 'en', NULL, 1),
('8416593055da67db6d5b5b7048512264', 138, 'lance.mclaren', '00000000000000000000000000000000', 'Lance', 'Mclaren', 'Lance.Mclaren@Knauf.com.au', '2020-10-16', '2019-10-16 02:17:26', '2019-10-16 02:17:26', 'ACTIVE', 'AU', 'NS', '', '', '', '', '', '', '', '', '', '2019-10-16', 'PROCESSMAKER_OPERATOR', '', '', 'NORMAL', '0.00', '', '', NULL, 'America/New_York', 'en', NULL, 1),
('8505999125d8c363cf1b498046911445', 109, 'shixi.hu', '00000000000000000000000000000000', 'Shixi', 'Hu', 'hushixi@mail.knauf.com.cn', '2020-09-26', '2019-09-26 03:53:32', '2019-09-26 03:53:32', 'ACTIVE', 'CN', '', '', '', '', '', '', '', '', '', '', '2019-09-26', 'PROCESSMAKER_OPERATOR', '', '', 'NORMAL', '0.00', '', '', NULL, 'Asia/Shanghai', 'en', NULL, 1),
('8531349125d3fb4b1b00465087302011', 47, 'charlene.bonalos', '00000000000000000000000000000000', 'Charlene Adele', 'Bonalos', 'jayke.anderson@knauf.com.au', '2020-07-30', '2019-07-30 03:08:33', '2019-09-06 02:46:00', 'ACTIVE', 'PH', '', '', '', '', '', '', '', '', '', '', '2019-07-30', 'PROCESSMAKER_OPERATOR', '', '', 'NORMAL', '0.00', '', '', NULL, 'Asia/Manila', 'en', NULL, 1),
('8590576455da67fcea62da9061705484', 152, 'trevor.denson', '00000000000000000000000000000000', 'Trevor', 'Denson', 'trevor.denson@knauf.com.au', '2020-10-16', '2019-10-16 02:26:22', '2019-10-16 02:26:22', 'ACTIVE', 'AU', '', '', '', '', '', '', '', '', '', '', '2019-10-16', 'PROCESSMAKER_OPERATOR', '', '', 'NORMAL', '0.00', '', '', NULL, 'America/New_York', 'en', NULL, 1),
('8746855515c8f4dee1b4988096196525', 13, 'adrian.kleitz', '00000000000000000000000000000000', 'Adrian', 'Kleitz', 'jayke.anderson@knauf.com.au', '2020-03-18', '2019-03-18 07:51:10', '2019-09-06 02:46:17', 'INACTIVE', '', '', '', 'jayke.anderson@knauf.com.au', '', '', '', '', '', '', '', '2019-03-18', 'PROCESSMAKER_MANAGER', '', '', 'NORMAL', '0.00', '', '', NULL, 'Antarctica/DumontDUrville', 'en', '2019-07-19 04:18:56', 1),
('8792452955da67e49b17296036519968', 142, 'derek.dorward', '00000000000000000000000000000000', 'Derek', 'Dorward', 'derek.dorward@knauf.com.au', '2020-10-16', '2019-10-16 02:19:53', '2019-10-16 02:19:53', 'ACTIVE', 'AU', 'WA', 'WEL', '', '', '', '', '', '', '', '', '2019-10-16', 'PROCESSMAKER_OPERATOR', '', '', 'NORMAL', '0.00', '', '', NULL, 'America/New_York', 'en', NULL, 1),
('8795794585d3fb2eb5fafc4022757526', 38, 'levi.mortel', '00000000000000000000000000000000', 'Levi', 'Mortel', 'jayke.anderson@knauf.com.au', '2020-07-30', '2019-07-30 03:00:59', '2019-09-06 02:46:30', 'ACTIVE', 'PH', '', '', '', '', '', '', '', '', '', '', '2019-07-30', 'PROCESSMAKER_OPERATOR', '', '', 'NORMAL', '0.00', '', '', NULL, 'Asia/Manila', 'en', NULL, 1),
('8864665895d566648a93fb0088442728', 76, 'denny.chrysmianto', '00000000000000000000000000000000', 'denny', 'Chrysmianto', 'jayke.anderson@knauf.com.au', '2020-08-16', '2019-08-16 08:16:08', '2019-09-06 02:46:44', 'ACTIVE', 'ID', '', '', '', '', '', '', '', '', '', '', '2019-08-16', 'PROCESSMAKER_OPERATOR', '', '', 'NORMAL', '0.00', '', '', NULL, 'Asia/Jakarta', 'en', NULL, 1),
('8865389865da6826cad8b42002476195', 168, 'nigel.mckenna', '00000000000000000000000000000000', 'Nigel', 'Mckenna', 'nigel.mckenna@knauf.com.au', '2020-10-16', '2019-10-16 02:37:32', '2019-10-16 02:37:32', 'ACTIVE', 'AU', 'NS', '', '', '', '', '', '', '', '', '', '2019-10-16', 'PROCESSMAKER_OPERATOR', '', '', 'NORMAL', '0.00', '', '', NULL, 'America/New_York', 'en', NULL, 1),
('8942076125d89d5657401d8092479205', 89, 'jiefeng.zou', '00000000000000000000000000000000', 'Jiefeng', 'Zou', 'zoujiefeng@mail.knauf.com.cn', '2020-09-24', '2019-09-24 08:35:49', '2019-09-24 08:35:49', 'ACTIVE', 'CN', '', '', '', '', '', '', '', '', '', '', '2019-09-24', 'PROCESSMAKER_OPERATOR', '', '', 'NORMAL', '0.00', '', '', NULL, 'Asia/Shanghai', 'en', NULL, 1),
('8946535195d5662faf011e6090166947', 69, 'iip.rohima', '00000000000000000000000000000000', 'IIp', 'Rohima', 'jayke.anderson@knauf.com.au', '2020-08-16', '2019-08-16 08:02:02', '2019-09-06 02:46:58', 'ACTIVE', 'ID', '', '', '', '', '', '', '', '', '', '', '2019-08-16', 'PROCESSMAKER_OPERATOR', '', '', 'NORMAL', '0.00', '', '', NULL, 'Asia/Jakarta', 'en', NULL, 1),
('8961555635da67d3d6e21c5065931492', 136, 'tanya.everding', '00000000000000000000000000000000', 'Tanya', 'Everding', 'Tanya.Everding@knauf.com.au', '2020-10-16', '2019-10-16 02:15:25', '2019-10-16 02:15:25', 'ACTIVE', 'AU', 'QL', 'BLG', '', '', '', '', '', '', '', '', '2019-10-16', 'PROCESSMAKER_OPERATOR', '', '', 'NORMAL', '0.00', '', '', NULL, 'America/New_York', 'en', NULL, 1),
('8997789975d3fb079f12be9078658180', 31, 'joey.cabadin', 'c6c1f0e4b44ff6e8d05b1e43205507a4e5216bcb16b987d063810989056bf983', 'Joey', 'Cabadin', 'jayke.anderson@knauf.com.au', '2020-07-30', '2019-07-30 02:50:33', '2019-09-06 02:47:11', 'ACTIVE', 'PH', '', '', '', '', '', '', '', '', '', '', '2019-07-30', 'PROCESSMAKER_OPERATOR', '', '', 'NORMAL', '0.00', '', '', NULL, 'Asia/Manila', 'en', '2019-08-01 05:25:37', 1),
('9000221765da67e85c5fa94067275865', 143, 'nhi.pham', '00000000000000000000000000000000', 'Nhi', 'Pham', 'nhi.pham@knauf.com.au', '2020-10-16', '2019-10-16 02:20:53', '2019-10-16 02:20:53', 'ACTIVE', 'AU', 'NS', '', '', '', '', '', '', '', '', '', '2019-10-16', 'PROCESSMAKER_OPERATOR', '', '', 'NORMAL', '0.00', '', '', NULL, 'America/New_York', 'en', NULL, 1),
('9016073965d89d698934963082937670', 93, 'zhongsheng.chai', '00000000000000000000000000000000', 'Zhongsheng', 'Chai', 'chaizhongsheng@mail.knauf.com.cn', '2020-09-24', '2019-09-24 08:40:56', '2019-09-24 08:40:56', 'ACTIVE', 'CN', '', '', '', '', '', '', '', '', '', '', '2019-09-24', 'PROCESSMAKER_OPERATOR', '', '', 'NORMAL', '0.00', '', '', NULL, 'Asia/Shanghai', 'en', NULL, 1),
('9025096755d8c2ee51dc718037210041', 99, 'chengzhong.zhan', '00000000000000000000000000000000', 'Chengzhong', 'Zhan', 'zhanchengzhong@mail.knauf.com.cn', '2020-09-26', '2019-09-26 03:22:13', '2019-09-26 03:22:13', 'ACTIVE', 'CN', '', '', '', '', '', '', '', '', '', '', '2019-09-26', 'PROCESSMAKER_OPERATOR', '', '', 'NORMAL', '0.00', '', '', NULL, 'Asia/Shanghai', 'en', NULL, 1),
('9025465935da67913e21e12035563892', 117, 'arthur.sliwinski', '00000000000000000000000000000000', 'Arthur', 'Sliwinski', 'arthur.sliwinski@knauf.com.au', '2020-10-16', '2019-10-16 01:57:39', '2019-10-16 01:57:39', 'ACTIVE', 'AU', 'VI', 'ATO', '', '', '', '', '', '', '', '', '2019-10-16', 'PROCESSMAKER_OPERATOR', '', '', 'NORMAL', '0.00', '', '', NULL, 'America/New_York', 'en', NULL, 1),
('9070695965d3faf9b2cc299002226454', 28, 'daryll.castro', '00000000000000000000000000000000', 'Daryll', 'Castro', 'jayke.anderson@knauf.com.au', '2020-07-30', '2019-07-30 02:46:51', '2019-09-06 02:47:26', 'ACTIVE', 'PH', '', '', '', '', '', '', '', '', '', '', '2019-07-30', 'PROCESSMAKER_OPERATOR', '', '', 'NORMAL', '0.00', '', '', NULL, 'Asia/Manila', 'en', NULL, 1),
('9122158895d3fb3e813e6c8050519838', 43, 'henry.flores', 'd9e6cc045e45c60d35ba31b74ea55ef7a92cda26b73a06ad081df33f880d39fb', 'Henry', 'Flores', 'jayke.anderson@knauf.com.au', '2020-07-30', '2019-07-30 03:05:12', '2019-09-06 02:47:38', 'ACTIVE', 'PH', '', '', '', '', '', '', '', '', '', '', '2019-07-30', 'PROCESSMAKER_OPERATOR', '', '', 'NORMAL', '0.00', '', '', NULL, 'Asia/Manila', 'en', NULL, 1),
('9157419215da67d8631b034036378092', 137, 'andrew.balding', '00000000000000000000000000000000', 'Andrew', 'Balding', 'andrew.balding@knauf.com.au', '2020-10-16', '2019-10-16 02:16:38', '2019-10-16 02:16:38', 'ACTIVE', 'AU', 'SA', 'ADL', '', '', '', '', '', '', '', '', '2019-10-16', 'PROCESSMAKER_OPERATOR', '', '', 'NORMAL', '0.00', '', '', NULL, 'America/New_York', 'en', NULL, 1),
('9258697065da68161c54456026951941', 161, 'alireza.bataghva', '00000000000000000000000000000000', 'Alireza', 'Bataghva', 'Alireza.Bataghva@knauf.com.au', '2020-10-16', '2019-10-16 02:33:05', '2019-10-16 02:33:05', 'ACTIVE', 'AU', 'QL', 'BLG', '', '', '', '', '', '', '', '', '2019-10-16', 'PROCESSMAKER_OPERATOR', '', '', 'NORMAL', '0.00', '', '', NULL, 'America/New_York', 'en', NULL, 1),
('9272044965d8c2f661a23a4024574885', 100, 'baoru.qiu', '00000000000000000000000000000000', 'Baoru', 'Qiu', 'qiubaoru@mail.knauf.com.cn', '2020-09-26', '2019-09-26 03:24:22', '2019-09-26 03:24:22', 'ACTIVE', 'CN', '', '', '', '', '', '', '', '', '', '', '2019-09-26', 'PROCESSMAKER_OPERATOR', '', '', 'NORMAL', '0.00', '', '', NULL, 'Asia/Shanghai', 'en', NULL, 1),
('9329725595da67bd4c81857043935341', 128, 'alex.johnson', '00000000000000000000000000000000', 'Alex', 'Johnson', 'alex.johnson@knauf.com.au', '2020-10-16', '2019-10-16 02:09:24', '2019-10-16 02:09:24', 'ACTIVE', 'AU', 'QL', 'BDB', '', '', '', '', '', '', '', '', '2019-10-16', 'PROCESSMAKER_OPERATOR', '', '', 'NORMAL', '0.00', '', '', NULL, 'America/New_York', 'en', NULL, 1),
('9342741515d56660ab93ae9033986900', 75, 'samuel.hutabarat', '00000000000000000000000000000000', 'Samuel', 'Hutabarat', 'jayke.anderson@knauf.com.au', '2020-08-16', '2019-08-16 08:15:06', '2019-09-06 02:47:51', 'ACTIVE', 'ID', '', '', '', '', '', '', '', '', '', '', '2019-08-16', 'PROCESSMAKER_OPERATOR', '', '', 'NORMAL', '0.00', '', '', NULL, 'Asia/Jakarta', 'en', NULL, 1),
('9365292815c792b9072fda3097556850', 5, 'dev1pm', '00000000000000000000000000000000', 'Developer1', 'ProcessMaker', 'jayke.anderson@knauf.com.au', '2020-03-01', '2019-03-01 12:54:40', '2019-11-01 19:45:43', 'ACTIVE', '', '', '', 'edgardo@processmaker.com', '', '', '', '', '', '', '', '2019-03-01', 'PROCESSMAKER_ADMIN', '', '', 'NORMAL', '0.00', '', '', NULL, 'America/Anguilla', 'en', '2019-11-01 19:45:43', 1),
('9372259765d3fb29e806798081160447', 37, 'leovino.alvarez', '00000000000000000000000000000000', 'Leovino', 'Alvarez', 'jayke.anderson@knauf.com.au', '2020-07-30', '2019-07-30 02:59:42', '2019-09-06 02:48:24', 'ACTIVE', 'PH', '', '', '', '', '', '', '', '', '', '', '2019-07-30', 'PROCESSMAKER_OPERATOR', '', '', 'NORMAL', '0.00', '', '', NULL, 'Asia/Manila', 'en', NULL, 1),
('9532802645da680cec04a50056308282', 158, 'martin.o\'brien', '00000000000000000000000000000000', 'Martin', 'O\'Brien', 'Martin.O\'Brien@knauf.com.au', '2020-10-16', '2019-10-16 02:30:38', '2019-10-16 04:22:02', 'ACTIVE', 'AU', 'QL', 'BLG', '', '', '', '', '', '', '', '', '2019-10-16', 'PROCESSMAKER_MANAGER', '', '', 'NORMAL', '0.00', '', '', NULL, 'America/New_York', 'en', NULL, 1),
('9547519345ca4b60b08cd27063022816', 18, 'test', '00000000000000000000000000000000', 'test', 'test', 'jayke.anderson@knauf.com.au', '2020-04-03', '2019-04-03 13:32:59', '2019-09-06 02:48:42', 'INACTIVE', '', '', '', '', '', '', '', '', '', '', '', '2019-04-03', 'PROCESSMAKER_OPERATOR', '', '', 'NORMAL', '0.00', '', '', NULL, 'America/New_York', 'en', '2019-04-03 17:37:12', 1),
('9564667245da681317ec022015945563', 160, 'charles.barakat', '00000000000000000000000000000000', 'Charles', 'Barakat', 'Charles.Barakat@Knauf.com.au', '2020-10-16', '2019-10-16 02:32:17', '2019-10-16 02:32:17', 'ACTIVE', 'AU', 'VI', 'ATO', '', '', '', '', '', '', '', '', '2019-10-16', 'PROCESSMAKER_OPERATOR', '', '', 'NORMAL', '0.00', '', '', NULL, 'America/New_York', 'en', NULL, 1),
('9593112755da67de14330d4040899894', 139, 'margaret.thorpe', '00000000000000000000000000000000', 'Margaret', 'Thorpe', 'Margaret.Thorpe@knauf.com.au', '2020-10-16', '2019-10-16 02:18:09', '2019-10-16 02:18:09', 'ACTIVE', 'AU', 'NS', '', '', '', '', '', '', '', '', '', '2019-10-16', 'PROCESSMAKER_OPERATOR', '', '', 'NORMAL', '0.00', '', '', NULL, 'America/New_York', 'en', NULL, 1),
('9622487665da67876e23f19066471657', 115, 'stewart.cooke', '00000000000000000000000000000000', 'Stewart', 'Cooke', 'stewart.cooke@knauf.com.au', '2020-10-16', '2019-10-16 01:55:02', '2019-10-16 01:55:02', 'ACTIVE', 'AU', 'VI', 'ATO', '', '', '', '', '', '', '', '', '2019-10-16', 'PROCESSMAKER_OPERATOR', '', '', 'NORMAL', '0.00', '', '', NULL, 'America/New_York', 'en', NULL, 1),
('9670424635d3fb5125b9952098291574', 49, 'marco.liwanag', '1786e2b8bfc370b179b2f01f094a08fb7602910b7b677fadb59ce6d968ae67ea', 'Marco Polo', 'Liwanag', 'jayke.anderson@knauf.com.au', '2020-07-30', '2019-07-30 03:10:10', '2019-09-06 02:49:07', 'ACTIVE', 'PH', '', '', '', '', '', '', '', '', '', '', '2019-07-30', 'PROCESSMAKER_OPERATOR', '', '', 'NORMAL', '0.00', '', '', NULL, 'Asia/Manila', 'en', '2019-08-02 05:52:49', 1),
('9688651985c9287fd6dd871096977822', 16, 'crystal.wendel', '00000000000000000000000000000000', 'Crystal', 'Wendel', 'jayke.anderson@knauf.com.au', '2020-03-20', '2019-03-20 18:35:41', '2019-09-06 02:49:35', 'ACTIVE', '', '', '', 'jayke.anderson@knauf.com.au', '', '', '', '', '', '', '', '2019-03-20', 'PROCESSMAKER_OPERATOR', '', '', 'NORMAL', '0.00', '', '', NULL, 'Antarctica/DumontDUrville', 'en', '2019-09-05 03:00:51', 1),
('9718428045d89d5ff633628034005749', 91, 'densen.zu', '00000000000000000000000000000000', 'Densen', 'Zu', 'zudesen@mail.knauf.com.cn', '2020-09-24', '2019-09-24 08:38:23', '2019-09-24 08:38:23', 'ACTIVE', 'CN', '', '', '', '', '', '', '', '', '', '', '2019-09-24', 'PROCESSMAKER_OPERATOR', '', '', 'NORMAL', '0.00', '', '', NULL, 'Asia/Shanghai', 'en', NULL, 1),
('9733734955bda5957591b88026488524', 4, 'jayke.anderson', 'f15461f4f226ba57db5f43fcd675e5e4c061b9c38d45199df88c446b0b3f4897', 'Jayke', 'Anderson', 'jayke.anderson@knauf.com.au', '2019-11-01', '2018-11-01 01:39:35', '2019-10-30 04:19:33', 'ACTIVE', 'AU', 'QL', 'BNE', 'jayke.anderson@knauf.com.au', '', '', '', '', '', '', '', '2018-11-01', 'PROCESSMAKER_ADMIN', '', '', 'NORMAL', '0.00', '', '', NULL, 'Antarctica/DumontDUrville', 'en', '2019-10-30 04:19:33', 1),
('9750851565da67f93a138d6092722198', 150, 'pim.calkhoven', '00000000000000000000000000000000', 'Pim', 'Calkhoven', 'pim.calkhoven@knauf.com.au', '2020-10-16', '2019-10-16 02:25:23', '2019-10-16 02:25:23', 'ACTIVE', 'AU', '', '', '', '', '', '', '', '', '', '', '2019-10-16', 'PROCESSMAKER_OPERATOR', '', '', 'NORMAL', '0.00', '', '', NULL, 'America/New_York', 'en', NULL, 1),
('9797748935da67cb12dcc75039479432', 132, 'annette.bisinella', '00000000000000000000000000000000', 'Annette', 'Bisinella', 'annette.bisinella@knauf.com.au', '2020-10-16', '2019-10-16 02:13:05', '2019-10-16 02:13:05', 'ACTIVE', 'AU', 'VI', 'ATO', '', '', '', '', '', '', '', '', '2019-10-16', 'PROCESSMAKER_OPERATOR', '', '', 'NORMAL', '0.00', '', '', NULL, 'America/New_York', 'en', NULL, 1),
('9803445305d89d47bc64b09062203223', 87, 'yu.liu', '00000000000000000000000000000000', 'Yu', 'Liu', 'liuyu@mail.knauf.com.cn', '2020-09-24', '2019-09-24 08:31:55', '2019-09-24 08:31:55', 'ACTIVE', 'CN', '', '', '', '', '', '', '', '', '', '', '2019-09-24', 'PROCESSMAKER_OPERATOR', '', '', 'NORMAL', '0.00', '', '', NULL, 'Asia/Shanghai', 'en', NULL, 1),
('9946648105d5661fe376241087092671', 66, 'ahmad.soleh', '00000000000000000000000000000000', 'Ahmad', 'Soleh', 'jayke.anderson@knauf.com.au', '2020-08-16', '2019-08-16 07:57:50', '2019-09-06 02:50:13', 'ACTIVE', 'ID', '', '', '', '', '', '', '', '', '', '', '2019-08-16', 'PROCESSMAKER_OPERATOR', '', '', 'NORMAL', '0.00', '', '', NULL, 'Asia/Jakarta', 'en', NULL, 1);

-- --------------------------------------------------------

--
-- Table structure for table `USERS_PROPERTIES`
--

CREATE TABLE `USERS_PROPERTIES` (
  `USR_UID` varchar(32) NOT NULL DEFAULT '',
  `USR_LAST_UPDATE_DATE` datetime DEFAULT NULL,
  `USR_LOGGED_NEXT_TIME` int(11) DEFAULT '0',
  `USR_PASSWORD_HISTORY` mediumtext,
  `USR_SETTING_DESIGNER` mediumtext,
  `PMDYNAFORM_FIRST_TIME` char(1) DEFAULT '0'
) ENGINE=InnoDB DEFAULT CHARSET=utf8;

--
-- Dumping data for table `USERS_PROPERTIES`
--

INSERT INTO `USERS_PROPERTIES` (`USR_UID`, `USR_LAST_UPDATE_DATE`, `USR_LOGGED_NEXT_TIME`, `USR_PASSWORD_HISTORY`, `USR_SETTING_DESIGNER`, `PMDYNAFORM_FIRST_TIME`) VALUES
('00000000000000000000000000000001', '2018-10-15 22:11:04', 0, 'a:1:{i:0;s:32:\"da594aab56003dc8ecd085ee05cd90f4\";}', NULL, '0'),
('1146057945d3faedb2e7c21078059895', '2019-09-05 22:48:59', 0, 'a:1:{i:0;s:0:\"\";}', NULL, '0'),
('1182703045d537516478f87046246804', '2019-09-05 22:49:11', 0, 'a:1:{i:0;s:0:\"\";}', NULL, '0'),
('1195111405da67b3f6a9dd3016852310', '2019-10-16 02:06:55', 1, 'a:1:{i:0;s:64:\"84e0c0eafaa95a34c293f278ac52e45ce537bab5e752a00e6959a13ae103b65a\";}', NULL, '0'),
('1231390205d3fb4e01f04f6087878040', '2019-09-05 22:49:24', 0, 'a:1:{i:0;s:0:\"\";}', NULL, '0'),
('1340473655d5665b8c88264082816832', '2019-09-05 22:49:35', 0, 'a:1:{i:0;s:0:\"\";}', NULL, '0'),
('1386773495da679a2dc6982014573595', '2019-10-16 02:00:02', 1, 'a:1:{i:0;s:64:\"84e0c0eafaa95a34c293f278ac52e45ce537bab5e752a00e6959a13ae103b65a\";}', NULL, '0'),
('1460308585da67ea5309936097772495', '2019-10-16 02:21:25', 1, 'a:1:{i:0;s:64:\"84e0c0eafaa95a34c293f278ac52e45ce537bab5e752a00e6959a13ae103b65a\";}', NULL, '0'),
('1520478115da67cfb133725001755698', '2019-10-16 02:14:19', 1, 'a:1:{i:0;s:64:\"84e0c0eafaa95a34c293f278ac52e45ce537bab5e752a00e6959a13ae103b65a\";}', NULL, '0'),
('1533589575d8c3397596d60048023472', '2019-09-26 03:42:15', 1, 'a:1:{i:0;s:64:\"84e0c0eafaa95a34c293f278ac52e45ce537bab5e752a00e6959a13ae103b65a\";}', NULL, '0'),
('1540739385da67e252eb1a5041375711', '2019-10-16 02:19:17', 1, 'a:1:{i:0;s:64:\"84e0c0eafaa95a34c293f278ac52e45ce537bab5e752a00e6959a13ae103b65a\";}', NULL, '0'),
('1665864385da68244896b23012883557', '2019-10-16 02:36:52', 1, 'a:1:{i:0;s:64:\"84e0c0eafaa95a34c293f278ac52e45ce537bab5e752a00e6959a13ae103b65a\";}', NULL, '0'),
('1697020705d566366a4fad5087672895', '2019-09-05 22:49:48', 0, 'a:1:{i:0;s:0:\"\";}', NULL, '0'),
('1726009895da67a3b39cdf3044164128', '2019-10-16 02:02:35', 1, 'a:1:{i:0;s:64:\"84e0c0eafaa95a34c293f278ac52e45ce537bab5e752a00e6959a13ae103b65a\";}', NULL, '0'),
('1739965555d3fb3bc0321d3052430620', '2019-09-05 22:49:59', 0, 'a:1:{i:0;s:0:\"\";}', NULL, '0'),
('1791466125da682af8dd018063128845', '2019-10-16 02:38:39', 1, 'a:1:{i:0;s:64:\"84e0c0eafaa95a34c293f278ac52e45ce537bab5e752a00e6959a13ae103b65a\";}', NULL, '0'),
('1796483685da67cd7c463a2039276070', '2019-10-16 02:13:43', 1, 'a:1:{i:0;s:64:\"84e0c0eafaa95a34c293f278ac52e45ce537bab5e752a00e6959a13ae103b65a\";}', NULL, '0'),
('1838388015d8c32e3cf06a3047133942', '2019-09-26 03:39:15', 1, 'a:1:{i:0;s:64:\"84e0c0eafaa95a34c293f278ac52e45ce537bab5e752a00e6959a13ae103b65a\";}', NULL, '0'),
('1989991545bda55b6d10632082797630', '2019-09-05 22:50:12', 0, 'a:1:{i:0;s:0:\"\";}', NULL, '0'),
('2049337045d56668f73de37027302004', '2019-09-06 01:56:56', 0, 'a:1:{i:0;s:0:\"\";}', NULL, '0'),
('2074846145d8c312805b846015816119', '2019-09-26 03:31:52', 1, 'a:1:{i:0;s:64:\"84e0c0eafaa95a34c293f278ac52e45ce537bab5e752a00e6959a13ae103b65a\";}', NULL, '0'),
('2085756345d8c33d2b783f6053895586', '2019-09-26 03:43:14', 1, 'a:1:{i:0;s:64:\"84e0c0eafaa95a34c293f278ac52e45ce537bab5e752a00e6959a13ae103b65a\";}', NULL, '0'),
('2093925165d3fb32135f691068948951', '2019-09-06 01:57:10', 0, 'a:1:{i:0;s:0:\"\";}', NULL, '0'),
('2111915495d3fdaa6c7bfd2052497434', '2019-09-06 01:57:21', 0, 'a:1:{i:0;s:0:\"\";}', NULL, '0'),
('2139438985da67f0c7b6e08056718790', '2019-10-16 02:23:08', 1, 'a:1:{i:0;s:64:\"84e0c0eafaa95a34c293f278ac52e45ce537bab5e752a00e6959a13ae103b65a\";}', NULL, '0'),
('2215831685da681087830d4061666754', '2019-10-16 02:31:36', 1, 'a:1:{i:0;s:64:\"84e0c0eafaa95a34c293f278ac52e45ce537bab5e752a00e6959a13ae103b65a\";}', NULL, '0'),
('2316337335da67f4e5ece70022849695', '2019-10-16 02:24:14', 1, 'a:1:{i:0;s:64:\"84e0c0eafaa95a34c293f278ac52e45ce537bab5e752a00e6959a13ae103b65a\";}', NULL, '0'),
('2323737065da67c85a35390083336860', '2019-10-16 02:12:21', 1, 'a:1:{i:0;s:64:\"84e0c0eafaa95a34c293f278ac52e45ce537bab5e752a00e6959a13ae103b65a\";}', NULL, '0'),
('2381908305d899619115686069376368', '2019-09-24 04:05:45', 1, 'a:1:{i:0;s:64:\"84e0c0eafaa95a34c293f278ac52e45ce537bab5e752a00e6959a13ae103b65a\";}', NULL, '0'),
('2601324285da67a6a730e37035210046', '2019-10-16 02:03:22', 1, 'a:1:{i:0;s:64:\"84e0c0eafaa95a34c293f278ac52e45ce537bab5e752a00e6959a13ae103b65a\";}', NULL, '0'),
('2693417175d3fb0feda35e7039543989', '2019-09-06 01:57:33', 0, 'a:1:{i:0;s:0:\"\";}', NULL, '0'),
('2771927115da67c5f2d03b2019228248', '2019-10-16 02:11:43', 1, 'a:1:{i:0;s:64:\"84e0c0eafaa95a34c293f278ac52e45ce537bab5e752a00e6959a13ae103b65a\";}', NULL, '0'),
('2803150955da67fb36f88d3083119520', '2019-10-16 02:25:55', 1, 'a:1:{i:0;s:64:\"84e0c0eafaa95a34c293f278ac52e45ce537bab5e752a00e6959a13ae103b65a\";}', NULL, '0'),
('2855639345d56627e3f8489036206655', '2019-09-06 01:57:45', 0, 'a:1:{i:0;s:0:\"\";}', NULL, '0'),
('2856390745c792ba8eb0359090875314', '2019-09-06 01:57:56', 0, 'a:1:{i:0;s:0:\"\";}', NULL, '0'),
('3065051765d5365636020f4090660944', '2019-09-06 01:58:09', 0, 'a:1:{i:0;s:0:\"\";}', NULL, '0'),
('3173011715d8c1e9e123911076914764', '2019-09-26 02:12:46', 1, 'a:1:{i:0;s:64:\"84e0c0eafaa95a34c293f278ac52e45ce537bab5e752a00e6959a13ae103b65a\";}', NULL, '0'),
('3271758435d3fb41606e330094073909', '2019-09-06 01:58:20', 0, 'a:1:{i:0;s:0:\"\";}', NULL, '0'),
('3331645055da681b837ef29023967870', '2019-10-16 02:34:32', 1, 'a:1:{i:0;s:64:\"84e0c0eafaa95a34c293f278ac52e45ce537bab5e752a00e6959a13ae103b65a\";}', NULL, '0'),
('3379723005d3fb1974f8161050059451', '2019-09-06 01:58:31', 0, 'a:1:{i:0;s:0:\"\";}', NULL, '0'),
('3419054305d3fb00f664051020317401', '2019-09-06 01:58:42', 0, 'a:1:{i:0;s:0:\"\";}', NULL, '0'),
('3524852725d565e0a0239b0007445348', '2019-09-06 01:59:51', 0, 'a:1:{i:0;s:0:\"\";}', NULL, '0'),
('3553682275d8c30caa5c0c1099848350', '2019-09-26 03:30:18', 1, 'a:1:{i:0;s:64:\"84e0c0eafaa95a34c293f278ac52e45ce537bab5e752a00e6959a13ae103b65a\";}', NULL, '0'),
('3578277445da67c41e92b23066508588', '2019-10-16 02:11:13', 1, 'a:1:{i:0;s:64:\"84e0c0eafaa95a34c293f278ac52e45ce537bab5e752a00e6959a13ae103b65a\";}', NULL, '0'),
('3578509695c8f4e2423a989058192977', '2019-09-06 02:00:07', 0, 'a:1:{i:0;s:0:\"\";}', NULL, '0'),
('3598706955d3fae80be9790014842879', '2019-09-06 02:00:26', 0, 'a:1:{i:0;s:0:\"\";}', NULL, '0'),
('3673074545d5663a94f3141037191568', '2019-09-06 02:00:47', 0, 'a:1:{i:0;s:0:\"\";}', NULL, '0'),
('3685603045c8f4dcb1ef9d9059890202', '2019-09-06 02:30:18', 0, 'a:1:{i:0;s:0:\"\";}', NULL, '0'),
('3745184045d3fb23a2f2454076865364', '2019-09-06 02:30:42', 0, 'a:1:{i:0;s:0:\"\";}', NULL, '0'),
('3824924435da681fab0b2e6095393904', '2019-10-16 02:35:38', 1, 'a:1:{i:0;s:64:\"84e0c0eafaa95a34c293f278ac52e45ce537bab5e752a00e6959a13ae103b65a\";}', NULL, '0'),
('3836525225d89d77abced44087377857', '2019-09-24 08:44:42', 1, 'a:1:{i:0;s:64:\"84e0c0eafaa95a34c293f278ac52e45ce537bab5e752a00e6959a13ae103b65a\";}', NULL, '0'),
('3930912035d3faf59b09902089462932', '2019-09-06 02:30:56', 0, 'a:1:{i:0;s:0:\"\";}', NULL, '0'),
('3944011005d88cd51913149014356219', '2019-09-23 13:49:05', 1, 'a:1:{i:0;s:64:\"84e0c0eafaa95a34c293f278ac52e45ce537bab5e752a00e6959a13ae103b65a\";}', NULL, '0'),
('3957166655da67d1a69f7b6027736960', '2019-10-16 02:14:50', 1, 'a:1:{i:0;s:64:\"84e0c0eafaa95a34c293f278ac52e45ce537bab5e752a00e6959a13ae103b65a\";}', NULL, '0'),
('3987780125d89955fa385e3001148799', '2019-09-25 02:08:50', 0, 'a:1:{i:0;s:64:\"84e0c0eafaa95a34c293f278ac52e45ce537bab5e752a00e6959a13ae103b65a\";}', NULL, '0'),
('4029214505c792a228eb606050085337', '2019-03-01 12:48:34', 0, 'a:1:{i:0;s:64:\"84e0c0eafaa95a34c293f278ac52e45ce537bab5e752a00e6959a13ae103b65a\";}', '{\"enabled_grid\":false}', '0'),
('4056534755da6803f0eb862018477646', '2019-10-16 02:28:15', 1, 'a:1:{i:0;s:64:\"84e0c0eafaa95a34c293f278ac52e45ce537bab5e752a00e6959a13ae103b65a\";}', NULL, '0'),
('4069563405d8c37d43453a5016485401', '2019-09-26 04:00:20', 1, 'a:1:{i:0;s:64:\"84e0c0eafaa95a34c293f278ac52e45ce537bab5e752a00e6959a13ae103b65a\";}', NULL, '0'),
('4242841965d896ed7f24a04017033985', '2019-09-25 02:07:44', 0, 'a:1:{i:0;s:64:\"84e0c0eafaa95a34c293f278ac52e45ce537bab5e752a00e6959a13ae103b65a\";}', NULL, '0'),
('4260826805d3fb5389edd83076285094', '2019-09-06 02:31:10', 0, 'a:1:{i:0;s:0:\"\";}', NULL, '0'),
('4263232775da67b0bea0001091259927', '2019-10-16 02:06:03', 1, 'a:1:{i:0;s:64:\"84e0c0eafaa95a34c293f278ac52e45ce537bab5e752a00e6959a13ae103b65a\";}', NULL, '0'),
('4326164425d3fb1c56edc24051306598', '2019-09-06 02:31:24', 0, 'a:1:{i:0;s:0:\"\";}', NULL, '0'),
('4329610375d5662bdadebd4057853127', '2019-09-06 02:31:39', 0, 'a:1:{i:0;s:0:\"\";}', NULL, '0'),
('4335124725da67e028a8c08040348247', '2019-10-16 02:18:42', 1, 'a:1:{i:0;s:64:\"84e0c0eafaa95a34c293f278ac52e45ce537bab5e752a00e6959a13ae103b65a\";}', NULL, '0'),
('4419754665da6821f65f300080642637', '2019-10-16 02:36:15', 1, 'a:1:{i:0;s:64:\"84e0c0eafaa95a34c293f278ac52e45ce537bab5e752a00e6959a13ae103b65a\";}', NULL, '0'),
('4450615135da67f6c951ac0072299981', '2019-10-16 02:24:44', 1, 'a:1:{i:0;s:64:\"84e0c0eafaa95a34c293f278ac52e45ce537bab5e752a00e6959a13ae103b65a\";}', NULL, '0'),
('4590248685da67ff688b276026450711', '2019-10-16 02:27:02', 1, 'a:1:{i:0;s:64:\"84e0c0eafaa95a34c293f278ac52e45ce537bab5e752a00e6959a13ae103b65a\";}', NULL, '0'),
('4709776055da68196293250000821510', '2019-10-16 02:33:58', 1, 'a:1:{i:0;s:64:\"84e0c0eafaa95a34c293f278ac52e45ce537bab5e752a00e6959a13ae103b65a\";}', NULL, '0'),
('4761488705d3fb35a113365098753209', '2019-09-06 02:31:53', 0, 'a:1:{i:0;s:0:\"\";}', NULL, '0'),
('4779217155d89d65006bad3086274590', '2019-09-24 08:39:44', 1, 'a:1:{i:0;s:64:\"84e0c0eafaa95a34c293f278ac52e45ce537bab5e752a00e6959a13ae103b65a\";}', NULL, '0'),
('4814003185d8c2fd310c5b2001484733', '2019-09-26 03:26:11', 1, 'a:1:{i:0;s:64:\"84e0c0eafaa95a34c293f278ac52e45ce537bab5e752a00e6959a13ae103b65a\";}', NULL, '0'),
('4848956625d5664cb1ded96045552819', '2019-09-06 02:32:08', 0, 'a:1:{i:0;s:0:\"\";}', NULL, '0'),
('4947513325d8c376d6b3dd6059801750', '2019-09-26 03:58:37', 1, 'a:1:{i:0;s:64:\"84e0c0eafaa95a34c293f278ac52e45ce537bab5e752a00e6959a13ae103b65a\";}', NULL, '0'),
('4952935735da67ec5eb0410083504192', '2019-10-16 02:21:57', 1, 'a:1:{i:0;s:64:\"84e0c0eafaa95a34c293f278ac52e45ce537bab5e752a00e6959a13ae103b65a\";}', NULL, '0'),
('5031433015d89d507f16c16065285438', '2019-09-24 08:34:15', 1, 'a:1:{i:0;s:64:\"84e0c0eafaa95a34c293f278ac52e45ce537bab5e752a00e6959a13ae103b65a\";}', NULL, '0'),
('5054254075c866080af6348028578652', '2019-09-06 02:32:22', 0, 'a:1:{i:0;s:0:\"\";}', NULL, '0'),
('5113640855d3fb444579492076828036', '2019-09-06 02:32:57', 0, 'a:1:{i:0;s:0:\"\";}', NULL, '0'),
('5139881255d8c317d757932057263503', '2019-09-26 03:33:17', 1, 'a:1:{i:0;s:64:\"84e0c0eafaa95a34c293f278ac52e45ce537bab5e752a00e6959a13ae103b65a\";}', NULL, '0'),
('5346289105d8c36d8387457088887490', '2019-09-26 03:56:08', 1, 'a:1:{i:0;s:64:\"84e0c0eafaa95a34c293f278ac52e45ce537bab5e752a00e6959a13ae103b65a\";}', NULL, '0'),
('5456659515da67ee69c18b8068991402', '2019-10-16 02:22:30', 1, 'a:1:{i:0;s:64:\"84e0c0eafaa95a34c293f278ac52e45ce537bab5e752a00e6959a13ae103b65a\";}', NULL, '0'),
('5500384265d896e69d56754013129235', '2019-09-25 02:07:59', 0, 'a:1:{i:0;s:64:\"84e0c0eafaa95a34c293f278ac52e45ce537bab5e752a00e6959a13ae103b65a\";}', NULL, '0'),
('5599593145d565dc26b0416091527599', '2019-09-06 02:33:10', 0, 'a:1:{i:0;s:0:\"\";}', NULL, '0'),
('5630526805da67b63b08b73056239136', '2019-10-16 02:07:31', 1, 'a:1:{i:0;s:64:\"84e0c0eafaa95a34c293f278ac52e45ce537bab5e752a00e6959a13ae103b65a\";}', NULL, '0'),
('5640199155d3fdb2985ef85050357369', '2019-09-06 02:33:23', 0, 'a:1:{i:0;s:0:\"\";}', NULL, '0'),
('5650984815d8c369150ca96032709671', '2019-09-26 03:54:57', 1, 'a:1:{i:0;s:64:\"84e0c0eafaa95a34c293f278ac52e45ce537bab5e752a00e6959a13ae103b65a\";}', NULL, '0'),
('5728128025d899509707c12011854138', '2019-09-25 07:35:25', 0, 'a:1:{i:0;s:64:\"84e0c0eafaa95a34c293f278ac52e45ce537bab5e752a00e6959a13ae103b65a\";}', NULL, '0'),
('5906980245da68286204636054977111', '2019-10-16 02:37:58', 1, 'a:1:{i:0;s:64:\"84e0c0eafaa95a34c293f278ac52e45ce537bab5e752a00e6959a13ae103b65a\";}', NULL, '0'),
('5920847225d3fb1f855c6b7050293073', '2019-09-06 02:33:37', 0, 'a:1:{i:0;s:0:\"\";}', NULL, '0'),
('5941327905d53663653cb83031459207', '2019-09-06 02:35:30', 0, 'a:1:{i:0;s:0:\"\";}', NULL, '0'),
('6007216615d89d436cf8357099994899', '2019-09-25 02:09:05', 0, 'a:1:{i:0;s:64:\"84e0c0eafaa95a34c293f278ac52e45ce537bab5e752a00e6959a13ae103b65a\";}', NULL, '0'),
('6066674725d89d5bb28f126033248393', '2019-09-25 02:09:17', 0, 'a:1:{i:0;s:64:\"84e0c0eafaa95a34c293f278ac52e45ce537bab5e752a00e6959a13ae103b65a\";}', NULL, '0'),
('6098984245d896f5da61a74007328013', '2019-09-25 02:07:54', 0, 'a:1:{i:0;s:64:\"84e0c0eafaa95a34c293f278ac52e45ce537bab5e752a00e6959a13ae103b65a\";}', NULL, '0'),
('6146450595d3fb0479da195014124954', '2019-09-06 02:35:45', 0, 'a:1:{i:0;s:0:\"\";}', NULL, '0'),
('6261178115d3fe250ab9443085058305', '2019-09-06 02:35:58', 0, 'a:1:{i:0;s:0:\"\";}', NULL, '0'),
('6275750785d3fdb62451f08022724475', '2019-09-06 02:36:11', 0, 'a:1:{i:0;s:0:\"\";}', NULL, '0'),
('6336081655d89d6de6e1bd6001256112', '2019-09-24 08:42:06', 1, 'a:1:{i:0;s:64:\"84e0c0eafaa95a34c293f278ac52e45ce537bab5e752a00e6959a13ae103b65a\";}', NULL, '0'),
('6344301225d3fe2181619a9065735923', '2019-09-06 02:36:34', 0, 'a:1:{i:0;s:0:\"\";}', NULL, '0'),
('6369199765d8995c974e238032585434', '2019-09-24 04:04:25', 1, 'a:1:{i:0;s:64:\"84e0c0eafaa95a34c293f278ac52e45ce537bab5e752a00e6959a13ae103b65a\";}', NULL, '0'),
('6476663655da679d2de0821067225213', '2019-10-16 02:00:50', 1, 'a:1:{i:0;s:64:\"84e0c0eafaa95a34c293f278ac52e45ce537bab5e752a00e6959a13ae103b65a\";}', NULL, '0'),
('6608302035d56610eeca133097238228', '2019-09-06 02:36:53', 0, 'a:1:{i:0;s:0:\"\";}', NULL, '0'),
('6621945965da681d6a233a8044370209', '2019-10-16 02:35:02', 1, 'a:1:{i:0;s:64:\"84e0c0eafaa95a34c293f278ac52e45ce537bab5e752a00e6959a13ae103b65a\";}', NULL, '0'),
('6734909165c8660b18cef85071846108', '2019-10-19 12:27:14', 0, 'a:1:{i:0;s:0:\"\";}', NULL, '0'),
('6841470775da680abc42670032775599', '2019-10-16 02:30:03', 1, 'a:1:{i:0;s:64:\"84e0c0eafaa95a34c293f278ac52e45ce537bab5e752a00e6959a13ae103b65a\";}', NULL, '0'),
('6881775295da678df701ae1003692186', '2019-10-16 01:56:47', 1, 'a:1:{i:0;s:64:\"84e0c0eafaa95a34c293f278ac52e45ce537bab5e752a00e6959a13ae103b65a\";}', NULL, '0'),
('6990077575d3fb38a8a9393087566831', '2019-09-06 02:37:23', 0, 'a:1:{i:0;s:0:\"\";}', NULL, '0'),
('7039927345d5661b5e21f84023639041', '2019-09-06 02:37:40', 0, 'a:1:{i:0;s:0:\"\";}', NULL, '0'),
('7053762775d5375935c6c46037431490', '2019-09-06 02:37:53', 0, 'a:1:{i:0;s:0:\"\";}', NULL, '0'),
('7076284835d56647ac4cfe7066681939', '2019-09-06 02:39:11', 0, 'a:1:{i:0;s:0:\"\";}', NULL, '0'),
('7158000975d8c37219e1820032014524', '2019-09-26 03:57:21', 1, 'a:1:{i:0;s:64:\"84e0c0eafaa95a34c293f278ac52e45ce537bab5e752a00e6959a13ae103b65a\";}', NULL, '0'),
('7159891755d3fae51668710043461935', '2019-09-06 02:39:25', 0, 'a:1:{i:0;s:0:\"\";}', NULL, '0'),
('7175403755d89d72e3ef028062642819', '2019-09-24 08:43:26', 1, 'a:1:{i:0;s:64:\"84e0c0eafaa95a34c293f278ac52e45ce537bab5e752a00e6959a13ae103b65a\";}', NULL, '0'),
('7180008005d43dea5ae51a4096201329', '2019-09-06 02:39:40', 0, 'a:1:{i:0;s:0:\"\";}', NULL, '0'),
('7199125345da67947256f93093511663', '2019-10-16 01:58:31', 1, 'a:1:{i:0;s:64:\"84e0c0eafaa95a34c293f278ac52e45ce537bab5e752a00e6959a13ae103b65a\";}', NULL, '0'),
('7201430585c928822686af3071843170', '2019-09-06 02:39:53', 0, 'a:1:{i:0;s:0:\"\";}', NULL, '0'),
('7293126885d3fb47c5227b1050208725', '2019-09-06 02:40:08', 0, 'a:1:{i:0;s:0:\"\";}', NULL, '0'),
('7474175465c8f4dac447234050977038', '2019-09-06 02:43:21', 0, 'a:1:{i:0;s:0:\"\";}', NULL, '0'),
('7475349035c8660efaf47f5052308797', '2019-09-05 14:07:54', 0, 'a:1:{i:0;s:32:\"5e8ff9bf55ba3508199d22e984129be6\";}', NULL, '0'),
('7610292385c86612287c860012103391', '2019-09-06 02:44:40', 0, 'a:1:{i:0;s:0:\"\";}', NULL, '0'),
('7765270725d565d518fe1a6018454218', '2019-09-06 02:44:54', 0, 'a:1:{i:0;s:0:\"\";}', NULL, '0'),
('8016078385bda58d6b3f2b6024084440', '2018-11-01 01:37:26', 0, 'a:1:{i:0;s:64:\"84e0c0eafaa95a34c293f278ac52e45ce537bab5e752a00e6959a13ae103b65a\";}', NULL, '0'),
('8029862875da67b9b8f6305095172599', '2019-10-16 02:08:27', 1, 'a:1:{i:0;s:64:\"84e0c0eafaa95a34c293f278ac52e45ce537bab5e752a00e6959a13ae103b65a\";}', NULL, '0'),
('8065305425da67a078f34a9043354939', '2019-10-16 02:01:43', 1, 'a:1:{i:0;s:64:\"84e0c0eafaa95a34c293f278ac52e45ce537bab5e752a00e6959a13ae103b65a\";}', NULL, '0'),
('8154080485da6806fddbd66071222267', '2019-10-16 02:29:03', 1, 'a:1:{i:0;s:64:\"84e0c0eafaa95a34c293f278ac52e45ce537bab5e752a00e6959a13ae103b65a\";}', NULL, '0'),
('8171364315d8c329d7a9d16079013163', '2019-09-26 03:38:05', 1, 'a:1:{i:0;s:64:\"84e0c0eafaa95a34c293f278ac52e45ce537bab5e752a00e6959a13ae103b65a\";}', NULL, '0'),
('8197082355c8f4e086fff47015880419', '2019-09-06 02:45:08', 0, 'a:1:{i:0;s:0:\"\";}', NULL, '0'),
('8328875875d8c1e392af352027907764', '2019-09-26 02:11:05', 1, 'a:1:{i:0;s:64:\"84e0c0eafaa95a34c293f278ac52e45ce537bab5e752a00e6959a13ae103b65a\";}', NULL, '0'),
('8340544975da68012201db4019301236', '2019-10-16 02:27:30', 1, 'a:1:{i:0;s:64:\"84e0c0eafaa95a34c293f278ac52e45ce537bab5e752a00e6959a13ae103b65a\";}', NULL, '0'),
('8416593055da67db6d5b5b7048512264', '2019-10-16 02:17:26', 1, 'a:1:{i:0;s:64:\"84e0c0eafaa95a34c293f278ac52e45ce537bab5e752a00e6959a13ae103b65a\";}', NULL, '0'),
('8505999125d8c363cf1b498046911445', '2019-09-26 03:53:32', 1, 'a:1:{i:0;s:64:\"84e0c0eafaa95a34c293f278ac52e45ce537bab5e752a00e6959a13ae103b65a\";}', NULL, '0'),
('8531349125d3fb4b1b00465087302011', '2019-09-06 02:45:53', 0, 'a:1:{i:0;s:0:\"\";}', NULL, '0'),
('8590576455da67fcea62da9061705484', '2019-10-16 02:26:22', 1, 'a:1:{i:0;s:64:\"84e0c0eafaa95a34c293f278ac52e45ce537bab5e752a00e6959a13ae103b65a\";}', NULL, '0'),
('8656287215bda5469942323055388199', '2018-11-01 09:23:11', 0, 'a:1:{i:0;s:64:\"84e0c0eafaa95a34c293f278ac52e45ce537bab5e752a00e6959a13ae103b65a\";}', '{\"enabled_grid\":false}', '0'),
('8746855515c8f4dee1b4988096196525', '2019-09-06 02:46:10', 0, 'a:1:{i:0;s:0:\"\";}', NULL, '0'),
('8792452955da67e49b17296036519968', '2019-10-16 02:19:53', 1, 'a:1:{i:0;s:64:\"84e0c0eafaa95a34c293f278ac52e45ce537bab5e752a00e6959a13ae103b65a\";}', NULL, '0'),
('8795794585d3fb2eb5fafc4022757526', '2019-09-06 02:46:25', 0, 'a:1:{i:0;s:0:\"\";}', NULL, '0'),
('8864665895d566648a93fb0088442728', '2019-09-06 02:46:38', 0, 'a:1:{i:0;s:0:\"\";}', NULL, '0'),
('8865389865da6826cad8b42002476195', '2019-10-16 02:37:32', 0, 'a:1:{i:0;s:64:\"84e0c0eafaa95a34c293f278ac52e45ce537bab5e752a00e6959a13ae103b65a\";}', NULL, '0'),
('8942076125d89d5657401d8092479205', '2019-09-24 08:35:49', 1, 'a:1:{i:0;s:64:\"84e0c0eafaa95a34c293f278ac52e45ce537bab5e752a00e6959a13ae103b65a\";}', NULL, '0'),
('8946535195d5662faf011e6090166947', '2019-09-06 02:46:52', 0, 'a:1:{i:0;s:0:\"\";}', NULL, '0'),
('8961555635da67d3d6e21c5065931492', '2019-10-16 02:15:25', 1, 'a:1:{i:0;s:64:\"84e0c0eafaa95a34c293f278ac52e45ce537bab5e752a00e6959a13ae103b65a\";}', NULL, '0'),
('8997789975d3fb079f12be9078658180', '2019-09-06 02:47:05', 0, 'a:1:{i:0;s:0:\"\";}', NULL, '0'),
('9000221765da67e85c5fa94067275865', '2019-10-16 02:20:53', 1, 'a:1:{i:0;s:64:\"84e0c0eafaa95a34c293f278ac52e45ce537bab5e752a00e6959a13ae103b65a\";}', NULL, '0'),
('9016073965d89d698934963082937670', '2019-09-24 08:40:56', 1, 'a:1:{i:0;s:64:\"84e0c0eafaa95a34c293f278ac52e45ce537bab5e752a00e6959a13ae103b65a\";}', NULL, '0'),
('9025096755d8c2ee51dc718037210041', '2019-09-26 03:22:13', 1, 'a:1:{i:0;s:64:\"84e0c0eafaa95a34c293f278ac52e45ce537bab5e752a00e6959a13ae103b65a\";}', NULL, '0'),
('9025465935da67913e21e12035563892', '2019-10-16 01:57:39', 1, 'a:1:{i:0;s:64:\"84e0c0eafaa95a34c293f278ac52e45ce537bab5e752a00e6959a13ae103b65a\";}', NULL, '0'),
('9070695965d3faf9b2cc299002226454', '2019-09-06 02:47:20', 0, 'a:1:{i:0;s:0:\"\";}', NULL, '0'),
('9122158895d3fb3e813e6c8050519838', '2019-09-06 02:47:32', 0, 'a:1:{i:0;s:0:\"\";}', NULL, '0'),
('9157419215da67d8631b034036378092', '2019-10-16 02:16:38', 1, 'a:1:{i:0;s:64:\"84e0c0eafaa95a34c293f278ac52e45ce537bab5e752a00e6959a13ae103b65a\";}', NULL, '0'),
('9258697065da68161c54456026951941', '2019-10-16 02:33:05', 1, 'a:1:{i:0;s:64:\"84e0c0eafaa95a34c293f278ac52e45ce537bab5e752a00e6959a13ae103b65a\";}', NULL, '0'),
('9272044965d8c2f661a23a4024574885', '2019-09-26 03:24:22', 1, 'a:1:{i:0;s:64:\"84e0c0eafaa95a34c293f278ac52e45ce537bab5e752a00e6959a13ae103b65a\";}', NULL, '0'),
('9321238705c792b13f3c6e0088663160', '2019-03-01 12:52:36', 0, 'a:1:{i:0;s:64:\"84e0c0eafaa95a34c293f278ac52e45ce537bab5e752a00e6959a13ae103b65a\";}', NULL, '0'),
('9329725595da67bd4c81857043935341', '2019-10-16 02:09:24', 1, 'a:1:{i:0;s:64:\"84e0c0eafaa95a34c293f278ac52e45ce537bab5e752a00e6959a13ae103b65a\";}', NULL, '0'),
('9342741515d56660ab93ae9033986900', '2019-09-06 02:47:45', 0, 'a:1:{i:0;s:0:\"\";}', NULL, '0'),
('9365292815c792b9072fda3097556850', '2019-09-05 12:43:03', 0, 'a:1:{i:0;s:32:\"be5d5f628e88bbccc73a7740d0dc73fd\";}', NULL, '0'),
('9372259765d3fb29e806798081160447', '2019-09-06 02:48:19', 0, 'a:1:{i:0;s:0:\"\";}', NULL, '0'),
('9532802645da680cec04a50056308282', '2019-10-16 02:30:38', 1, 'a:1:{i:0;s:64:\"84e0c0eafaa95a34c293f278ac52e45ce537bab5e752a00e6959a13ae103b65a\";}', NULL, '0'),
('9547519345ca4b60b08cd27063022816', '2019-09-06 02:48:37', 0, 'a:1:{i:0;s:0:\"\";}', NULL, '0'),
('9564667245da681317ec022015945563', '2019-10-16 02:32:17', 1, 'a:1:{i:0;s:64:\"84e0c0eafaa95a34c293f278ac52e45ce537bab5e752a00e6959a13ae103b65a\";}', NULL, '0'),
('9593112755da67de14330d4040899894', '2019-10-16 02:18:09', 1, 'a:1:{i:0;s:64:\"84e0c0eafaa95a34c293f278ac52e45ce537bab5e752a00e6959a13ae103b65a\";}', NULL, '0'),
('9622487665da67876e23f19066471657', '2019-10-16 01:55:02', 1, 'a:1:{i:0;s:64:\"84e0c0eafaa95a34c293f278ac52e45ce537bab5e752a00e6959a13ae103b65a\";}', NULL, '0'),
('9670424635d3fb5125b9952098291574', '2019-09-06 02:48:50', 0, 'a:1:{i:0;s:0:\"\";}', NULL, '0'),
('9688651985c9287fd6dd871096977822', '2019-09-06 02:49:29', 0, 'a:1:{i:0;s:0:\"\";}', NULL, '0'),
('9718428045d89d5ff633628034005749', '2019-09-24 08:38:23', 1, 'a:1:{i:0;s:64:\"84e0c0eafaa95a34c293f278ac52e45ce537bab5e752a00e6959a13ae103b65a\";}', NULL, '0'),
('9733734955bda5957591b88026488524', '2019-10-22 22:36:02', 0, 'a:1:{i:0;s:0:\"\";}', NULL, '0'),
('9750851565da67f93a138d6092722198', '2019-10-16 02:25:23', 1, 'a:1:{i:0;s:64:\"84e0c0eafaa95a34c293f278ac52e45ce537bab5e752a00e6959a13ae103b65a\";}', NULL, '0'),
('9797748935da67cb12dcc75039479432', '2019-10-16 02:13:05', 1, 'a:1:{i:0;s:64:\"84e0c0eafaa95a34c293f278ac52e45ce537bab5e752a00e6959a13ae103b65a\";}', NULL, '0'),
('9803445305d89d47bc64b09062203223', '2019-09-24 08:31:55', 1, 'a:1:{i:0;s:64:\"84e0c0eafaa95a34c293f278ac52e45ce537bab5e752a00e6959a13ae103b65a\";}', NULL, '0'),
('9946648105d5661fe376241087092671', '2019-09-06 02:50:06', 0, 'a:1:{i:0;s:0:\"\";}', NULL, '0');

--
-- Indexes for dumped tables
--

--
-- Indexes for table `GROUPWF`
--
ALTER TABLE `GROUPWF`
  ADD PRIMARY KEY (`GRP_UID`),
  ADD UNIQUE KEY `GRP_ID` (`GRP_ID`);

--
-- Indexes for table `GROUP_USER`
--
ALTER TABLE `GROUP_USER`
  ADD PRIMARY KEY (`GRP_UID`,`USR_UID`),
  ADD KEY `indexForUsrUid` (`USR_UID`),
  ADD KEY `INDEX_GRP_ID` (`GRP_ID`);

--
-- Indexes for table `RBAC_USERS`
--
ALTER TABLE `RBAC_USERS`
  ADD PRIMARY KEY (`USR_UID`);

--
-- Indexes for table `RBAC_USERS_ROLES`
--
ALTER TABLE `RBAC_USERS_ROLES`
  ADD PRIMARY KEY (`USR_UID`,`ROL_UID`);

--
-- Indexes for table `USERS`
--
ALTER TABLE `USERS`
  ADD PRIMARY KEY (`USR_UID`),
  ADD UNIQUE KEY `INDEX_USR_ID` (`USR_ID`),
  ADD KEY `indexUsrUid` (`USR_UID`),
  ADD KEY `indexUsrStatus` (`USR_STATUS`),
  ADD KEY `indexUsrStatusId` (`USR_STATUS_ID`);

--
-- Indexes for table `USERS_PROPERTIES`
--
ALTER TABLE `USERS_PROPERTIES`
  ADD PRIMARY KEY (`USR_UID`);

--
-- AUTO_INCREMENT for dumped tables
--

--
-- AUTO_INCREMENT for table `GROUPWF`
--
ALTER TABLE `GROUPWF`
  MODIFY `GRP_ID` int(11) NOT NULL AUTO_INCREMENT, AUTO_INCREMENT=7;

--
-- AUTO_INCREMENT for table `USERS`
--
ALTER TABLE `USERS`
  MODIFY `USR_ID` int(11) NOT NULL AUTO_INCREMENT, AUTO_INCREMENT=171;
COMMIT;

/*!40101 SET CHARACTER_SET_CLIENT=@OLD_CHARACTER_SET_CLIENT */;
/*!40101 SET CHARACTER_SET_RESULTS=@OLD_CHARACTER_SET_RESULTS */;
/*!40101 SET COLLATION_CONNECTION=@OLD_COLLATION_CONNECTION */;
